# Blender 4.2.0
# www.blender.org
mtllib ciudad_texturizada.mtl
o Plane.030
v -99.093559 8.408667 -79.601830
v -116.590202 8.408667 -21.398769
v -122.303368 8.408667 45.017002
v -109.805786 8.408667 95.007355
v -43.032932 8.408667 102.505859
v 25.882343 8.408667 100.006386
v 73.016090 8.408667 92.864906
v 98.368332 8.408667 38.589661
v 108.009369 8.408667 -23.541227
v 82.657112 8.408667 -89.599899
v 16.598394 8.408667 -96.384315
v -25.893396 8.408667 -96.741386
v -97.073746 8.408667 -77.124664
v -114.004860 8.408667 -20.802807
v -119.644859 8.408667 44.762249
v -107.750999 8.408667 92.337723
v -42.942413 8.408667 99.615639
v 25.659250 8.408667 97.127541
v 71.304802 8.408667 90.211540
v 95.848732 8.408667 37.666759
v 105.292976 8.408667 -23.195915
v 80.849106 8.408667 -86.887657
v 16.466022 8.408667 -93.499977
v -25.626863 8.408667 -93.853691
v -97.073746 -5.913095 -77.124664
v -114.004860 -5.913095 -20.802807
v -119.644859 -5.913095 44.762249
v -107.750999 -5.913095 92.337723
v -42.942413 -5.913095 99.615639
v 25.659250 -5.913095 97.127541
v 71.304802 -5.913095 90.211540
v 95.848732 -5.913095 37.666759
v 105.292976 -5.913095 -23.195915
v 80.849106 -5.913095 -86.887657
v 16.466022 -5.913095 -93.499977
v -25.626863 -5.913095 -93.853691
v -99.093559 -5.913095 -79.601830
v -116.590202 -5.913095 -21.398769
v -122.303368 -5.913095 45.017002
v -109.805786 -5.913095 95.007355
v -43.032932 -5.913095 102.505859
v 25.882343 -5.913095 100.006386
v 73.016090 -5.913095 92.864906
v 98.368332 -5.913095 38.589661
v 108.009369 -5.913095 -23.541227
v 82.657112 -5.913095 -89.599899
v 16.598394 -5.913095 -96.384315
v -25.893396 -5.913095 -96.741386
v 97.197922 8.408667 28.972088
v 98.547096 8.408667 20.277418
v 99.896263 8.408667 11.582752
v 101.245445 8.408667 2.888086
v 102.594627 8.408667 -5.806583
v 103.943810 8.408667 -14.501248
v 99.745636 8.408667 29.713814
v 101.122917 8.408667 20.837971
v 102.500214 8.408667 11.962132
v 103.877502 8.408667 3.086292
v 105.254784 8.408667 -5.789548
v 106.632088 8.408667 -14.665386
v 97.197922 -5.913095 28.972088
v 98.547096 -5.913095 20.277418
v 99.896263 -5.913095 11.582752
v 101.245445 -5.913095 2.888086
v 102.594627 -5.913095 -5.806583
v 103.943810 -5.913095 -14.501248
v 99.745636 -5.913095 29.713814
v 101.122917 -5.913095 20.837971
v 102.500214 -5.913095 11.962132
v 103.877502 -5.913095 3.086292
v 105.254784 -5.913095 -5.789548
v 106.632088 -5.913095 -14.665386
v 108.009369 4.828226 -23.541227
v 108.009369 1.247786 -23.541227
v 108.009369 -2.332654 -23.541227
v 98.368332 -2.332654 38.589661
v 98.368332 1.247786 38.589661
v 98.368332 4.828226 38.589661
v -116.590202 4.828226 -21.398769
v -116.590202 1.247786 -21.398769
v -116.590202 -2.332654 -21.398769
v -99.093559 -2.332654 -79.601830
v -99.093559 1.247786 -79.601830
v -99.093559 4.828226 -79.601830
v 82.657112 4.828226 -89.599899
v 82.657112 1.247786 -89.599899
v 82.657112 -2.332654 -89.599899
v -122.303368 4.828226 45.017002
v -122.303368 1.247786 45.017002
v -122.303368 -2.332654 45.017002
v 16.598394 4.828226 -96.384315
v 16.598394 1.247786 -96.384315
v 16.598394 -2.332654 -96.384315
v -109.805786 4.828226 95.007355
v -109.805786 1.247786 95.007355
v -109.805786 -2.332654 95.007355
v -25.893396 4.828226 -96.741386
v -25.893396 1.247786 -96.741386
v -25.893396 -2.332654 -96.741386
v -43.032932 4.828226 102.505859
v -43.032932 1.247786 102.505859
v -43.032932 -2.332654 102.505859
v 25.882343 4.828226 100.006386
v 25.882343 1.247786 100.006386
v 25.882343 -2.332654 100.006386
v 73.016090 4.828226 92.864906
v 73.016090 1.247786 92.864906
v 73.016090 -2.332654 92.864906
v 99.745636 4.828226 29.713814
v 99.745636 1.247786 29.713814
v 99.745636 -2.332654 29.713814
v 101.122917 4.828226 20.837971
v 101.122917 1.247786 20.837971
v 101.122917 -2.332654 20.837971
v 102.500214 4.828226 11.962132
v 102.500214 1.247786 11.962132
v 102.500214 -2.332654 11.962132
v 103.877502 4.828226 3.086292
v 103.877502 1.247786 3.086292
v 103.877502 -2.332654 3.086292
v 105.254784 4.828226 -5.789548
v 105.254784 1.247786 -5.789548
v 105.254784 -2.332654 -5.789548
v 106.632088 4.828226 -14.665386
v 106.632088 1.247786 -14.665386
v 106.632088 -2.332654 -14.665386
v -25.626863 4.828226 -93.853691
v -25.626863 1.247786 -93.853691
v -25.626863 -2.332654 -93.853691
v -97.073746 -2.332654 -77.124664
v -97.073746 1.247786 -77.124664
v -97.073746 4.828226 -77.124664
v -42.942413 4.828226 99.615639
v -42.942413 1.247786 99.615639
v -42.942413 -2.332654 99.615639
v 25.659250 -2.332654 97.127541
v 25.659250 1.247786 97.127541
v 25.659250 4.828226 97.127541
v 71.304802 -2.332654 90.211540
v 71.304802 1.247786 90.211540
v 71.304802 4.828226 90.211540
v 95.848732 -2.332654 37.666759
v 95.848732 1.247786 37.666759
v 95.848732 4.828226 37.666759
v 105.292976 -2.332654 -23.195915
v 105.292976 1.247786 -23.195915
v 105.292976 4.828226 -23.195915
v -114.004860 -2.332654 -20.802807
v -114.004860 1.247786 -20.802807
v -114.004860 4.828226 -20.802807
v 80.849106 -2.332654 -86.887657
v 80.849106 1.247786 -86.887657
v 80.849106 4.828226 -86.887657
v -119.644859 -2.332654 44.762249
v -119.644859 1.247786 44.762249
v -119.644859 4.828226 44.762249
v 16.466022 -2.332654 -93.499977
v 16.466022 1.247786 -93.499977
v 16.466022 4.828226 -93.499977
v -107.750999 -2.332654 92.337723
v -107.750999 1.247786 92.337723
v -107.750999 4.828226 92.337723
v 103.943810 4.828226 -14.501248
v 103.943810 1.247786 -14.501248
v 103.943810 -2.332654 -14.501248
v 102.594627 4.828226 -5.806583
v 102.594627 1.247786 -5.806583
v 102.594627 -2.332654 -5.806583
v 101.245445 4.828226 2.888086
v 101.245445 1.247786 2.888086
v 101.245445 -2.332654 2.888086
v 99.896263 4.828226 11.582752
v 99.896263 1.247786 11.582752
v 99.896263 -2.332654 11.582752
v 98.547096 4.828226 20.277418
v 98.547096 1.247786 20.277418
v 98.547096 -2.332654 20.277418
v 97.197922 4.828226 28.972088
v 97.197922 1.247786 28.972088
v 97.197922 -2.332654 28.972088
v -115.132858 8.408667 -7.689796
v -116.260857 8.408667 5.423215
v -117.388863 8.408667 18.536226
v -118.516861 8.408667 31.649239
v -117.732826 8.408667 -8.115617
v -118.875465 8.408667 5.167539
v -120.018097 8.408667 18.450693
v -121.160728 8.408667 31.733849
v -115.132858 -5.913095 -7.689796
v -116.260857 -5.913095 5.423215
v -117.388863 -5.913095 18.536226
v -118.516861 -5.913095 31.649239
v -117.732826 -5.913095 -8.115617
v -118.875465 -5.913095 5.167539
v -120.018097 -5.913095 18.450693
v -121.160728 -5.913095 31.733849
v -121.160736 4.828226 31.733849
v -120.018097 4.828226 18.450693
v -118.875465 4.828226 5.167539
v -117.732834 4.828226 -8.115617
v -121.160736 1.247786 31.733849
v -120.018097 1.247786 18.450693
v -118.875465 1.247786 5.167539
v -117.732834 1.247786 -8.115617
v -121.160736 -2.332654 31.733849
v -120.018097 -2.332654 18.450693
v -118.875465 -2.332654 5.167539
v -117.732834 -2.332654 -8.115617
v -115.132858 4.828226 -7.689796
v -116.260857 4.828226 5.423215
v -117.388863 4.828226 18.536226
v -118.516861 4.828226 31.649239
v -115.132858 1.247786 -7.689796
v -116.260857 1.247786 5.423215
v -117.388863 1.247786 18.536226
v -118.516861 1.247786 31.649239
v -115.132858 -2.332654 -7.689796
v -116.260857 -2.332654 5.423215
v -117.388863 -2.332654 18.536226
v -118.516861 -2.332654 31.649239
v -105.539307 8.408667 -48.963737
v -119.080856 8.408667 38.205742
v -113.697929 8.408667 68.549988
v -75.346710 8.408667 95.976685
v -8.641582 8.408667 98.371590
v 48.482025 8.408667 93.669540
v 83.576767 8.408667 63.939148
v 104.618393 8.408667 -18.848583
v 93.071045 8.408667 -55.041786
v 48.657566 8.408667 -90.193817
v -4.580418 8.408667 -93.676834
v -61.350296 8.408667 -85.489174
v -107.841881 8.408667 -50.500298
v -121.732048 8.408667 38.375427
v -116.054581 8.408667 70.012177
v -76.419357 8.408667 98.756607
v -8.575294 8.408667 101.256119
v 49.449219 8.408667 96.435646
v 85.692215 8.408667 65.727280
v 107.320724 8.408667 -19.103308
v 95.333237 8.408667 -56.570560
v 49.627754 8.408667 -92.992111
v -4.647500 8.408667 -96.562851
v -62.493477 8.408667 -88.171616
v -115.297531 8.408667 -21.100788
v -98.083649 8.408667 -78.363251
v -120.974113 8.408667 44.889626
v -108.778397 8.408667 93.672539
v -42.987671 8.408667 101.060745
v 25.770798 8.408667 98.566963
v 72.160446 8.408667 91.538223
v 97.108536 8.408667 38.128212
v 106.651169 8.408667 -23.368572
v 81.753113 8.408667 -88.243774
v 16.532207 8.408667 -94.942146
v -25.760128 8.408667 -95.297546
v -105.539307 -5.913095 -48.963737
v -119.080856 -5.913095 38.205742
v -113.697929 -5.913095 68.549988
v -75.346710 -5.913095 95.976685
v -8.641582 -5.913095 98.371590
v 48.482025 -5.913095 93.669540
v 83.576767 -5.913095 63.939148
v 104.618393 -5.913095 -18.848583
v 93.071045 -5.913095 -55.041786
v 48.657566 -5.913095 -90.193817
v -4.580419 -5.913095 -93.676834
v -61.350304 -5.913095 -85.489182
v -107.841881 -5.913095 -50.500298
v -121.732048 -5.913095 38.375427
v -116.054581 -5.913095 70.012177
v -76.419357 -5.913095 98.756607
v -8.575294 -5.913095 101.256119
v 49.449219 -5.913095 96.435646
v 85.692215 -5.913095 65.727280
v 107.320724 -5.913095 -19.103308
v 95.333237 -5.913095 -56.570560
v 49.627754 -5.913095 -92.992111
v -4.647500 -5.913095 -96.562851
v -62.493477 -5.913095 -88.171608
v -115.297531 -5.913095 -21.100788
v -98.083649 -5.913095 -78.363251
v -120.974113 -5.913095 44.889626
v -108.778397 -5.913095 93.672539
v -42.987671 -5.913095 101.060745
v 25.770798 -5.913095 98.566963
v 72.160446 -5.913095 91.538223
v 97.108536 -5.913095 38.128212
v 106.651169 -5.913095 -23.368572
v 81.753113 -5.913095 -88.243774
v 16.532207 -5.913095 -94.942146
v -25.760130 -5.913095 -95.297539
v -25.626863 -4.122874 -93.853691
v -97.073746 6.618446 -77.124664
v -42.942413 -4.122874 99.615639
v 25.659250 6.618446 97.127541
v 108.009369 -4.122874 -23.541227
v 98.368332 6.618446 38.589661
v -116.590202 -4.122874 -21.398769
v -99.093559 6.618446 -79.601822
v 71.304802 6.618446 90.211540
v 82.657112 -4.122874 -89.599899
v -122.303368 -4.122874 45.017002
v 95.848732 6.618446 37.666759
v 16.598394 -4.122874 -96.384315
v -109.805786 -4.122874 95.007355
v 105.292976 6.618446 -23.195915
v -25.893396 -4.122874 -96.741386
v -114.004860 6.618446 -20.802807
v -43.032932 -4.122874 102.505859
v 80.849106 6.618446 -86.887657
v -119.644859 6.618446 44.762249
v 25.882343 -4.122874 100.006386
v 16.466022 6.618446 -93.499977
v -107.750999 6.618446 92.337723
v 73.016090 -4.122874 92.864906
v 96.523331 8.408667 33.319427
v 97.872513 8.408667 24.624752
v 99.221680 8.408667 15.930085
v 100.570854 8.408667 7.235419
v 101.920036 8.408667 -1.459249
v 103.269218 8.408667 -10.153916
v 99.056984 8.408667 34.151741
v 100.434280 8.408667 25.275892
v 101.811569 8.408667 16.400051
v 103.188858 8.408667 7.524212
v 104.566147 8.408667 -1.351628
v 105.943436 8.408667 -10.227468
v 96.523331 -5.913095 33.319427
v 97.872513 -5.913095 24.624752
v 99.221672 -5.913095 15.930085
v 101.920029 -5.913095 -1.459249
v 103.269218 -5.913095 -10.153916
v 99.056984 -5.913095 34.151741
v 100.434280 -5.913095 25.275892
v 101.811562 -5.913095 16.400051
v 104.566147 -5.913095 -1.351628
v 105.943436 -5.913095 -10.227468
v 103.943810 -4.122874 -14.501248
v 102.594627 -4.122874 -5.806583
v 101.245438 -4.122875 2.888086
v 99.896255 -4.122875 11.582752
v 98.547089 -4.122875 20.277418
v 97.197922 -4.122874 28.972088
v 99.745636 -4.122874 29.713814
v 101.122917 -4.122874 20.837971
v 102.500206 -4.122875 11.962133
v 103.877487 -4.122875 3.086292
v 105.254784 -4.122875 -5.789548
v 106.632088 -4.122874 -14.665386
v 105.287949 -5.913095 -14.583318
v 103.924706 -5.913095 -5.798066
v 102.561462 -5.913095 2.987189
v 101.198235 -5.913095 11.772443
v 99.835007 -5.913095 20.557695
v 98.471779 -5.913095 29.342951
v 105.287949 8.408667 -14.583318
v 103.924706 8.408667 -5.798066
v 102.561478 8.408667 2.987189
v 101.198242 8.408667 11.772443
v 99.835007 8.408667 20.557693
v 98.471779 8.408667 29.342951
v 108.009369 6.618446 -23.541227
v 108.009369 3.038006 -23.541227
v 108.009369 -0.542434 -23.541227
v 98.368332 -4.122874 38.589661
v 98.368332 -0.542434 38.589661
v 98.368332 3.038006 38.589661
v -116.590202 6.618446 -21.398769
v -116.590202 3.038006 -21.398769
v -116.590202 -0.542434 -21.398769
v -99.093559 -4.122874 -79.601830
v -99.093559 -0.542434 -79.601830
v -99.093559 3.038006 -79.601830
v 82.657112 6.618446 -89.599899
v 82.657112 3.038006 -89.599899
v 82.657112 -0.542434 -89.599899
v -122.303368 6.618446 45.017002
v -122.303368 3.038006 45.017002
v -122.303368 -0.542434 45.017002
v 16.598394 6.618446 -96.384323
v 16.598394 3.038006 -96.384315
v 16.598394 -0.542434 -96.384315
v -109.805786 6.618446 95.007355
v -109.805786 3.038006 95.007355
v -109.805786 -0.542434 95.007355
v -25.893394 6.618446 -96.741386
v -25.893396 3.038006 -96.741386
v -25.893396 -0.542434 -96.741386
v -43.032932 6.618446 102.505859
v -43.032932 3.038006 102.505859
v -43.032932 -0.542434 102.505859
v 25.882343 6.618446 100.006386
v 25.882343 3.038006 100.006386
v 25.882343 -0.542434 100.006386
v 73.016090 6.618446 92.864906
v 73.016090 3.038006 92.864906
v 73.016090 -0.542434 92.864906
v 99.745636 6.618446 29.713814
v 99.745636 3.038006 29.713814
v 99.745636 -0.542434 29.713814
v 101.122917 6.618446 20.837971
v 101.122917 3.038006 20.837971
v 101.122917 -0.542434 20.837971
v 102.500214 6.618446 11.962132
v 102.500206 3.038006 11.962133
v 102.500206 -0.542434 11.962133
v 103.877502 6.618446 3.086292
v 103.877487 3.038006 3.086292
v 103.877487 -0.542434 3.086292
v 105.254784 6.618446 -5.789548
v 105.254784 3.038006 -5.789548
v 105.254784 -0.542434 -5.789548
v 106.632088 6.618446 -14.665386
v 106.632088 3.038006 -14.665386
v 106.632088 -0.542434 -14.665386
v 105.943436 4.828226 -10.227468
v 105.943436 1.247786 -10.227468
v 105.943436 -2.332654 -10.227468
v 104.566147 4.828226 -1.351628
v 104.566147 1.247786 -1.351628
v 104.566147 -2.332654 -1.351628
v 103.188858 4.828226 7.524212
v 103.188858 1.247786 7.524213
v 101.811569 4.828226 16.400051
v 101.811562 1.247786 16.400051
v 101.811562 -2.332654 16.400051
v 100.434280 4.828226 25.275892
v 100.434280 1.247786 25.275892
v 100.434280 -2.332654 25.275892
v 99.056984 4.828226 34.151741
v 99.056984 1.247786 34.151741
v 99.056984 -2.332654 34.151741
v 85.692215 4.828226 65.727280
v 85.692215 1.247786 65.727280
v 85.692215 -2.332654 65.727280
v 49.449219 4.828226 96.435646
v 49.449219 1.247786 96.435646
v 49.449219 -2.332654 96.435646
v -8.575294 4.828226 101.256119
v -8.575294 1.247786 101.256119
v -8.575294 -2.332654 101.256119
v -62.493477 4.828227 -88.171616
v -62.493477 1.247786 -88.171608
v -62.493477 -2.332654 -88.171608
v -76.419357 4.828226 98.756607
v -76.419357 1.247786 98.756607
v -76.419357 -2.332654 98.756607
v -4.647499 4.828227 -96.562851
v -4.647500 1.247786 -96.562851
v -4.647500 -2.332654 -96.562851
v -116.054581 4.828226 70.012177
v -116.054581 1.247786 70.012177
v -116.054581 -2.332654 70.012177
v 49.627754 4.828226 -92.992111
v 49.627754 1.247786 -92.992111
v 49.627754 -2.332654 -92.992111
v -117.161514 4.828226 -14.757194
v -117.161514 1.247786 -14.757194
v -117.161514 -2.332654 -14.757194
v 95.333237 4.828226 -56.570560
v 95.333237 1.247786 -56.570560
v 95.333237 -2.332654 -56.570560
v -107.841881 4.828226 -50.500298
v -107.841881 1.247786 -50.500298
v -107.841881 -2.332654 -50.500298
v 107.320724 4.828226 -19.103308
v 107.320724 1.247786 -19.103308
v 107.320724 -2.332654 -19.103308
v -25.626863 6.618446 -93.853691
v -25.626863 3.038006 -93.853691
v -25.626863 -0.542434 -93.853691
v -97.073746 -4.122874 -77.124664
v -97.073746 -0.542434 -77.124664
v -97.073746 3.038006 -77.124664
v -42.942413 6.618446 99.615639
v -42.942413 3.038006 99.615639
v -42.942413 -0.542434 99.615639
v 25.659250 -4.122874 97.127541
v 25.659250 -0.542434 97.127541
v 25.659250 3.038006 97.127541
v 71.304802 -4.122874 90.211540
v 71.304802 -0.542434 90.211540
v 71.304802 3.038006 90.211540
v 95.848732 -4.122874 37.666759
v 95.848732 -0.542434 37.666759
v 95.848732 3.038006 37.666759
v 105.292976 -4.122874 -23.195915
v 105.292976 -0.542434 -23.195915
v 105.292976 3.038006 -23.195915
v -114.004860 -4.122874 -20.802807
v -114.004860 -0.542434 -20.802807
v -114.004860 3.038006 -20.802807
v 80.849106 -4.122874 -86.887657
v 80.849106 -0.542434 -86.887657
v 80.849106 3.038006 -86.887657
v -119.644859 -4.122874 44.762249
v -119.644859 -0.542434 44.762249
v -119.644859 3.038006 44.762249
v 16.466022 -4.122874 -93.499977
v 16.466022 -0.542434 -93.499977
v 16.466022 3.038006 -93.499977
v -107.750999 -4.122874 92.337723
v -107.750999 -0.542434 92.337723
v -107.750999 3.038006 92.337723
v 103.943810 6.618446 -14.501248
v 103.943810 3.038006 -14.501248
v 103.943810 -0.542434 -14.501248
v 102.594627 6.618446 -5.806583
v 102.594627 3.038006 -5.806584
v 102.594627 -0.542434 -5.806584
v 101.245445 6.618446 2.888086
v 101.245438 3.038006 2.888086
v 101.245438 -0.542434 2.888086
v 99.896263 6.618446 11.582752
v 99.896255 3.038006 11.582752
v 99.896255 -0.542434 11.582752
v 98.547096 6.618446 20.277418
v 98.547096 3.038006 20.277418
v 98.547096 -0.542434 20.277418
v 97.197922 6.618446 28.972088
v 97.197922 3.038006 28.972088
v 97.197922 -0.542434 28.972088
v 97.872513 4.828226 24.624752
v 97.872513 1.247786 24.624752
v 97.872513 -2.332654 24.624752
v 99.221680 4.828226 15.930085
v 99.221672 1.247786 15.930085
v 99.221672 -2.332654 15.930085
v 100.570854 4.828226 7.235419
v 100.570854 1.247786 7.235419
v 101.920036 4.828226 -1.459249
v 101.920029 1.247786 -1.459249
v 101.920029 -2.332654 -1.459249
v 103.269218 4.828226 -10.153916
v 103.269218 1.247786 -10.153916
v 103.269218 -2.332654 -10.153916
v 104.618393 4.828226 -18.848583
v 104.618393 1.247786 -18.848583
v 104.618393 -2.332654 -18.848583
v -75.346710 4.828226 95.976685
v -75.346710 1.247786 95.976685
v -75.346710 -2.332654 95.976685
v -4.580419 4.828226 -93.676834
v -4.580419 1.247786 -93.676834
v -4.580419 -2.332654 -93.676834
v -113.697929 4.828226 68.549988
v -113.697929 1.247786 68.549988
v -113.697929 -2.332654 68.549988
v 48.657566 4.828226 -90.193817
v 48.657566 1.247786 -90.193817
v 48.657566 -2.332654 -90.193817
v -119.080856 4.828226 38.205742
v -119.080856 1.247786 38.205742
v -119.080856 -2.332654 38.205742
v 93.071045 4.828226 -55.041786
v 93.071045 1.247786 -55.041786
v 93.071045 -2.332654 -55.041786
v -105.539307 4.828226 -48.963737
v -105.539307 1.247786 -48.963737
v -105.539307 -2.332654 -48.963737
v 96.523331 4.828226 33.319427
v 96.523331 1.247786 33.319427
v 96.523331 -2.332654 33.319427
v 83.576767 4.828226 63.939148
v 83.576767 1.247786 63.939148
v 83.576767 -2.332654 63.939148
v 48.482025 4.828226 93.669540
v 48.482025 1.247786 93.669540
v 48.482025 -2.332654 93.669540
v -8.641582 4.828226 98.371590
v -8.641582 1.247786 98.371590
v -8.641582 -2.332654 98.371590
v -61.350304 4.828226 -85.489182
v -61.350304 1.247786 -85.489182
v -61.350304 -2.332654 -85.489182
v 101.198227 1.247786 11.772441
v 102.561462 1.247786 2.987189
v -114.568863 8.408667 -14.246303
v -115.696854 8.408667 -1.133290
v -116.824860 8.408667 11.979720
v -117.952866 8.408667 25.092731
v -117.161514 8.408667 -14.757194
v -118.304146 8.408667 -1.474038
v -119.446777 8.408667 11.809115
v -120.589417 8.408667 25.092270
v -114.568863 -5.913095 -14.246303
v -115.696854 -5.913095 -1.133290
v -117.952866 -5.913095 25.092733
v -117.161514 -5.913095 -14.757194
v -118.304146 -5.913095 -1.474038
v -120.589417 -5.913095 25.092270
v -121.732056 4.828226 38.375427
v -120.589417 4.828227 25.092270
v -119.446777 4.828227 11.809115
v -118.304153 4.828227 -1.474038
v -121.732056 1.247786 38.375427
v -120.589417 1.247786 25.092270
v -119.446777 1.247786 11.809115
v -118.304153 1.247786 -1.474038
v -121.732056 -2.332654 38.375427
v -120.589417 -2.332654 25.092270
v -118.304153 -2.332654 -1.474038
v -114.568863 4.828226 -14.246303
v -115.696854 4.828227 -1.133290
v -116.824860 4.828227 11.979720
v -117.952866 4.828227 25.092733
v -114.568863 1.247786 -14.246303
v -115.696854 1.247786 -1.133290
v -116.824860 1.247786 11.979720
v -117.952866 1.247786 25.092733
v -114.568863 -2.332654 -14.246303
v -115.696854 -2.332654 -1.133290
v -117.952866 -2.332654 25.092733
v -118.516861 -0.542434 31.649239
v -117.388863 -0.542434 18.536226
v -116.260857 -0.542434 5.423215
v -115.132858 -0.542434 -7.689796
v -118.516861 3.038006 31.649239
v -117.388863 3.038006 18.536226
v -116.260857 3.038006 5.423215
v -115.132858 3.038006 -7.689796
v -118.516861 6.618446 31.649239
v -117.388863 6.618446 18.536226
v -116.260857 6.618446 5.423215
v -115.132858 6.618446 -7.689796
v -117.732834 -0.542434 -8.115617
v -118.875465 -0.542434 5.167539
v -120.018089 -0.542434 18.450693
v -121.160736 -0.542434 31.733849
v -117.732834 3.038006 -8.115617
v -118.875465 3.038006 5.167539
v -120.018089 3.038006 18.450693
v -121.160736 3.038006 31.733849
v -117.732834 6.618446 -8.115617
v -118.875465 6.618446 5.167539
v -120.018097 6.618446 18.450693
v -121.160736 6.618446 31.733849
v -118.516861 -4.122874 31.649239
v -117.388863 -4.122875 18.536226
v -116.260857 -4.122875 5.423215
v -115.132858 -4.122874 -7.689796
v -117.732834 -4.122874 -8.115617
v -118.875465 -4.122875 5.167539
v -120.018089 -4.122875 18.450693
v -121.160736 -4.122874 31.733849
v -119.838791 -5.913095 31.691544
v -118.703476 -5.913095 18.493460
v -117.568161 -5.913095 5.295377
v -116.432846 -5.913095 -7.902706
v -119.838791 8.408667 31.691544
v -118.703476 8.408667 18.493460
v -117.568161 8.408667 5.295377
v -116.432846 8.408667 -7.902706
v -117.568146 1.247786 5.295377
v -118.703476 1.247786 18.493460
v -106.690590 -5.913095 -49.732018
v -106.690590 8.408667 -49.732018
v -115.865189 8.408667 -14.501748
v -114.876251 8.408667 69.281082
v -75.883034 8.408667 97.366646
v -8.608438 8.408667 99.813850
v 48.965618 8.408667 95.052589
v 84.634483 8.408667 64.833214
v 97.790161 8.408667 33.735580
v 94.202141 8.408667 -55.806175
v 49.142662 8.408667 -91.592957
v -4.613958 8.408667 -95.119835
v -61.921883 8.408667 -86.830391
v -115.865189 -5.913095 -14.501747
v -114.876251 -5.913095 69.281082
v -75.883026 -5.913095 97.366638
v -8.608437 -5.913095 99.813850
v 48.965618 -5.913095 95.052589
v 84.634483 -5.913095 64.833214
v 97.790161 -5.913095 33.735580
v 94.202141 -5.913095 -55.806171
v 49.142658 -5.913095 -91.592957
v -4.613960 -5.913095 -95.119835
v -61.921886 -5.913095 -86.830391
v -61.350304 -4.122874 -85.489174
v -8.641581 -4.122874 98.371582
v 107.320724 -4.122874 -19.103306
v -107.841881 -4.122874 -50.500301
v 48.482025 -4.122874 93.669533
v 95.333237 -4.122874 -56.570560
v -121.732048 -4.122874 38.375423
v 83.576767 -4.122874 63.939148
v 49.627758 -4.122874 -92.992104
v -116.054573 -4.122874 70.012177
v 96.523323 -4.122874 33.319424
v -4.647499 -4.122874 -96.562851
v -105.539291 -4.122874 -48.963734
v -76.419357 -4.122874 98.756607
v 93.071037 -4.122874 -55.041782
v -62.493469 -4.122874 -88.171608
v -114.568855 -4.122874 -14.246302
v -8.575295 -4.122874 101.256119
v 48.657562 -4.122874 -90.193817
v -113.697929 -4.122874 68.549980
v 49.449215 -4.122874 96.435646
v -4.580420 -4.122874 -93.676826
v -75.346703 -4.122874 95.976685
v 85.692207 -4.122874 65.727280
v 104.618393 -4.122874 -18.848581
v 103.269218 -4.122874 -10.153915
v 101.920021 -4.122874 -1.459249
v 99.221672 -4.122874 15.930086
v 97.872513 -4.122874 24.624752
v 99.056984 -4.122874 34.151737
v 100.434273 -4.122874 25.275892
v 101.811569 -4.122874 16.400049
v 104.566139 -4.122874 -1.351628
v 105.943428 -4.122874 -10.227467
v 105.969551 -5.913095 -18.975945
v 104.606323 -5.913095 -10.190692
v 103.243080 -5.913095 -1.405438
v 100.516609 -5.913095 16.165068
v 99.153389 -5.913095 24.950321
v 105.969559 8.408667 -18.975945
v 104.606323 8.408667 -10.190692
v 103.243088 8.408667 -1.405438
v 101.879852 8.408667 7.379816
v 100.516617 8.408667 16.165068
v 99.153389 8.408667 24.950321
v 105.943428 6.618446 -10.227467
v 105.943428 3.038006 -10.227467
v 105.943428 -0.542434 -10.227467
v 104.566139 6.618446 -1.351628
v 104.566139 3.038006 -1.351628
v 104.566139 -0.542434 -1.351628
v 103.188858 6.618446 7.524212
v 103.188843 3.038006 7.524213
v 101.811562 6.618446 16.400051
v 101.811569 3.038006 16.400049
v 101.811569 -0.542434 16.400049
v 100.434273 6.618446 25.275892
v 100.434273 3.038006 25.275892
v 100.434273 -0.542434 25.275892
v 99.056984 6.618446 34.151737
v 99.056984 3.038006 34.151737
v 99.056984 -0.542434 34.151737
v 85.692207 6.618446 65.727280
v 85.692207 3.038006 65.727280
v 85.692207 -0.542434 65.727280
v 49.449215 6.618446 96.435646
v 49.449215 3.038006 96.435646
v 49.449215 -0.542434 96.435646
v -8.575295 6.618446 101.256119
v -8.575295 3.038006 101.256119
v -8.575295 -0.542434 101.256119
v -62.493469 6.618446 -88.171600
v -62.493469 3.038006 -88.171608
v -62.493469 -0.542434 -88.171608
v -76.419357 6.618446 98.756607
v -76.419357 3.038006 98.756607
v -76.419357 -0.542434 98.756607
v -4.647499 6.618446 -96.562843
v -4.647499 3.038006 -96.562851
v -4.647499 -0.542434 -96.562851
v -116.054573 6.618446 70.012177
v -116.054573 3.038006 70.012177
v -116.054573 -0.542434 70.012177
v 49.627758 6.618446 -92.992104
v 49.627758 3.038006 -92.992104
v 49.627758 -0.542434 -92.992104
v -121.732048 6.618446 38.375423
v -121.732048 3.038006 38.375423
v -121.732048 -0.542434 38.375423
v 95.333237 6.618446 -56.570560
v 95.333237 3.038006 -56.570560
v 95.333237 -0.542434 -56.570560
v -107.841881 6.618446 -50.500301
v -107.841881 3.038006 -50.500301
v -107.841881 -0.542434 -50.500301
v 107.320724 6.618446 -19.103306
v 107.320724 3.038006 -19.103306
v 107.320724 -0.542434 -19.103306
v 97.872513 6.618446 24.624752
v 97.872513 3.038006 24.624752
v 97.872513 -0.542434 24.624752
v 99.221672 6.618446 15.930085
v 99.221672 3.038006 15.930086
v 99.221672 -0.542434 15.930086
v 100.570854 6.618446 7.235418
v 100.570847 3.038006 7.235419
v 101.920036 6.618446 -1.459249
v 101.920021 3.038006 -1.459249
v 101.920021 -0.542434 -1.459249
v 103.269218 6.618446 -10.153915
v 103.269218 3.038006 -10.153915
v 103.269218 -0.542434 -10.153915
v 104.618393 6.618446 -18.848581
v 104.618393 3.038006 -18.848581
v 104.618393 -0.542434 -18.848581
v -75.346703 6.618446 95.976685
v -75.346703 3.038006 95.976685
v -75.346703 -0.542434 95.976685
v -4.580420 6.618446 -93.676826
v -4.580420 3.038006 -93.676826
v -4.580420 -0.542434 -93.676826
v -113.697929 6.618446 68.549980
v -113.697929 3.038006 68.549980
v -113.697929 -0.542434 68.549980
v 48.657562 6.618446 -90.193817
v 48.657562 3.038006 -90.193817
v 48.657562 -0.542434 -90.193817
v -114.568855 6.618446 -14.246302
v -114.568855 3.038006 -14.246302
v -114.568855 -0.542434 -14.246302
v 93.071037 6.618446 -55.041782
v 93.071037 3.038006 -55.041782
v 93.071037 -0.542434 -55.041782
v -105.539291 6.618446 -48.963734
v -105.539291 3.038006 -48.963734
v -105.539291 -0.542434 -48.963734
v 96.523323 6.618446 33.319424
v 96.523323 3.038006 33.319424
v 96.523323 -0.542434 33.319424
v 83.576767 6.618446 63.939148
v 83.576767 3.038006 63.939148
v 83.576767 -0.542434 63.939148
v 48.482025 6.618446 93.669533
v 48.482025 3.038006 93.669533
v 48.482025 -0.542434 93.669533
v -8.641581 6.618446 98.371582
v -8.641581 3.038006 98.371582
v -8.641581 -0.542434 98.371582
v -61.350304 6.618446 -85.489174
v -61.350304 3.038006 -85.489174
v -61.350304 -0.542434 -85.489174
v 101.198227 -2.332654 11.772441
v 102.561462 -2.332654 2.987189
v -119.080856 -0.542434 38.205742
v -117.952858 -0.542434 25.092730
v -115.696854 -0.542434 -1.133290
v -119.080856 3.038006 38.205742
v -117.952858 3.038006 25.092730
v -116.824852 3.038006 11.979720
v -115.696854 3.038006 -1.133290
v -119.080856 6.618446 38.205742
v -117.952858 6.618446 25.092731
v -116.824860 6.618446 11.979719
v -115.696854 6.618446 -1.133290
v -117.161514 -0.542434 -14.757194
v -118.304138 -0.542434 -1.474038
v -120.589417 -0.542434 25.092272
v -117.161514 3.038006 -14.757194
v -118.304138 3.038006 -1.474038
v -119.446777 3.038006 11.809114
v -120.589417 3.038006 25.092272
v -117.161514 6.618446 -14.757194
v -118.304146 6.618446 -1.474039
v -119.446777 6.618446 11.809115
v -120.589409 6.618446 25.092270
v -119.080856 -4.122874 38.205742
v -117.952858 -4.122874 25.092730
v -115.696854 -4.122874 -1.133290
v -117.161507 -4.122874 -14.757194
v -118.304138 -4.122874 -1.474038
v -120.589417 -4.122874 25.092272
v -120.406456 -5.913095 38.290581
v -119.271141 -5.913095 25.092503
v -117.000496 -5.913095 -1.303664
v -120.406448 8.408667 38.290581
v -119.271133 8.408667 25.092501
v -118.135811 8.408667 11.894417
v -117.000496 8.408667 -1.303665
v -117.568153 -2.332654 5.295377
v -118.135811 1.247786 11.894419
v -118.703461 -2.332654 18.493458
vn -0.0000 -1.0000 -0.0000
vn -0.0000 1.0000 -0.0000
vn 0.2280 -0.0000 0.9737
vn -0.0362 -0.0000 -0.9993
vn 0.9882 -0.0000 0.1533
vn -0.9577 -0.0000 -0.2879
vn -0.1498 -0.0000 -0.9887
vn 0.9336 -0.0000 -0.3583
vn -0.9963 -0.0000 -0.0857
vn -0.9060 -0.0000 -0.4232
vn 0.1022 -0.0000 -0.9948
vn -0.9701 -0.0000 0.2425
vn -0.9882 -0.0000 -0.1533
vn 0.0084 -0.0000 -1.0000
vn 0.9577 -0.0000 0.2879
vn -0.1116 -0.0000 0.9938
vn -0.9336 -0.0000 0.3583
vn -0.2280 -0.0000 -0.9737
vn 0.9963 -0.0000 0.0857
vn 0.0362 -0.0000 0.9993
vn -0.1022 -0.0000 0.9948
vn 0.9701 -0.0000 -0.2425
vn 0.1498 -0.0000 0.9887
vn -0.0084 -0.0000 1.0000
vn 0.1116 -0.0000 -0.9938
vn 0.9060 -0.0000 0.4232
vn 0.1442 -0.0000 -0.9896
vn -0.0751 -0.0000 0.9972
vn -0.0973 -0.0000 0.9953
vn 0.0325 -0.0000 -0.9995
vt 0.598597 0.222765
vt 0.598204 0.212245
vt 0.575566 0.211307
vt 0.576010 0.221829
vt 0.597810 0.201725
vt 0.575121 0.200784
vt 0.552432 0.199843
vt 0.552928 0.210368
vt 0.553424 0.220893
vt -2.036777 0.449503
vt -2.032961 0.300860
vt -2.045105 0.299084
vt -2.048985 0.450209
vt -2.029144 0.152217
vt -2.041224 0.147958
vt -2.053305 0.143700
vt -2.057249 0.297308
vt -2.061193 0.450916
vt -2.090957 0.513399
vt -2.090895 0.480389
vt -2.103082 0.479778
vt -2.103144 0.513003
vt -2.090832 0.447378
vt -2.103019 0.446554
vt -2.115206 0.445729
vt -2.115269 0.479168
vt -2.115332 0.512607
vt -2.014694 1.019794
vt -2.014277 0.896141
vt -2.026471 0.897939
vt -2.026900 1.024731
vt -2.013859 0.772487
vt -2.026042 0.771148
vt -2.038226 0.769808
vt -2.038666 0.899738
vt -2.039105 1.029668
vt -2.212314 0.454109
vt -2.210438 0.274643
vt -2.222603 0.272366
vt -2.224507 0.454552
vt -2.208562 0.095177
vt -2.220699 0.090181
vt -2.232835 0.085184
vt -2.234767 0.270090
vt -2.236700 0.454996
vt -2.259794 0.831500
vt -2.257257 0.642413
vt -2.269444 0.642300
vt -2.271987 0.831819
vt -2.254720 0.453326
vt -2.266901 0.452781
vt -2.279083 0.452235
vt -2.281631 0.642186
vt -2.284180 0.832138
vt -2.239905 1.085549
vt -2.238580 0.958614
vt -2.250786 0.960262
vt -2.252133 1.089266
vt -2.237254 0.831679
vt -2.249438 0.831258
vt -2.261623 0.830837
vt -2.262991 0.961910
vt -2.264360 1.092984
vt -1.684915 0.752818
vt -1.688144 0.900837
vt -1.675986 0.902255
vt -1.672703 0.751798
vt -1.691374 1.048857
vt -1.679268 1.052712
vt -1.667163 1.056568
vt -1.663827 0.903673
vt -1.660491 0.750779
vt -1.611312 0.713062
vt -1.611257 0.735168
vt -1.599066 0.736040
vt -1.599122 0.713704
vt -1.611202 0.757273
vt -1.599011 0.758375
vt -1.586820 0.759477
vt -1.586876 0.736912
vt -1.586932 0.714346
vt 0.440061 1.387586
vt 0.068670 1.386878
vt 0.069600 1.393926
vt 0.445614 1.394475
vt -0.302722 1.386170
vt -0.306414 1.393378
vt -0.310106 1.400586
vt 0.070530 1.400975
vt 0.451167 1.401364
vt 2.918815 -0.063709
vt 2.474666 -0.063709
vt 2.470982 -0.056529
vt 2.919037 -0.056472
vt 2.030518 -0.063709
vt 2.022927 -0.056586
vt 2.015337 -0.049464
vt 2.467298 -0.049350
vt 2.919259 -0.049236
vt 1.744099 -0.063709
vt 1.744436 -0.056477
vt 2.031781 -0.056474
vt 1.457679 -0.063709
vt 1.457091 -0.056480
vt 1.456503 -0.049250
vt 1.744774 -0.049244
vt 2.033045 -0.049238
vt 0.490836 -0.025990
vt 0.975220 -0.025990
vt 0.967533 -0.044849
vt 0.476424 -0.044849
vt 1.459604 -0.025990
vt 1.458642 -0.044849
vt 0.959845 -0.063709
vt 0.462011 -0.063709
vt 0.608526 0.223177
vt 0.608156 0.212658
vt 0.603180 0.212451
vt 0.603562 0.222971
vt 0.607786 0.202138
vt 0.602798 0.201931
vt 0.686140 0.226395
vt 0.685947 0.215882
vt 0.666957 0.215095
vt 0.667193 0.225609
vt 0.685755 0.205370
vt 0.666721 0.204581
vt 0.647687 0.203792
vt 0.647966 0.214308
vt 0.648246 0.224824
vt 0.740592 0.228652
vt 0.740523 0.218144
vt 0.713235 0.217013
vt 0.713366 0.227523
vt 0.740455 0.207637
vt 0.713105 0.206504
vt 0.797236 0.231000
vt 0.797297 0.220498
vt 0.768910 0.219321
vt 0.768914 0.229826
vt 0.797357 0.209996
vt 0.768906 0.208817
vt 0.835792 0.232598
vt 0.835941 0.222100
vt 0.816619 0.221299
vt 0.816514 0.231799
vt 0.836090 0.211602
vt 0.816724 0.210799
vt 0.880763 0.234462
vt 0.881015 0.223968
vt 0.858478 0.223034
vt 0.858278 0.233530
vt 0.881267 0.213474
vt 0.858679 0.212538
vt 0.887439 0.234739
vt 0.887706 0.224245
vt 0.884360 0.224107
vt 0.884101 0.234600
vt 0.887973 0.213752
vt 0.884620 0.213613
vt 0.980232 0.238585
vt 0.980711 0.228101
vt 0.954281 0.227005
vt 0.953862 0.237492
vt 0.981190 0.217616
vt 0.954700 0.216518
vt 0.928209 0.215420
vt 0.927850 0.225910
vt 0.927491 0.236399
vt 1.034166 0.240821
vt 1.034769 0.230341
vt 1.007740 0.229221
vt 1.007199 0.239703
vt 1.035371 0.219862
vt 1.008281 0.218739
vt 0.492540 0.218369
vt 0.491905 0.207839
vt 0.474453 0.207115
vt 0.475129 0.217647
vt 0.491269 0.197308
vt 0.473778 0.196583
vt 0.456287 0.195858
vt 0.457002 0.206392
vt 0.457717 0.216926
vt 0.522416 0.209103
vt 0.522982 0.219631
vt 0.521850 0.198576
vt 1.461624 0.021560
vt 1.461624 -0.002218
vt 0.976899 -0.002218
vt 0.976899 0.021560
vt 1.461624 -0.025997
vt 0.976899 -0.025997
vt 0.492174 -0.025997
vt 0.492174 -0.002218
vt 0.492174 0.021560
vt 1.095619 1.771661
vt 1.095619 1.747882
vt 0.632650 1.747882
vt 0.632650 1.771661
vt 1.095619 1.724104
vt 0.632650 1.724104
vt 0.169681 1.724104
vt 0.169681 1.747882
vt 0.169681 1.771661
vt 0.194570 1.391203
vt 0.194570 1.367424
vt 0.139611 1.367424
vt 0.139611 1.391203
vt 0.194570 1.343646
vt 0.139611 1.343646
vt 0.084652 1.343646
vt 0.084652 1.367424
vt 0.084652 1.391203
vt 1.446133 1.010746
vt 1.446133 0.986967
vt 1.081954 0.986967
vt 1.081954 1.010746
vt 1.446133 0.963189
vt 1.081954 0.963189
vt 0.717775 0.963189
vt 0.717775 0.986967
vt 0.717775 1.010746
vt 1.713612 1.771661
vt 1.713612 1.747882
vt 1.404616 1.747882
vt 1.404615 1.771661
vt 1.713612 1.724104
vt 1.404615 1.724104
vt -0.942974 1.638372
vt -0.942974 1.614593
vt -1.336089 1.614593
vt -1.336089 1.638372
vt -0.942974 1.590815
vt -1.336089 1.590815
vt -1.729205 1.590815
vt -1.729205 1.614593
vt -1.729205 1.638372
vt 0.063065 1.010746
vt 0.063065 0.986967
vt -0.018774 0.986967
vt -0.018774 1.010746
vt 0.063065 0.963189
vt -0.018774 0.963189
vt -0.100613 0.963189
vt -0.100613 0.986967
vt -0.100613 1.010746
vt -0.036205 1.200974
vt -0.036205 1.177196
vt -0.368893 1.177196
vt -0.368893 1.200974
vt -0.036205 1.153417
vt -0.368893 1.153417
vt -0.701580 1.153417
vt -0.701580 1.177196
vt -0.701580 1.200974
vt 2.918815 -0.206381
vt 2.918815 -0.230159
vt 2.474667 -0.230159
vt 2.474667 -0.206381
vt 2.918815 -0.253938
vt 2.474667 -0.253938
vt 2.030518 -0.253938
vt 2.030518 -0.230159
vt 2.030518 -0.206381
vt -0.401096 0.986967
vt -0.401096 1.010746
vt -0.401096 0.963189
vt -0.701580 0.963188
vt -0.701580 0.986967
vt -0.701580 1.010746
vt 0.071470 1.200974
vt 0.071470 1.177196
vt 0.017632 1.177196
vt 0.017632 1.200974
vt 0.071470 1.153417
vt 0.017632 1.153417
vt 1.744099 -0.230159
vt 1.744099 -0.206381
vt 1.744099 -0.253938
vt 1.457679 -0.253938
vt 1.457679 -0.230159
vt 1.457679 -0.206380
vt 0.003238 0.820517
vt 0.003238 0.796739
vt -0.349171 0.796739
vt -0.349171 0.820517
vt 0.003238 0.772960
vt -0.349171 0.772960
vt -0.701579 0.772960
vt -0.701579 0.796738
vt -0.701579 0.820517
vt 0.464439 -0.206380
vt 0.464439 -0.230159
vt 0.015605 -0.230159
vt 0.015605 -0.206381
vt 0.464439 -0.253938
vt 0.015605 -0.253938
vt -0.433229 -0.253938
vt -0.433229 -0.230159
vt -0.433229 -0.206381
vt 0.450364 1.448727
vt 0.450765 1.425045
vt 0.070330 1.424705
vt 0.070129 1.448435
vt -0.310106 1.424365
vt -0.310106 1.448143
vt 0.961059 -0.230159
vt 0.961059 -0.206380
vt 0.961059 -0.253938
vt 0.464439 -0.253938
vt 0.464439 -0.230159
vt 0.464439 -0.206380
vt 0.164819 0.820517
vt 0.164819 0.796739
vt 0.084028 0.796739
vt 0.084028 0.820517
vt 0.164819 0.772960
vt 0.084028 0.772960
vt -0.898314 -0.230159
vt -0.898314 -0.206381
vt -0.898314 -0.253938
vt -1.363399 -0.253938
vt -1.363399 -0.230159
vt -1.363399 -0.206381
vt 2.919259 -0.001679
vt 2.919259 -0.025457
vt 2.467298 -0.025571
vt 2.467298 -0.001793
vt 2.015337 -0.025685
vt 2.015337 -0.001907
vt 1.383079 0.820517
vt 1.383079 0.796739
vt 1.097111 0.796739
vt 1.097111 0.820517
vt 1.383079 0.772960
vt 1.097111 0.772960
vt 0.811142 0.772960
vt 0.811142 0.796739
vt 0.811142 0.820517
vt -1.682470 -0.230159
vt -1.682470 -0.206381
vt -1.682470 -0.253938
vt -2.001541 -0.253938
vt -2.001541 -0.230159
vt -2.001541 -0.206381
vt 2.033045 -0.001681
vt 2.033045 -0.025460
vt 1.744774 -0.025466
vt 1.744774 -0.001687
vt 1.456503 -0.025472
vt 1.456503 -0.001693
vt -0.265949 1.747882
vt -0.265949 1.771661
vt -0.265949 1.724103
vt -0.701580 1.724103
vt -0.701580 1.747882
vt -0.701580 1.771660
vt 1.541369 1.391203
vt 1.541369 1.367424
vt 1.197726 1.367424
vt 1.197726 1.391203
vt 1.541369 1.343646
vt 1.197726 1.343646
vt 0.854082 1.343646
vt 0.854082 1.367424
vt 0.854082 1.391203
vt 0.717519 1.200974
vt 0.717519 1.177196
vt 0.663682 1.177196
vt 0.663682 1.200974
vt 0.717519 1.153417
vt 0.663682 1.153417
vt 0.609844 1.153417
vt 0.609844 1.177196
vt 0.609844 1.200974
vt 0.556007 1.177196
vt 0.556007 1.200974
vt 0.556007 1.153417
vt 0.502169 1.153417
vt 0.502169 1.177196
vt 0.502169 1.200974
vt 0.448332 1.177196
vt 0.448332 1.200974
vt 0.448332 1.153417
vt 0.394494 1.153417
vt 0.394494 1.177196
vt 0.394494 1.200974
vt 0.286819 1.200974
vt 0.286819 1.177196
vt 0.232982 1.177196
vt 0.232982 1.200974
vt 0.286819 1.153417
vt 0.232982 1.153417
vt 0.179144 1.153417
vt 0.179144 1.177196
vt 0.179144 1.200974
vt 0.179144 1.177196
vt 0.125307 1.177196
vt 0.125307 1.200974
vt 0.125307 1.153417
vt 0.799123 1.367424
vt 0.799123 1.391203
vt 0.799123 1.343646
vt 0.744163 1.343646
vt 0.744163 1.367424
vt 0.744163 1.391203
vt 0.689204 1.367424
vt 0.689204 1.391203
vt 0.689204 1.343646
vt 0.634245 1.343646
vt 0.634245 1.367424
vt 0.634245 1.391203
vt 0.579285 1.367425
vt 0.579285 1.391203
vt 0.579285 1.343646
vt 0.524326 1.343646
vt 0.524326 1.367425
vt 0.524326 1.391203
vt 0.414408 1.391203
vt 0.414408 1.367424
vt 0.359448 1.367424
vt 0.359448 1.391203
vt 0.414408 1.343646
vt 0.359448 1.343646
vt 0.304489 1.343646
vt 0.304489 1.367424
vt 0.304489 1.391203
vt 0.304489 1.367424
vt 0.249530 1.367424
vt 0.249530 1.391203
vt 0.249530 1.343646
vt 0.924505 0.225771
vt 0.924154 0.236261
vt 0.924856 0.215281
vt 0.921503 0.215142
vt 0.921159 0.225632
vt 0.920816 0.236122
vt 0.917814 0.225493
vt 0.917478 0.235984
vt 0.918150 0.215003
vt 0.914797 0.214864
vt 0.914469 0.225355
vt 0.914140 0.235846
vt 0.911123 0.225216
vt 0.910803 0.235707
vt 0.911444 0.214725
vt 0.908091 0.214586
vt 0.907778 0.225077
vt 0.907465 0.235569
vt 0.900789 0.235292
vt 0.901087 0.224800
vt 0.897742 0.224661
vt 0.897452 0.235154
vt 0.901385 0.214308
vt 0.898032 0.214169
vt 0.894679 0.214030
vt 0.894396 0.224523
vt 0.894114 0.235015
vt 0.894396 0.224523
vt 0.891051 0.224384
vt 0.890776 0.234877
vt 0.891326 0.213891
vt -1.611972 0.447800
vt -1.611917 0.469905
vt -1.599733 0.468013
vt -1.599789 0.445678
vt -1.611862 0.492010
vt -1.599677 0.490349
vt -1.587493 0.488687
vt -1.587549 0.466121
vt -1.587605 0.443556
vt -1.611807 0.514115
vt -1.599622 0.512684
vt -1.611752 0.536221
vt -1.599566 0.535020
vt -1.587381 0.533819
vt -1.587437 0.511253
vt -1.611697 0.558326
vt -1.599511 0.557355
vt -1.611642 0.580431
vt -1.599455 0.579691
vt -1.587269 0.578951
vt -1.587325 0.556385
vt -1.611587 0.602536
vt -1.599400 0.602026
vt -1.611532 0.624642
vt -1.599344 0.624362
vt -1.587156 0.624082
vt -1.587212 0.601517
vt -1.611477 0.646747
vt -1.599289 0.646697
vt -1.611422 0.668852
vt -1.599233 0.669033
vt -1.587044 0.669214
vt -1.587100 0.646648
vt -1.611367 0.690957
vt -1.599177 0.691369
vt -1.586988 0.691780
vt 0.304489 1.533875
vt 0.304489 1.510096
vt 0.249530 1.510096
vt 0.249530 1.533875
vt 0.304489 1.486317
vt 0.249530 1.486317
vt 0.194570 1.486318
vt 0.194570 1.510096
vt 0.194570 1.533875
vt 0.304489 1.462539
vt 0.249530 1.462539
vt 0.304489 1.438760
vt 0.249530 1.438760
vt 0.194570 1.438760
vt 0.194570 1.462539
vt 0.304489 1.414982
vt 0.249530 1.414982
vt 0.194570 1.414982
vt 0.414408 1.533875
vt 0.414408 1.510096
vt 0.359448 1.510096
vt 0.359448 1.533875
vt 0.414408 1.486318
vt 0.359448 1.486317
vt 0.414408 1.462539
vt 0.359448 1.462539
vt 0.414408 1.438760
vt 0.359448 1.438760
vt 0.304489 1.462539
vt 0.414408 1.414982
vt 0.359448 1.414982
vt 0.304489 1.414982
vt 0.524326 1.533875
vt 0.524326 1.510096
vt 0.469367 1.510096
vt 0.469367 1.533875
vt 0.524326 1.486318
vt 0.469367 1.486318
vt 0.524326 1.462539
vt 0.469367 1.462539
vt 0.469367 1.486318
vt 0.524326 1.438760
vt 0.469367 1.438760
vt 0.634245 1.533875
vt 0.634245 1.510096
vt 0.579286 1.510096
vt 0.579286 1.533875
vt 0.634245 1.486318
vt 0.579286 1.486318
vt 0.634245 1.462539
vt 0.579286 1.462539
vt 0.579286 1.486318
vt 0.634245 1.438760
vt 0.579286 1.438760
vt 0.634245 1.414982
vt 0.579285 1.414982
vt 0.524326 1.414982
vt 0.744163 1.533875
vt 0.744163 1.510096
vt 0.689204 1.510096
vt 0.689204 1.533875
vt 0.744163 1.486318
vt 0.689204 1.486318
vt 0.744163 1.462539
vt 0.689204 1.462539
vt 0.744163 1.438760
vt 0.689204 1.438760
vt 0.634245 1.462539
vt 0.744163 1.414982
vt 0.689204 1.414982
vt 0.634245 1.414982
vt 0.854082 1.533875
vt 0.854082 1.510096
vt 0.799123 1.510096
vt 0.799123 1.533875
vt 0.854082 1.486317
vt 0.799123 1.486317
vt 0.854082 1.462539
vt 0.799123 1.462539
vt 0.854082 1.438760
vt 0.799123 1.438760
vt 0.854082 1.414982
vt 0.799123 1.414982
vt 1.541369 1.533875
vt 1.541369 1.510096
vt 1.197726 1.510096
vt 1.197726 1.533875
vt 1.541369 1.486318
vt 1.197726 1.486317
vt 1.541369 1.462539
vt 1.197726 1.462539
vt 1.541369 1.438760
vt 1.197726 1.438760
vt 1.541369 1.414982
vt 1.197726 1.414982
vt -1.363400 -0.063709
vt -1.363400 -0.087488
vt -1.682470 -0.087488
vt -1.682470 -0.063709
vt -1.363400 -0.111266
vt -1.682470 -0.111266
vt -2.001541 -0.111266
vt -2.001541 -0.087488
vt -2.001541 -0.063709
vt -1.363400 -0.135045
vt -1.682470 -0.135045
vt -1.363399 -0.158823
vt -1.682470 -0.158823
vt -2.001541 -0.158823
vt -2.001541 -0.135045
vt -1.363399 -0.182602
vt -1.682470 -0.182602
vt -2.001541 -0.182602
vt -0.433229 -0.063709
vt -0.433229 -0.087488
vt -0.898314 -0.087488
vt -0.898314 -0.063709
vt -0.433229 -0.111266
vt -0.898314 -0.111266
vt -0.433229 -0.135045
vt -0.898314 -0.135045
vt -0.433229 -0.158823
vt -0.898314 -0.158823
vt -0.433229 -0.182602
vt -0.898314 -0.182602
vt 1.457679 -0.087488
vt 0.961059 -0.087488
vt 0.961059 -0.063709
vt 1.457679 -0.111266
vt 0.961059 -0.111266
vt 0.464439 -0.111266
vt 0.464439 -0.087488
vt 0.464439 -0.063709
vt 1.457679 -0.135045
vt 0.961059 -0.135045
vt 0.961059 -0.111266
vt 1.457679 -0.158823
vt 0.961059 -0.158823
vt 0.464439 -0.158823
vt 0.464439 -0.135045
vt 1.457679 -0.182602
vt 0.961059 -0.182602
vt 0.464439 -0.182602
vt 0.464439 -0.063709
vt 0.464439 -0.087488
vt 0.015605 -0.087488
vt 0.015605 -0.063709
vt 0.464439 -0.111266
vt 0.015605 -0.111266
vt 0.464439 -0.135045
vt 0.015605 -0.135045
vt 0.464439 -0.158823
vt 0.015605 -0.158823
vt 0.464439 -0.182602
vt 0.015605 -0.182602
vt 2.030518 -0.087488
vt 1.744099 -0.087488
vt 2.030518 -0.111266
vt 1.744099 -0.111266
vt 2.030518 -0.135045
vt 1.744099 -0.135045
vt 2.030518 -0.158823
vt 1.744099 -0.158823
vt 2.030518 -0.182602
vt 1.744099 -0.182602
vt -0.100613 1.153417
vt -0.100613 1.129639
vt -0.401096 1.129639
vt -0.401096 1.153417
vt -0.100613 1.105860
vt -0.401096 1.105860
vt -0.701580 1.105860
vt -0.701580 1.129639
vt -0.701580 1.153417
vt -0.100613 1.082082
vt -0.401096 1.082081
vt -0.100613 1.058303
vt -0.401096 1.058303
vt -0.701580 1.058303
vt -0.701580 1.082081
vt -0.100613 1.034524
vt -0.401096 1.034524
vt -0.701580 1.034524
vt 2.918815 -0.087488
vt 2.474666 -0.087488
vt 2.918815 -0.111266
vt 2.474666 -0.111266
vt 2.030518 -0.087488
vt 2.918815 -0.135045
vt 2.474666 -0.135045
vt 2.918815 -0.158823
vt 2.474666 -0.158823
vt 2.918815 -0.182602
vt 2.474666 -0.182602
vt 0.063065 1.153417
vt 0.063065 1.129639
vt -0.018774 1.129639
vt -0.018774 1.153417
vt 0.063065 1.105860
vt -0.018774 1.105860
vt 0.063065 1.082082
vt -0.018774 1.082082
vt 0.063065 1.058303
vt -0.018774 1.058303
vt 0.063065 1.034524
vt -0.018774 1.034524
vt -0.942974 1.781043
vt -0.942974 1.757265
vt -1.336089 1.757265
vt -1.336089 1.781043
vt -0.942974 1.733486
vt -1.336089 1.733486
vt -1.729205 1.733486
vt -1.729205 1.757265
vt -1.729205 1.781043
vt -0.942974 1.709708
vt -1.336089 1.709708
vt -0.942974 1.685929
vt -1.336089 1.685929
vt -1.729205 1.685929
vt -1.729205 1.709707
vt -0.942974 1.662151
vt -1.336089 1.662150
vt -1.729205 1.662150
vt 1.446133 1.153417
vt 1.446133 1.129639
vt 1.081954 1.129639
vt 1.081954 1.153417
vt 1.446133 1.105860
vt 1.081954 1.105860
vt 0.717775 1.105860
vt 0.717775 1.129639
vt 0.717775 1.153417
vt 1.446133 1.082082
vt 1.081954 1.082082
vt 1.446133 1.058303
vt 1.081954 1.058303
vt 0.717775 1.058303
vt 0.717775 1.082082
vt 1.446133 1.034524
vt 1.081954 1.034524
vt 0.717775 1.034524
vt 0.139611 1.510096
vt 0.139611 1.533875
vt 0.139611 1.486318
vt 0.084652 1.486318
vt 0.084652 1.510096
vt 0.084652 1.533875
vt 0.139611 1.462539
vt 0.139611 1.438760
vt 0.084652 1.438760
vt 0.084652 1.462539
vt 0.139611 1.414982
vt 0.084652 1.414982
vt 0.179144 1.343646
vt 0.179144 1.319867
vt 0.125307 1.319867
vt 0.125307 1.343646
vt 0.179144 1.296089
vt 0.125307 1.296089
vt 0.071470 1.296089
vt 0.071470 1.319867
vt 0.071470 1.343646
vt 0.179144 1.272310
vt 0.125307 1.272310
vt 0.179144 1.248531
vt 0.125307 1.248531
vt 0.071470 1.248531
vt 0.071470 1.272310
vt 0.179144 1.224753
vt 0.125307 1.224753
vt 0.071470 1.224753
vt 0.286819 1.343646
vt 0.286819 1.319867
vt 0.232982 1.319867
vt 0.232982 1.343646
vt 0.286819 1.296089
vt 0.232982 1.296089
vt 0.286819 1.272310
vt 0.232982 1.272310
vt 0.232982 1.296089
vt 0.286819 1.248531
vt 0.232982 1.248532
vt 0.286819 1.224753
vt 0.232982 1.224753
vt 0.179144 1.224753
vt 0.394494 1.343646
vt 0.394494 1.319867
vt 0.340657 1.319867
vt 0.340657 1.343646
vt 0.394494 1.296089
vt 0.340657 1.296089
vt 0.394494 1.272310
vt 0.340657 1.272310
vt 0.340657 1.296089
vt 0.394494 1.248532
vt 0.340657 1.248532
vt 0.502169 1.343646
vt 0.502169 1.319867
vt 0.448332 1.319867
vt 0.448332 1.343646
vt 0.502169 1.296089
vt 0.448332 1.296089
vt 0.502169 1.272310
vt 0.448332 1.272310
vt 0.502169 1.248531
vt 0.448332 1.248532
vt 0.502169 1.224753
vt 0.448332 1.224753
vt 0.394494 1.224753
vt 0.609844 1.343646
vt 0.609844 1.319867
vt 0.556007 1.319867
vt 0.556007 1.343646
vt 0.609844 1.296089
vt 0.556007 1.296089
vt 0.609844 1.272310
vt 0.556007 1.272310
vt 0.609844 1.248531
vt 0.556007 1.248531
vt 0.609844 1.224753
vt 0.556007 1.224753
vt 0.717519 1.343646
vt 0.717519 1.319867
vt 0.663682 1.319867
vt 0.663682 1.343646
vt 0.717519 1.296089
vt 0.663682 1.296089
vt 0.717519 1.272310
vt 0.663682 1.272310
vt 0.717519 1.248532
vt 0.663682 1.248532
vt 0.717519 1.224753
vt 0.663682 1.224753
vt 0.169681 1.914332
vt 0.169681 1.890554
vt -0.265949 1.890553
vt -0.265949 1.914332
vt 0.169681 1.866775
vt -0.265949 1.866775
vt -0.701580 1.866775
vt -0.701580 1.890553
vt -0.701580 1.914332
vt 0.169681 1.842996
vt -0.265949 1.842996
vt 0.169681 1.819218
vt -0.265949 1.819218
vt -0.701580 1.819218
vt -0.701580 1.842996
vt 0.169681 1.795439
vt -0.265949 1.795439
vt -0.701580 1.795439
vt 2.033045 0.140990
vt 2.033045 0.117212
vt 1.744774 0.117206
vt 1.744774 0.140984
vt 2.033045 0.093433
vt 1.744774 0.093427
vt 1.456502 0.093421
vt 1.456502 0.117200
vt 1.456502 0.140978
vt 2.033045 0.069655
vt 1.744774 0.069649
vt 2.033045 0.045876
vt 1.744774 0.045870
vt 1.456502 0.045864
vt 1.456502 0.069643
vt 2.033045 0.022098
vt 1.744774 0.022092
vt 1.456502 0.022086
vt 1.383079 0.963189
vt 1.383079 0.939410
vt 1.097110 0.939410
vt 1.097110 0.963189
vt 1.383079 0.915631
vt 1.097111 0.915631
vt 0.811142 0.915631
vt 0.811142 0.939410
vt 0.811142 0.963189
vt 1.383079 0.891853
vt 1.097111 0.891853
vt 1.383079 0.868074
vt 1.097111 0.868074
vt 0.811142 0.868074
vt 0.811142 0.891853
vt 1.383079 0.844296
vt 1.097111 0.844296
vt 0.811142 0.844296
vt 2.919259 0.140993
vt 2.919259 0.117214
vt 2.467298 0.117100
vt 2.467298 0.140879
vt 2.919258 0.093436
vt 2.467298 0.093322
vt 2.015337 0.093208
vt 2.015337 0.116986
vt 2.015337 0.140765
vt 2.919258 0.069657
vt 2.467298 0.069543
vt 2.919258 0.045879
vt 2.467298 0.045765
vt 2.015337 0.045651
vt 2.015337 0.069429
vt 2.919259 0.022100
vt 2.467298 0.021986
vt 2.015337 0.021872
vt 0.164819 0.963189
vt 0.164819 0.939410
vt 0.084028 0.939410
vt 0.084028 0.963189
vt 0.164819 0.915631
vt 0.084028 0.915631
vt 0.003238 0.915631
vt 0.003238 0.939410
vt 0.003238 0.963189
vt 0.164819 0.891853
vt 0.084028 0.891853
vt 0.164819 0.868074
vt 0.084028 0.868074
vt 0.003238 0.868074
vt 0.003238 0.891853
vt 0.164819 0.844296
vt 0.084028 0.844296
vt 0.003238 0.844296
vt 0.447954 1.590815
vt 0.448356 1.567133
vt 0.069125 1.567085
vt 0.068924 1.590815
vt 0.448757 1.543452
vt 0.069326 1.543355
vt -0.310106 1.543258
vt -0.310106 1.567036
vt -0.310106 1.590815
vt 0.449159 1.519771
vt 0.069526 1.519625
vt 0.449560 1.496089
vt 0.069727 1.495895
vt -0.310106 1.495700
vt -0.310106 1.519479
vt 0.449962 1.472408
vt 0.069928 1.472165
vt -0.310106 1.471922
vt -0.349171 0.939410
vt -0.349171 0.963189
vt -0.349171 0.915631
vt -0.701579 0.915631
vt -0.701579 0.939410
vt -0.701579 0.963188
vt -0.349171 0.891853
vt -0.349171 0.868074
vt -0.701579 0.868074
vt -0.701579 0.891853
vt -0.349171 0.844296
vt -0.701579 0.844296
vt 0.017632 1.319867
vt 0.017632 1.343646
vt 0.017632 1.296089
vt -0.036205 1.296089
vt -0.036205 1.319867
vt -0.036205 1.343646
vt 0.017632 1.272310
vt 0.017632 1.248531
vt -0.036205 1.248531
vt -0.036205 1.272310
vt 0.017632 1.224753
vt -0.036205 1.224753
vt -0.368893 1.319867
vt -0.368893 1.343646
vt -0.368893 1.296089
vt -0.701580 1.296089
vt -0.701580 1.319867
vt -0.701580 1.343646
vt -0.368893 1.272310
vt -0.368893 1.248531
vt -0.701580 1.248531
vt -0.701580 1.272310
vt -0.368893 1.224753
vt -0.701580 1.224753
vt 1.713612 1.914332
vt 1.713612 1.890554
vt 1.404615 1.890554
vt 1.404615 1.914332
vt 1.713612 1.866775
vt 1.404615 1.866775
vt 1.095619 1.866775
vt 1.095619 1.890554
vt 1.095619 1.914332
vt 1.713612 1.842996
vt 1.404615 1.842996
vt 1.713612 1.819218
vt 1.404615 1.819218
vt 1.095619 1.819218
vt 1.095619 1.842996
vt 1.713612 1.795439
vt 1.404615 1.795439
vt 1.095619 1.795439
vt 0.632650 1.890554
vt 0.632650 1.914332
vt 0.632650 1.866775
vt 0.632650 1.842996
vt 0.632650 1.819218
vt 0.632650 1.795439
vt 1.461624 0.164232
vt 1.461624 0.140453
vt 0.976899 0.140453
vt 0.976899 0.164232
vt 1.461624 0.116675
vt 0.976899 0.116675
vt 0.492174 0.116675
vt 0.492174 0.140453
vt 0.492174 0.164232
vt 1.461624 0.092896
vt 0.976899 0.092896
vt 1.461624 0.069117
vt 0.976899 0.069117
vt 0.492174 0.069117
vt 0.492174 0.092896
vt 1.461624 0.045339
vt 0.976899 0.045339
vt 0.492174 0.045339
vt 0.478370 1.342893
vt 0.478368 1.367048
vt 0.501348 1.390952
vt 0.501349 1.342893
vt 0.478367 1.391203
vt 0.478367 1.414982
vt 0.478367 1.438760
vt 0.501347 1.438760
vt 0.524326 1.438760
vt 0.524326 1.414982
vt 0.524326 1.391203
vt 0.524328 1.367048
vt 0.524329 1.342893
vt 0.221630 0.379797
vt 0.194945 0.379797
vt 0.194945 0.500000
vt 0.221630 0.439899
vt 0.168260 0.379797
vt 0.168260 0.439899
vt 0.168260 0.500000
vt 0.168260 0.560101
vt 0.168260 0.620202
vt 0.194945 0.620202
vt 0.221630 0.620202
vt 0.221630 0.560101
vt 0.221630 0.500000
vt 0.730352 0.844296
vt 0.730352 0.868074
vt 0.730352 0.820517
vt 0.649561 0.820517
vt 0.649561 0.844296
vt 0.649561 0.868074
vt 0.568771 0.844296
vt 0.568771 0.868074
vt 0.568771 0.820517
vt 0.487981 0.820517
vt 0.487980 0.844296
vt 0.487980 0.868074
vt 0.326400 0.868074
vt 0.326400 0.844296
vt 0.245609 0.844296
vt 0.245609 0.868074
vt 0.326400 0.820517
vt 0.245609 0.820517
vt 0.164819 0.844296
vt 0.730352 0.891853
vt 0.730352 0.915631
vt 0.649561 0.891853
vt 0.649561 0.915631
vt 0.568771 0.891853
vt 0.568771 0.915631
vt 0.487980 0.891853
vt 0.487980 0.915631
vt 0.407190 0.891853
vt 0.407190 0.915631
vt 0.407190 0.868074
vt 0.326400 0.891853
vt 0.326400 0.915631
vt 0.245609 0.891853
vt 0.245609 0.915631
vt 0.730352 0.939410
vt 0.730352 0.963189
vt 0.649561 0.939410
vt 0.649561 0.963189
vt 0.568771 0.939410
vt 0.568771 0.963189
vt 0.568771 0.915631
vt 0.487980 0.939410
vt 0.487980 0.963189
vt 0.407190 0.939410
vt 0.407190 0.963189
vt 0.326400 0.939410
vt 0.326400 0.963189
vt 0.245609 0.939410
vt 0.245609 0.963189
vt 0.635936 1.034524
vt 0.635936 1.058303
vt 0.635936 1.010746
vt 0.554097 1.010746
vt 0.554097 1.034524
vt 0.554097 1.058303
vt 0.472258 1.034524
vt 0.472258 1.058303
vt 0.472258 1.010746
vt 0.390420 1.010746
vt 0.390420 1.034524
vt 0.390420 1.058303
vt 0.226742 1.058303
vt 0.226742 1.034524
vt 0.144904 1.034524
vt 0.144904 1.058303
vt 0.226742 1.010746
vt 0.144904 1.010746
vt 0.635936 1.082082
vt 0.635936 1.105860
vt 0.554097 1.082082
vt 0.554097 1.105860
vt 0.472258 1.082081
vt 0.472258 1.105860
vt 0.390420 1.082082
vt 0.390420 1.105860
vt 0.308581 1.082081
vt 0.308581 1.105860
vt 0.308581 1.058303
vt 0.226742 1.082082
vt 0.226742 1.105860
vt 0.144904 1.082081
vt 0.144904 1.105860
vt 0.635936 1.129639
vt 0.635936 1.153417
vt 0.554097 1.129639
vt 0.554097 1.153417
vt 0.472258 1.129639
vt 0.472258 1.153417
vt 0.390420 1.129639
vt 0.390420 1.153417
vt 0.308581 1.129639
vt 0.308581 1.153417
vt 0.308581 1.105860
vt 0.226742 1.129639
vt 0.226742 1.153417
vt 0.144904 1.129639
vt 0.144904 1.153417
vt 0.730352 0.796739
vt 0.730352 0.772960
vt 0.649561 0.772960
vt 0.649561 0.796739
vt 0.649561 0.796739
vt 0.568771 0.796739
vt 0.568771 0.772960
vt 0.487981 0.772960
vt 0.487981 0.796739
vt 0.326400 0.796739
vt 0.245609 0.796739
vt 0.326400 0.772960
vt 0.245609 0.772960
vt 0.164819 0.796739
vt 0.635936 0.986967
vt 0.635936 0.963189
vt 0.554097 0.963189
vt 0.554097 0.986967
vt 0.472258 0.986967
vt 0.472258 0.963189
vt 0.390420 0.963189
vt 0.390420 0.986967
vt 0.226742 0.986967
vt 0.144904 0.986967
vt 0.226742 0.963189
vt 0.144904 0.963189
vt 0.642990 0.214101
vt 0.643281 0.224618
vt 0.642699 0.203585
vt 0.637712 0.203379
vt 0.638014 0.213895
vt 0.638316 0.224412
vt 0.638014 0.213895
vt 0.633037 0.213689
vt 0.633351 0.224206
vt 0.632724 0.203172
vt 0.627736 0.202965
vt 0.628061 0.213483
vt 0.628386 0.224000
vt 0.618456 0.223589
vt 0.618109 0.213070
vt 0.613132 0.212864
vt 0.613491 0.223383
vt 0.617761 0.202552
vt 0.612773 0.202345
vt -2.091454 0.777482
vt -2.091392 0.744471
vt -2.103582 0.745574
vt -2.103644 0.778799
vt -2.091329 0.711461
vt -2.103519 0.712350
vt -2.115709 0.713238
vt -2.115772 0.746677
vt -2.115835 0.780116
vt -2.091267 0.678451
vt -2.103457 0.679125
vt -2.091205 0.645440
vt -2.103394 0.645901
vt -2.115583 0.646361
vt -2.115646 0.679800
vt -2.091143 0.612430
vt -2.103332 0.612676
vt -2.091081 0.579420
vt -2.103269 0.579452
vt -2.115458 0.579484
vt -2.115520 0.612923
vt -2.091019 0.546409
vt -2.103207 0.546227
vt -2.115395 0.546045
vt 0.648444 0.488954
vt 0.648444 0.244477
vt 0.540444 0.488954
vt 0.648444 0.733431
vt 0.648444 0.000000
vt 0.540444 0.000000
vt 0.432445 0.000000
vt 0.432445 0.244477
vt 0.432445 0.488954
vt 0.432445 0.733431
vt 0.432445 0.977907
vt 0.540444 0.977907
vt 0.648444 0.977907
vt -0.000000 0.000000
vt -0.000000 0.499401
vt 0.107998 0.503199
vt 0.107998 0.006996
vt -0.000000 0.998801
vt 0.107998 0.999401
vt 0.215996 1.000000
vt 0.215996 0.506997
vt 0.215996 0.013993
vt 0.215996 0.488954
vt 0.215996 0.733431
vt 0.324220 0.488954
vt 0.215996 0.244477
vt 0.215996 0.977907
vt 0.324220 0.977907
vt 0.432445 0.977907
vt 0.432445 0.733431
vt 0.432445 0.488954
vt 0.432445 0.244477
vt 0.432445 0.000000
vt 0.324220 0.000000
vt 0.215996 0.000000
s 0
usemtl BrickMaterial
f 26/1/1 281/2/1 657/3/1 257/4/1
f 281/2/1 38/5/1 269/6/1 657/3/1
f 657/3/1 269/6/1 37/7/1 282/8/1
f 257/4/1 657/3/1 282/8/1 25/9/1
f 14/10/2 221/11/2 658/12/2 245/13/2
f 221/11/2 13/14/2 246/15/2 658/12/2
f 658/12/2 246/15/2 1/16/2 233/17/2
f 245/13/2 658/12/2 233/17/2 2/18/2
f 181/19/2 579/20/2 659/21/2 654/22/2
f 579/20/2 14/23/2 245/24/2 659/21/2
f 659/21/2 245/24/2 2/25/2 583/26/2
f 654/22/2 659/21/2 583/26/2 185/27/2
f 16/28/2 223/29/2 660/30/2 248/31/2
f 223/29/2 15/32/2 247/33/2 660/30/2
f 660/30/2 247/33/2 3/34/2 235/35/2
f 248/31/2 660/30/2 235/35/2 4/36/2
f 17/37/2 224/38/2 661/39/2 249/40/2
f 224/38/2 16/41/2 248/42/2 661/39/2
f 661/39/2 248/42/2 4/43/2 236/44/2
f 249/40/2 661/39/2 236/44/2 5/45/2
f 18/46/2 225/47/2 662/48/2 250/49/2
f 225/47/2 17/50/2 249/51/2 662/48/2
f 662/48/2 249/51/2 5/52/2 237/53/2
f 250/49/2 662/48/2 237/53/2 6/54/2
f 19/55/2 226/56/2 663/57/2 251/58/2
f 226/56/2 18/59/2 250/60/2 663/57/2
f 663/57/2 250/60/2 6/61/2 238/62/2
f 251/58/2 663/57/2 238/62/2 7/63/2
f 20/64/2 227/65/2 664/66/2 252/67/2
f 227/65/2 19/68/2 251/69/2 664/66/2
f 664/66/2 251/69/2 7/70/2 239/71/2
f 252/67/2 664/66/2 239/71/2 8/72/2
f 49/73/2 317/74/2 665/75/2 362/76/2
f 317/74/2 20/77/2 252/78/2 665/75/2
f 665/75/2 252/78/2 8/79/2 323/80/2
f 362/76/2 665/75/2 323/80/2 55/81/2
f 22/82/2 229/83/2 666/84/2 254/85/2
f 229/83/2 21/86/2 253/87/2 666/84/2
f 666/84/2 253/87/2 9/88/2 241/89/2
f 254/85/2 666/84/2 241/89/2 10/90/2
f 23/91/2 230/92/2 667/93/2 255/94/2
f 230/92/2 22/95/2 254/96/2 667/93/2
f 667/93/2 254/96/2 10/97/2 242/98/2
f 255/94/2 667/93/2 242/98/2 11/99/2
f 24/95/2 231/100/2 668/101/2 256/102/2
f 231/100/2 23/103/2 255/104/2 668/101/2
f 668/101/2 255/104/2 11/105/2 243/106/2
f 256/102/2 668/101/2 243/106/2 12/107/2
f 13/108/2 232/109/2 669/110/2 246/111/2
f 232/109/2 24/112/2 256/113/2 669/110/2
f 669/110/2 256/113/2 12/103/2 244/114/2
f 246/111/2 669/110/2 244/114/2 1/115/2
f 189/116/1 650/117/1 670/118/1 587/119/1
f 650/117/1 193/120/1 590/121/1 670/118/1
f 670/118/1 590/121/1 38/5/1 281/2/1
f 587/119/1 670/118/1 281/2/1 26/1/1
f 28/122/1 284/123/1 671/124/1 259/125/1
f 284/123/1 40/126/1 271/127/1 671/124/1
f 671/124/1 271/127/1 39/128/1 283/129/1
f 259/125/1 671/124/1 283/129/1 27/130/1
f 29/131/1 285/132/1 672/133/1 260/134/1
f 285/132/1 41/135/1 272/136/1 672/133/1
f 672/133/1 272/136/1 40/126/1 284/123/1
f 260/134/1 672/133/1 284/123/1 28/122/1
f 30/137/1 286/138/1 673/139/1 261/140/1
f 286/138/1 42/141/1 273/142/1 673/139/1
f 673/139/1 273/142/1 41/135/1 285/132/1
f 261/140/1 673/139/1 285/132/1 29/131/1
f 31/143/1 287/144/1 674/145/1 262/146/1
f 287/144/1 43/147/1 274/148/1 674/145/1
f 674/145/1 274/148/1 42/141/1 286/138/1
f 262/146/1 674/145/1 286/138/1 30/137/1
f 32/149/1 288/150/1 675/151/1 263/152/1
f 288/150/1 44/153/1 275/154/1 675/151/1
f 675/151/1 275/154/1 43/147/1 287/144/1
f 263/152/1 675/151/1 287/144/1 31/143/1
f 61/155/1 356/156/1 676/157/1 329/158/1
f 356/156/1 67/159/1 334/160/1 676/157/1
f 676/157/1 334/160/1 44/153/1 288/150/1
f 329/158/1 676/157/1 288/150/1 32/149/1
f 34/161/1 290/162/1 677/163/1 265/164/1
f 290/162/1 46/165/1 277/166/1 677/163/1
f 677/163/1 277/166/1 45/167/1 289/168/1
f 265/164/1 677/163/1 289/168/1 33/169/1
f 35/170/1 291/171/1 678/172/1 266/173/1
f 291/171/1 47/174/1 278/175/1 678/172/1
f 678/172/1 278/175/1 46/165/1 290/162/1
f 266/173/1 678/172/1 290/162/1 34/161/1
f 36/176/1 292/177/1 679/178/1 267/179/1
f 292/177/1 48/180/1 279/181/1 679/178/1
f 679/178/1 279/181/1 47/182/1 291/183/1
f 267/179/1 679/178/1 291/183/1 35/184/1
f 25/9/1 282/8/1 680/185/1 268/186/1
f 282/8/1 37/7/1 280/187/1 680/185/1
f 680/185/1 280/187/1 48/180/1 292/177/1
f 268/186/1 680/185/1 292/177/1 36/176/1
f 130/188/3 473/189/3 681/190/3 576/191/3
f 473/189/3 25/192/3 268/193/3 681/190/3
f 681/190/3 268/193/3 36/194/3 293/195/3
f 576/191/3 681/190/3 293/195/3 129/196/3
f 136/197/4 479/198/4 682/199/4 573/200/4
f 479/198/4 30/201/4 261/202/4 682/199/4
f 682/199/4 261/202/4 29/203/4 295/204/4
f 573/200/4 682/199/4 295/204/4 135/205/4
f 126/206/5 350/207/5 683/208/5 469/209/5
f 350/207/5 72/210/5 276/211/5 683/208/5
f 683/208/5 276/211/5 45/212/5 297/213/5
f 469/209/5 683/208/5 297/213/5 75/214/5
f 82/215/6 372/216/6 684/217/6 466/218/6
f 372/216/6 37/219/6 269/220/6 684/217/6
f 684/217/6 269/220/6 38/221/6 299/222/6
f 466/218/6 684/217/6 299/222/6 81/223/6
f 139/224/7 482/225/7 685/226/7 570/227/7
f 482/225/7 31/228/7 262/229/7 685/226/7
f 685/226/7 262/229/7 30/201/7 479/198/7
f 570/227/7 685/226/7 479/198/7 136/197/7
f 75/230/8 297/231/8 686/232/8 463/233/8
f 297/231/8 45/234/8 277/235/8 686/232/8
f 686/232/8 277/235/8 46/236/8 302/237/8
f 463/233/8 686/232/8 302/237/8 87/238/8
f 205/239/9 646/240/9 687/241/9 601/242/9
f 646/240/9 196/243/9 270/244/9 687/241/9
f 687/241/9 270/244/9 39/245/9 303/246/9
f 601/242/9 687/241/9 303/246/9 90/247/9
f 142/248/10 485/249/10 688/250/10 567/251/10
f 485/249/10 32/252/10 263/253/10 688/250/10
f 688/250/10 263/253/10 31/254/10 482/255/10
f 567/251/10 688/250/10 482/255/10 139/256/10
f 87/257/11 302/258/11 689/259/11 457/260/11
f 302/258/11 46/261/11 278/262/11 689/259/11
f 689/259/11 278/262/11 47/263/11 305/264/11
f 457/260/11 689/259/11 305/264/11 93/265/11
f 90/247/12 303/246/12 690/266/12 454/267/12
f 303/246/12 39/245/12 271/268/12 690/266/12
f 690/266/12 271/268/12 40/269/12 306/270/12
f 454/267/12 690/266/12 306/270/12 96/271/12
f 180/272/13 344/273/13 691/274/13 564/275/13
f 344/273/13 61/276/13 329/277/13 691/274/13
f 691/274/13 329/277/13 32/252/13 485/249/13
f 564/275/13 691/274/13 485/249/13 142/248/13
f 93/265/14 305/264/14 692/278/14 451/279/14
f 305/264/14 47/263/14 279/280/14 692/278/14
f 692/278/14 279/280/14 48/281/14 308/282/14
f 451/279/14 692/278/14 308/282/14 99/283/14
f 148/284/15 491/285/15 693/286/15 561/287/15
f 491/285/15 26/288/15 257/289/15 693/286/15
f 693/286/15 257/289/15 25/290/15 473/291/15
f 561/287/15 693/286/15 473/291/15 130/292/15
f 96/293/16 306/294/16 694/295/16 448/296/16
f 306/294/16 40/297/16 272/298/16 694/295/16
f 694/295/16 272/298/16 41/299/16 310/300/16
f 448/296/16 694/295/16 310/300/16 102/301/16
f 151/302/17 494/303/17 695/304/17 558/305/17
f 494/303/17 34/90/17 265/89/17 695/304/17
f 695/304/17 265/89/17 33/88/17 488/306/17
f 558/305/17 695/304/17 488/306/17 145/307/17
f 99/283/18 308/282/18 696/308/18 445/309/18
f 308/282/18 48/281/18 280/310/18 696/308/18
f 696/308/18 280/310/18 37/311/18 372/312/18
f 445/309/18 696/308/18 372/312/18 82/313/18
f 217/314/19 642/315/19 697/316/19 612/317/19
f 642/315/19 189/318/19 587/319/19 697/316/19
f 697/316/19 587/319/19 26/288/19 491/285/19
f 612/317/19 697/316/19 491/285/19 148/284/19
f 102/301/20 310/300/20 698/320/20 442/321/20
f 310/300/20 41/299/20 273/322/20 698/320/20
f 698/320/20 273/322/20 42/323/20 313/324/20
f 442/321/20 698/320/20 313/324/20 105/325/20
f 157/326/21 500/327/21 699/328/21 552/329/21
f 500/327/21 35/99/21 266/98/21 699/328/21
f 699/328/21 266/98/21 34/97/21 494/330/21
f 552/329/21 699/328/21 494/330/21 151/331/21
f 160/332/22 503/333/22 700/334/22 549/335/22
f 503/333/22 28/336/22 259/337/22 700/334/22
f 700/334/22 259/337/22 27/338/22 497/339/22
f 549/335/22 700/334/22 497/339/22 154/340/22
f 105/325/23 313/324/23 701/341/23 439/342/23
f 313/324/23 42/323/23 274/343/23 701/341/23
f 701/341/23 274/343/23 43/344/23 316/345/23
f 439/342/23 701/341/23 316/345/23 108/346/23
f 129/347/24 293/348/24 702/349/24 546/350/24
f 293/348/24 36/107/24 267/106/24 702/349/24
f 702/349/24 267/106/24 35/105/24 500/351/24
f 546/350/24 702/349/24 500/351/24 157/352/24
f 135/205/25 295/204/25 703/353/25 543/354/25
f 295/204/25 29/203/25 260/355/25 703/353/25
f 703/353/25 260/355/25 28/356/25 503/357/25
f 543/354/25 703/353/25 503/357/25 160/358/25
f 108/359/26 316/360/26 704/361/26 436/362/26
f 316/360/26 43/363/26 275/364/26 704/361/26
f 704/361/26 275/364/26 44/365/26 366/366/26
f 436/362/26 704/361/26 366/366/26 76/367/26
f 145/368/13 488/369/13 705/370/13 540/371/13
f 488/369/13 33/372/13 264/373/13 705/370/13
f 705/370/13 264/373/13 66/374/13 339/375/13
f 540/371/13 705/370/13 339/375/13 165/376/13
f 165/376/13 339/375/13 706/377/13 537/378/13
f 339/375/13 66/374/13 333/379/13 706/377/13
f 706/377/13 333/379/13 65/380/13 340/381/13
f 537/378/13 706/377/13 340/381/13 168/382/13
f 168/382/13 340/381/13 707/383/13 534/384/13
f 340/381/13 65/380/13 332/385/13 707/383/13
f 707/383/13 332/385/13 64/386/13 341/387/13
f 534/384/13 707/383/13 341/387/13 171/388/13
f 174/389/13 342/390/13 708/391/13 529/392/13
f 342/390/13 63/393/13 331/394/13 708/391/13
f 708/391/13 331/394/13 62/395/13 343/396/13
f 529/392/13 708/391/13 343/396/13 177/397/13
f 177/397/13 343/398/13 709/399/13 526/400/13
f 343/398/13 62/395/13 330/401/13 709/399/13
f 709/399/13 330/401/13 61/276/13 344/273/13
f 526/400/13 709/399/13 344/273/13 180/272/13
f 76/367/5 366/366/5 710/402/5 433/403/5
f 366/366/5 44/365/5 334/404/5 710/402/5
f 710/402/5 334/404/5 67/405/5 345/406/5
f 433/403/5 710/402/5 345/406/5 111/407/5
f 111/407/5 345/406/5 711/408/5 430/409/5
f 345/406/5 67/405/5 335/410/5 711/408/5
f 711/408/5 335/410/5 68/411/5 346/412/5
f 430/409/5 711/408/5 346/412/5 114/413/5
f 114/413/5 346/412/5 712/414/5 427/415/5
f 346/412/5 68/411/5 336/416/5 712/414/5
f 712/414/5 336/416/5 69/417/5 347/418/5
f 427/415/5 712/414/5 347/418/5 117/419/5
f 120/420/5 348/421/5 713/422/5 422/423/5
f 348/421/5 70/424/5 337/425/5 713/422/5
f 713/422/5 337/425/5 71/426/5 349/427/5
f 422/423/5 713/422/5 349/427/5 123/428/5
f 123/428/5 349/429/5 714/430/5 419/431/5
f 349/429/5 71/426/5 338/432/5 714/430/5
f 714/430/5 338/432/5 72/210/5 350/207/5
f 419/431/5 714/430/5 350/207/5 126/206/5
f 33/169/1 289/168/1 715/433/1 264/434/1
f 289/168/1 45/167/1 276/435/1 715/433/1
f 715/433/1 276/435/1 72/436/1 351/437/1
f 264/434/1 715/433/1 351/437/1 66/438/1
f 66/438/1 351/437/1 716/439/1 333/440/1
f 351/437/1 72/436/1 338/441/1 716/439/1
f 716/439/1 338/441/1 71/442/1 352/443/1
f 333/440/1 716/439/1 352/443/1 65/444/1
f 65/444/1 352/443/1 717/445/1 332/446/1
f 352/443/1 71/442/1 337/447/1 717/445/1
f 717/445/1 337/447/1 70/448/1 353/449/1
f 332/446/1 717/445/1 353/449/1 64/450/1
f 63/451/1 354/452/1 718/453/1 331/454/1
f 354/452/1 69/455/1 336/456/1 718/453/1
f 718/453/1 336/456/1 68/457/1 355/458/1
f 331/454/1 718/453/1 355/458/1 62/459/1
f 62/459/1 355/460/1 719/461/1 330/462/1
f 355/460/1 68/457/1 335/463/1 719/461/1
f 719/461/1 335/463/1 67/159/1 356/156/1
f 330/462/1 719/461/1 356/156/1 61/155/1
f 21/464/2 228/465/2 720/466/2 253/467/2
f 228/465/2 54/468/2 357/469/2 720/466/2
f 720/466/2 357/469/2 60/470/2 240/471/2
f 253/467/2 720/466/2 240/471/2 9/472/2
f 54/468/2 322/473/2 721/474/2 357/469/2
f 322/473/2 53/475/2 358/476/2 721/474/2
f 721/474/2 358/476/2 59/477/2 328/478/2
f 357/469/2 721/474/2 328/478/2 60/470/2
f 53/475/2 321/479/2 722/480/2 358/476/2
f 321/479/2 52/481/2 359/482/2 722/480/2
f 722/480/2 359/482/2 58/483/2 327/484/2
f 358/476/2 722/480/2 327/484/2 59/477/2
f 52/481/2 320/485/2 723/486/2 359/482/2
f 320/485/2 51/487/2 360/488/2 723/486/2
f 723/486/2 360/488/2 57/489/2 326/490/2
f 359/482/2 723/486/2 326/490/2 58/483/2
f 51/487/2 319/491/2 724/492/2 360/488/2
f 319/491/2 50/493/2 361/494/2 724/492/2
f 724/492/2 361/494/2 56/495/2 325/496/2
f 360/488/2 724/492/2 325/496/2 57/489/2
f 50/493/2 318/497/2 725/498/2 361/494/2
f 318/497/2 49/73/2 362/76/2 725/498/2
f 725/498/2 362/76/2 55/81/2 324/499/2
f 361/494/2 725/498/2 324/499/2 56/495/2
f 59/500/5 411/501/5 726/502/5 328/503/5
f 411/501/5 121/504/5 417/505/5 726/502/5
f 726/502/5 417/505/5 124/506/5 414/507/5
f 328/503/5 726/502/5 414/507/5 60/508/5
f 121/504/5 412/509/5 727/510/5 417/505/5
f 412/509/5 122/511/5 418/512/5 727/510/5
f 727/510/5 418/512/5 125/513/5 415/514/5
f 417/505/5 727/510/5 415/514/5 124/506/5
f 122/511/5 413/515/5 728/516/5 418/512/5
f 413/515/5 123/428/5 419/431/5 728/516/5
f 728/516/5 419/431/5 126/206/5 416/517/5
f 418/512/5 728/516/5 416/517/5 125/513/5
f 58/518/5 408/519/5 729/520/5 327/521/5
f 408/519/5 118/522/5 420/523/5 729/520/5
f 729/520/5 420/523/5 121/504/5 411/501/5
f 327/521/5 729/520/5 411/501/5 59/500/5
f 118/522/5 409/524/5 730/525/5 420/523/5
f 409/524/5 119/526/5 421/527/5 730/525/5
f 730/525/5 421/527/5 122/511/5 412/528/5
f 420/523/5 730/525/5 412/528/5 121/504/5
f 119/526/5 410/529/5 731/530/5 421/527/5
f 410/529/5 120/420/5 422/423/5 731/530/5
f 731/530/5 422/423/5 123/428/5 413/531/5
f 421/527/5 731/530/5 413/531/5 122/511/5
f 57/532/5 405/533/5 732/534/5 326/535/5
f 405/533/5 115/536/5 423/537/5 732/534/5
f 732/534/5 423/537/5 118/522/5 408/519/5
f 326/535/5 732/534/5 408/519/5 58/518/5
f 115/536/5 406/538/5 733/539/5 423/540/5
f 406/538/5 116/541/5 424/542/5 733/539/5
f 733/539/5 424/542/5 119/526/5 409/524/5
f 423/540/5 733/539/5 409/524/5 118/522/5
f 56/543/5 402/544/5 734/545/5 325/546/5
f 402/544/5 112/547/5 425/548/5 734/545/5
f 734/545/5 425/548/5 115/536/5 405/533/5
f 325/546/5 734/545/5 405/533/5 57/532/5
f 112/547/5 403/549/5 735/550/5 425/551/5
f 403/549/5 113/552/5 426/553/5 735/550/5
f 735/550/5 426/553/5 116/541/5 406/538/5
f 425/551/5 735/550/5 406/538/5 115/536/5
f 113/552/5 404/554/5 736/555/5 426/553/5
f 404/554/5 114/413/5 427/415/5 736/555/5
f 736/555/5 427/415/5 117/419/5 407/556/5
f 426/553/5 736/555/5 407/556/5 116/541/5
f 55/557/5 399/558/5 737/559/5 324/560/5
f 399/558/5 109/561/5 428/562/5 737/559/5
f 737/559/5 428/562/5 112/547/5 402/544/5
f 324/560/5 737/559/5 402/544/5 56/543/5
f 109/561/5 400/563/5 738/564/5 428/562/5
f 400/563/5 110/565/5 429/566/5 738/564/5
f 738/564/5 429/566/5 113/552/5 403/567/5
f 428/562/5 738/564/5 403/567/5 112/547/5
f 110/565/5 401/568/5 739/569/5 429/566/5
f 401/568/5 111/407/5 430/409/5 739/569/5
f 739/569/5 430/409/5 114/413/5 404/570/5
f 429/566/5 739/569/5 404/570/5 113/552/5
f 8/571/5 298/572/5 740/573/5 323/574/5
f 298/572/5 78/575/5 431/576/5 740/573/5
f 740/573/5 431/576/5 109/561/5 399/558/5
f 323/574/5 740/573/5 399/558/5 55/557/5
f 78/575/5 368/577/5 741/578/5 431/576/5
f 368/577/5 77/579/5 432/580/5 741/578/5
f 741/578/5 432/580/5 110/565/5 400/563/5
f 431/576/5 741/578/5 400/563/5 109/561/5
f 77/579/5 367/581/5 742/582/5 432/580/5
f 367/581/5 76/367/5 433/403/5 742/582/5
f 742/582/5 433/403/5 111/407/5 401/568/5
f 432/580/5 742/582/5 401/568/5 110/565/5
f 7/583/26 396/584/26 743/585/26 239/586/26
f 396/584/26 106/587/26 434/588/26 743/585/26
f 743/585/26 434/588/26 78/575/26 298/572/26
f 239/586/26 743/585/26 298/572/26 8/571/26
f 106/587/26 397/589/26 744/590/26 434/588/26
f 397/589/26 107/591/26 435/592/26 744/590/26
f 744/590/26 435/592/26 77/579/26 368/577/26
f 434/588/26 744/590/26 368/577/26 78/575/26
f 107/591/26 398/593/26 745/594/26 435/592/26
f 398/593/26 108/359/26 436/362/26 745/594/26
f 745/594/26 436/362/26 76/367/26 367/581/26
f 435/592/26 745/594/26 367/581/26 77/579/26
f 6/595/23 393/596/23 746/597/23 238/598/23
f 393/596/23 103/599/23 437/600/23 746/597/23
f 746/597/23 437/600/23 106/601/23 396/602/23
f 238/598/23 746/597/23 396/602/23 7/603/23
f 103/599/23 394/604/23 747/605/23 437/600/23
f 394/604/23 104/606/23 438/607/23 747/605/23
f 747/605/23 438/607/23 107/608/23 397/609/23
f 437/600/23 747/605/23 397/609/23 106/601/23
f 104/606/23 395/610/23 748/611/23 438/607/23
f 395/610/23 105/325/23 439/342/23 748/611/23
f 748/611/23 439/342/23 108/346/23 398/612/23
f 438/607/23 748/611/23 398/612/23 107/608/23
f 5/613/20 390/614/20 749/615/20 237/616/20
f 390/614/20 100/617/20 440/618/20 749/615/20
f 749/615/20 440/618/20 103/599/20 393/596/20
f 237/616/20 749/615/20 393/596/20 6/595/20
f 100/617/20 391/619/20 750/620/20 440/618/20
f 391/619/20 101/621/20 441/622/20 750/620/20
f 750/620/20 441/622/20 104/606/20 394/604/20
f 440/618/20 750/620/20 394/604/20 103/599/20
f 101/621/20 392/623/20 751/624/20 441/622/20
f 392/623/20 102/301/20 442/321/20 751/624/20
f 751/624/20 442/321/20 105/325/20 395/610/20
f 441/622/20 751/624/20 395/610/20 104/606/20
f 12/103/18 387/625/18 752/626/18 244/627/18
f 387/625/18 97/628/18 443/629/18 752/626/18
f 752/626/18 443/629/18 84/630/18 300/631/18
f 244/627/18 752/626/18 300/631/18 1/632/18
f 97/628/18 388/633/18 753/634/18 443/635/18
f 388/633/18 98/636/18 444/637/18 753/634/18
f 753/634/18 444/637/18 83/638/18 374/639/18
f 443/635/18 753/634/18 374/639/18 84/630/18
f 98/636/18 389/640/18 754/641/18 444/637/18
f 389/640/18 99/283/18 445/309/18 754/641/18
f 754/641/18 445/309/18 82/313/18 373/642/18
f 444/637/18 754/641/18 373/642/18 83/638/18
f 4/643/16 384/644/16 755/645/16 236/646/16
f 384/644/16 94/647/16 446/648/16 755/645/16
f 755/645/16 446/648/16 100/617/16 390/614/16
f 236/646/16 755/645/16 390/614/16 5/613/16
f 94/647/16 385/649/16 756/650/16 446/648/16
f 385/649/16 95/651/16 447/652/16 756/650/16
f 756/650/16 447/652/16 101/621/16 391/619/16
f 446/648/16 756/650/16 391/619/16 100/617/16
f 95/651/16 386/653/16 757/654/16 447/652/16
f 386/653/16 96/293/16 448/296/16 757/654/16
f 757/654/16 448/296/16 102/301/16 392/623/16
f 447/652/16 757/654/16 392/623/16 101/621/16
f 11/95/14 381/655/14 758/656/14 243/100/14
f 381/655/14 91/657/14 449/658/14 758/656/14
f 758/656/14 449/658/14 97/628/14 387/625/14
f 243/100/14 758/656/14 387/625/14 12/103/14
f 91/657/14 382/659/14 759/660/14 449/658/14
f 382/659/14 92/661/14 450/662/14 759/660/14
f 759/660/14 450/662/14 98/636/14 388/633/14
f 449/658/14 759/660/14 388/633/14 97/628/14
f 92/661/14 383/663/14 760/664/14 450/662/14
f 383/663/14 93/265/14 451/279/14 760/664/14
f 760/664/14 451/279/14 99/283/14 389/640/14
f 450/662/14 760/664/14 389/640/14 98/636/14
f 3/665/12 378/666/12 761/667/12 235/668/12
f 378/666/12 88/669/12 452/670/12 761/667/12
f 761/667/12 452/670/12 94/671/12 384/672/12
f 235/668/12 761/667/12 384/672/12 4/673/12
f 88/669/12 379/674/12 762/675/12 452/670/12
f 379/674/12 89/676/12 453/677/12 762/675/12
f 762/675/12 453/677/12 95/678/12 385/679/12
f 452/670/12 762/675/12 385/679/12 94/671/12
f 89/676/12 380/680/12 763/681/12 453/677/12
f 380/680/12 90/247/12 454/267/12 763/681/12
f 763/681/12 454/267/12 96/271/12 386/682/12
f 453/677/12 763/681/12 386/682/12 95/678/12
f 10/91/11 375/683/11 764/684/11 242/92/11
f 375/683/11 85/685/11 455/686/11 764/684/11
f 764/684/11 455/686/11 91/657/11 381/687/11
f 242/92/11 764/684/11 381/687/11 11/95/11
f 85/685/11 376/688/11 765/689/11 455/686/11
f 376/688/11 86/690/11 456/691/11 765/689/11
f 765/689/11 456/691/11 92/661/11 382/659/11
f 455/686/11 765/689/11 382/659/11 91/657/11
f 86/690/11 377/692/11 766/693/11 456/691/11
f 377/692/11 87/257/11 457/260/11 766/693/11
f 766/693/11 457/260/11 93/265/11 383/663/11
f 456/691/11 766/693/11 383/663/11 92/661/11
f 188/694/9 638/695/9 767/696/9 234/697/9
f 638/695/9 197/698/9 593/699/9 767/696/9
f 767/696/9 593/699/9 88/669/9 378/666/9
f 234/697/9 767/696/9 378/666/9 3/665/9
f 197/698/9 634/700/9 768/701/9 593/699/9
f 634/700/9 201/702/9 597/703/9 768/701/9
f 768/701/9 597/703/9 89/676/9 379/674/9
f 593/699/9 768/701/9 379/674/9 88/669/9
f 201/702/9 630/704/9 769/705/9 597/703/9
f 630/704/9 205/239/9 601/242/9 769/705/9
f 769/705/9 601/242/9 90/247/9 380/680/9
f 597/703/9 769/705/9 380/680/9 89/676/9
f 9/706/8 363/707/8 770/708/8 241/709/8
f 363/707/8 73/710/8 461/711/8 770/708/8
f 770/708/8 461/711/8 85/712/8 375/713/8
f 241/709/8 770/708/8 375/713/8 10/714/8
f 73/710/8 364/715/8 771/716/8 461/711/8
f 364/715/8 74/717/8 462/718/8 771/716/8
f 771/716/8 462/718/8 86/719/8 376/720/8
f 461/711/8 771/716/8 376/720/8 85/712/8
f 74/717/8 365/721/8 772/722/8 462/718/8
f 365/721/8 75/230/8 463/233/8 772/722/8
f 772/722/8 463/233/8 87/238/8 377/723/8
f 462/718/8 772/722/8 377/723/8 86/719/8
f 1/724/6 300/725/6 773/726/6 233/727/6
f 300/725/6 84/728/6 464/729/6 773/726/6
f 773/726/6 464/729/6 79/730/6 369/731/6
f 233/727/6 773/726/6 369/731/6 2/732/6
f 84/728/6 374/733/6 774/734/6 464/729/6
f 374/733/6 83/735/6 465/736/6 774/734/6
f 774/734/6 465/736/6 80/737/6 370/738/6
f 464/729/6 774/734/6 370/738/6 79/730/6
f 83/735/6 373/739/6 775/740/6 465/736/6
f 373/739/6 82/215/6 466/218/6 775/740/6
f 775/740/6 466/218/6 81/223/6 371/741/6
f 465/736/6 775/740/6 371/741/6 80/737/6
f 60/508/5 414/507/5 776/742/5 240/743/5
f 414/507/5 124/506/5 467/744/5 776/742/5
f 776/742/5 467/744/5 73/745/5 363/746/5
f 240/743/5 776/742/5 363/746/5 9/747/5
f 124/506/5 415/514/5 777/748/5 467/744/5
f 415/514/5 125/513/5 468/749/5 777/748/5
f 777/748/5 468/749/5 74/750/5 364/751/5
f 467/744/5 777/748/5 364/751/5 73/745/5
f 125/513/5 416/517/5 778/752/5 468/749/5
f 416/517/5 126/206/5 469/209/5 778/752/5
f 778/752/5 469/209/5 75/214/5 365/753/5
f 468/749/5 778/752/5 365/753/5 74/750/5
f 50/754/13 518/755/13 779/756/13 318/757/13
f 518/755/13 175/758/13 524/759/13 779/756/13
f 779/756/13 524/759/13 178/760/13 521/761/13
f 318/757/13 779/756/13 521/761/13 49/762/13
f 175/758/13 519/763/13 780/764/13 524/759/13
f 519/763/13 176/765/13 525/766/13 780/764/13
f 780/764/13 525/766/13 179/767/13 522/768/13
f 524/759/13 780/764/13 522/768/13 178/760/13
f 176/765/13 520/769/13 781/770/13 525/766/13
f 520/769/13 177/397/13 526/400/13 781/770/13
f 781/770/13 526/400/13 180/272/13 523/771/13
f 525/766/13 781/770/13 523/771/13 179/767/13
f 51/772/13 515/773/13 782/774/13 319/775/13
f 515/773/13 172/776/13 527/777/13 782/774/13
f 782/774/13 527/777/13 175/758/13 518/755/13
f 319/775/13 782/774/13 518/755/13 50/754/13
f 172/776/13 516/778/13 783/779/13 527/780/13
f 516/778/13 173/781/13 528/782/13 783/779/13
f 783/779/13 528/782/13 176/765/13 519/763/13
f 527/780/13 783/779/13 519/763/13 175/758/13
f 173/781/13 517/783/13 784/784/13 528/782/13
f 517/783/13 174/389/13 529/392/13 784/784/13
f 784/784/13 529/392/13 177/397/13 520/785/13
f 528/782/13 784/784/13 520/785/13 176/765/13
f 52/786/13 512/787/13 785/788/13 320/789/13
f 512/787/13 169/790/13 530/791/13 785/788/13
f 785/788/13 530/791/13 172/776/13 515/773/13
f 320/789/13 785/788/13 515/773/13 51/772/13
f 169/790/13 513/792/13 786/793/13 530/794/13
f 513/792/13 170/795/13 531/796/13 786/793/13
f 786/793/13 531/796/13 173/781/13 516/778/13
f 530/794/13 786/793/13 516/778/13 172/776/13
f 53/797/13 509/798/13 787/799/13 321/800/13
f 509/798/13 166/801/13 532/802/13 787/799/13
f 787/799/13 532/802/13 169/790/13 512/787/13
f 321/800/13 787/799/13 512/787/13 52/786/13
f 166/801/13 510/803/13 788/804/13 532/802/13
f 510/803/13 167/805/13 533/806/13 788/804/13
f 788/804/13 533/806/13 170/795/13 513/792/13
f 532/802/13 788/804/13 513/792/13 169/790/13
f 167/805/13 511/807/13 789/808/13 533/806/13
f 511/807/13 168/382/13 534/384/13 789/808/13
f 789/808/13 534/384/13 171/388/13 514/809/13
f 533/806/13 789/808/13 514/809/13 170/795/13
f 54/810/13 506/811/13 790/812/13 322/813/13
f 506/811/13 163/814/13 535/815/13 790/812/13
f 790/812/13 535/815/13 166/801/13 509/798/13
f 322/813/13 790/812/13 509/798/13 53/797/13
f 163/814/13 507/816/13 791/817/13 535/815/13
f 507/816/13 164/818/13 536/819/13 791/817/13
f 791/817/13 536/819/13 167/805/13 510/803/13
f 535/815/13 791/817/13 510/803/13 166/801/13
f 164/818/13 508/820/13 792/821/13 536/819/13
f 508/820/13 165/376/13 537/378/13 792/821/13
f 792/821/13 537/378/13 168/382/13 511/807/13
f 536/819/13 792/821/13 511/807/13 167/805/13
f 21/822/13 307/823/13 793/824/13 228/825/13
f 307/823/13 147/826/13 538/827/13 793/824/13
f 793/824/13 538/827/13 163/814/13 506/811/13
f 228/825/13 793/824/13 506/811/13 54/810/13
f 147/826/13 490/828/13 794/829/13 538/827/13
f 490/828/13 146/830/13 539/831/13 794/829/13
f 794/829/13 539/831/13 164/818/13 507/816/13
f 538/827/13 794/829/13 507/816/13 163/814/13
f 146/830/13 489/832/13 795/833/13 539/831/13
f 489/832/13 145/368/13 540/371/13 795/833/13
f 795/833/13 540/371/13 165/376/13 508/820/13
f 539/831/13 795/833/13 508/820/13 164/818/13
f 17/834/25 476/835/25 796/836/25 224/837/25
f 476/835/25 133/838/25 541/839/25 796/836/25
f 796/836/25 541/839/25 162/840/25 315/841/25
f 224/837/25 796/836/25 315/841/25 16/842/25
f 133/838/25 477/843/25 797/844/25 541/839/25
f 477/843/25 134/845/25 542/846/25 797/844/25
f 797/844/25 542/846/25 161/847/25 505/848/25
f 541/839/25 797/844/25 505/848/25 162/840/25
f 134/845/25 478/849/25 798/850/25 542/846/25
f 478/849/25 135/205/25 543/354/25 798/850/25
f 798/850/25 543/354/25 160/358/25 504/851/25
f 542/846/25 798/850/25 504/851/25 161/847/25
f 24/852/24 470/853/24 799/854/24 231/855/24
f 470/853/24 127/856/24 544/857/24 799/854/24
f 799/854/24 544/857/24 159/858/24 314/859/24
f 231/855/24 799/854/24 314/859/24 23/860/24
f 127/856/24 471/861/24 800/862/24 544/857/24
f 471/861/24 128/863/24 545/864/24 800/862/24
f 800/862/24 545/864/24 158/865/24 502/866/24
f 544/857/24 800/862/24 502/866/24 159/858/24
f 128/863/24 472/867/24 801/868/24 545/864/24
f 472/867/24 129/347/24 546/350/24 801/868/24
f 801/868/24 546/350/24 157/352/24 501/869/24
f 545/864/24 801/868/24 501/869/24 158/865/24
f 16/870/22 315/871/22 802/872/22 223/873/22
f 315/871/22 162/874/22 547/875/22 802/872/22
f 802/872/22 547/875/22 156/876/22 312/877/22
f 223/873/22 802/872/22 312/877/22 15/878/22
f 162/874/22 505/879/22 803/880/22 547/875/22
f 505/879/22 161/881/22 548/882/22 803/880/22
f 803/880/22 548/882/22 155/883/22 499/884/22
f 547/875/22 803/880/22 499/884/22 156/876/22
f 161/881/22 504/885/22 804/886/22 548/882/22
f 504/885/22 160/332/22 549/335/22 804/886/22
f 804/886/22 549/335/22 154/340/22 498/887/22
f 548/882/22 804/886/22 498/887/22 155/883/22
f 23/888/21 314/889/21 805/890/21 230/891/21
f 314/889/21 159/892/21 550/893/21 805/890/21
f 805/890/21 550/893/21 153/894/21 311/895/21
f 230/891/21 805/890/21 311/895/21 22/896/21
f 159/892/21 502/897/21 806/898/21 550/893/21
f 502/897/21 158/899/21 551/900/21 806/898/21
f 806/898/21 551/900/21 152/901/21 496/902/21
f 550/893/21 806/898/21 496/902/21 153/894/21
f 158/899/21 501/903/21 807/904/21 551/900/21
f 501/903/21 157/326/21 552/329/21 807/904/21
f 807/904/21 552/329/21 151/331/21 495/905/21
f 551/900/21 807/904/21 495/905/21 152/901/21
f 181/906/19 626/907/19 808/908/19 579/909/19
f 626/907/19 209/910/19 604/911/19 808/908/19
f 808/908/19 604/911/19 150/912/19 309/913/19
f 579/909/19 808/908/19 309/913/19 14/914/19
f 209/910/19 622/915/19 809/916/19 604/911/19
f 622/915/19 213/917/19 608/918/19 809/916/19
f 809/916/19 608/918/19 149/919/19 493/920/19
f 604/911/19 809/916/19 493/920/19 150/912/19
f 213/917/19 618/921/19 810/922/19 608/918/19
f 618/921/19 217/314/19 612/317/19 810/922/19
f 810/922/19 612/317/19 148/284/19 492/923/19
f 608/918/19 810/922/19 492/923/19 149/919/19
f 22/924/17 311/925/17 811/926/17 229/927/17
f 311/925/17 153/928/17 556/929/17 811/926/17
f 811/926/17 556/929/17 147/930/17 307/931/17
f 229/927/17 811/926/17 307/931/17 21/932/17
f 153/928/17 496/933/17 812/934/17 556/929/17
f 496/933/17 152/935/17 557/936/17 812/934/17
f 812/934/17 557/936/17 146/937/17 490/938/17
f 556/929/17 812/934/17 490/938/17 147/930/17
f 152/935/17 495/939/17 813/940/17 557/936/17
f 495/939/17 151/302/17 558/305/17 813/940/17
f 813/940/17 558/305/17 145/307/17 489/941/17
f 557/936/17 813/940/17 489/941/17 146/937/17
f 14/914/15 309/913/15 814/942/15 221/943/15
f 309/913/15 150/912/15 559/944/15 814/942/15
f 814/942/15 559/944/15 132/945/15 294/946/15
f 221/943/15 814/942/15 294/946/15 13/947/15
f 150/912/15 493/920/15 815/948/15 559/944/15
f 493/920/15 149/919/15 560/949/15 815/948/15
f 815/948/15 560/949/15 131/950/15 475/951/15
f 559/944/15 815/948/15 475/951/15 132/945/15
f 149/919/15 492/923/15 816/952/15 560/949/15
f 492/923/15 148/284/15 561/287/15 816/952/15
f 816/952/15 561/287/15 130/292/15 474/953/15
f 560/949/15 816/952/15 474/953/15 131/950/15
f 49/762/13 521/761/13 817/954/13 317/955/13
f 521/761/13 178/760/13 562/956/13 817/954/13
f 817/954/13 562/956/13 144/957/13 304/958/13
f 317/955/13 817/954/13 304/958/13 20/959/13
f 178/760/13 522/768/13 818/960/13 562/956/13
f 522/768/13 179/767/13 563/961/13 818/960/13
f 818/960/13 563/961/13 143/962/13 487/963/13
f 562/956/13 818/960/13 487/963/13 144/957/13
f 179/767/13 523/771/13 819/964/13 563/961/13
f 523/771/13 180/272/13 564/275/13 819/964/13
f 819/964/13 564/275/13 142/248/13 486/965/13
f 563/961/13 819/964/13 486/965/13 143/962/13
f 20/959/10 304/958/10 820/966/10 227/967/10
f 304/958/10 144/957/10 565/968/10 820/966/10
f 820/966/10 565/968/10 141/969/10 301/970/10
f 227/967/10 820/966/10 301/970/10 19/971/10
f 144/957/10 487/963/10 821/972/10 565/968/10
f 487/963/10 143/962/10 566/973/10 821/972/10
f 821/972/10 566/973/10 140/974/10 484/975/10
f 565/968/10 821/972/10 484/975/10 141/969/10
f 143/962/10 486/965/10 822/976/10 566/973/10
f 486/965/10 142/248/10 567/251/10 822/976/10
f 822/976/10 567/251/10 139/256/10 483/977/10
f 566/973/10 822/976/10 483/977/10 140/974/10
f 19/978/7 301/979/7 823/980/7 226/981/7
f 301/979/7 141/982/7 568/983/7 823/980/7
f 823/980/7 568/983/7 138/984/7 296/985/7
f 226/981/7 823/980/7 296/985/7 18/986/7
f 141/982/7 484/987/7 824/988/7 568/983/7
f 484/987/7 140/989/7 569/990/7 824/988/7
f 824/988/7 569/990/7 137/991/7 481/992/7
f 568/983/7 824/988/7 481/992/7 138/984/7
f 140/989/7 483/993/7 825/994/7 569/990/7
f 483/993/7 139/224/7 570/227/7 825/994/7
f 825/994/7 570/227/7 136/197/7 480/995/7
f 569/990/7 825/994/7 480/995/7 137/991/7
f 18/986/4 296/985/4 826/996/4 225/997/4
f 296/985/4 138/984/4 571/998/4 826/996/4
f 826/996/4 571/998/4 133/838/4 476/835/4
f 225/997/4 826/996/4 476/835/4 17/834/4
f 138/984/4 481/992/4 827/999/4 571/998/4
f 481/992/4 137/991/4 572/1000/4 827/999/4
f 827/999/4 572/1000/4 134/845/4 477/843/4
f 571/998/4 827/999/4 477/843/4 133/838/4
f 137/991/4 480/995/4 828/1001/4 572/1000/4
f 480/995/4 136/197/4 573/200/4 828/1001/4
f 828/1001/4 573/200/4 135/205/4 478/849/4
f 572/1000/4 828/1001/4 478/849/4 134/845/4
f 13/1002/3 294/1003/3 829/1004/3 232/1005/3
f 294/1003/3 132/1006/3 574/1007/3 829/1004/3
f 829/1004/3 574/1007/3 127/1008/3 470/1009/3
f 232/1005/3 829/1004/3 470/1009/3 24/1010/3
f 132/1006/3 475/1011/3 830/1012/3 574/1007/3
f 475/1011/3 131/1013/3 575/1014/3 830/1012/3
f 830/1012/3 575/1014/3 128/1015/3 471/1016/3
f 574/1007/3 830/1012/3 471/1016/3 127/1008/3
f 131/1013/3 474/1017/3 831/1018/3 575/1014/3
f 474/1017/3 130/188/3 576/191/3 831/1018/3
f 831/1018/3 576/191/3 129/196/3 472/1019/3
f 575/1014/3 831/1018/3 472/1019/3 128/1015/3
f 63/1020/27 342/1021/27 832/1022/27 354/1023/27
f 174/1024/27 517/1025/27 832/1022/27 342/1021/27
f 173/1026/27 577/1027/27 832/1022/27 517/1025/27
f 116/1028/27 407/1029/27 832/1022/27 577/1027/27
f 117/1030/27 347/1031/27 832/1022/27 407/1029/27
f 69/1032/27 354/1023/27 832/1022/27 347/1031/27
f 64/1033/28 353/1034/28 833/1035/28 341/1036/28
f 70/1037/28 348/1038/28 833/1035/28 353/1034/28
f 120/1039/28 410/1040/28 833/1035/28 348/1038/28
f 119/1041/28 578/1042/28 833/1035/28 410/1040/28
f 170/1043/28 514/1044/28 833/1035/28 578/1042/28
f 171/1045/28 341/1036/28 833/1035/28 514/1044/28
f 155/883/19 498/887/19 834/1046/19 554/1047/19
f 498/887/19 154/340/19 555/1048/19 834/1046/19
f 834/1046/19 555/1048/19 220/1049/19 615/1050/19
f 554/1047/19 834/1046/19 615/1050/19 216/1051/19
f 216/1051/19 615/1050/19 835/1052/19 611/1053/19
f 615/1050/19 220/1049/19 614/1054/19 835/1052/19
f 835/1052/19 614/1054/19 219/1055/19 616/1056/19
f 611/1053/19 835/1052/19 616/1056/19 215/1057/19
f 214/1058/19 617/1059/19 836/1060/19 609/1061/19
f 617/1059/19 218/1062/19 613/1063/19 836/1060/19
f 836/1060/19 613/1063/19 217/314/19 618/1064/19
f 609/1061/19 836/1060/19 618/1064/19 213/917/19
f 156/876/19 499/884/19 837/1065/19 553/1066/19
f 499/884/19 155/883/19 554/1047/19 837/1065/19
f 837/1065/19 554/1047/19 216/1051/19 619/1067/19
f 553/1066/19 837/1065/19 619/1067/19 212/1068/19
f 212/1068/19 619/1067/19 838/1069/19 607/1070/19
f 619/1067/19 216/1051/19 611/1053/19 838/1069/19
f 838/1069/19 611/1053/19 215/1057/19 620/1071/19
f 607/1070/19 838/1069/19 620/1071/19 211/1072/19
f 211/1072/19 620/1071/19 839/1073/19 606/1074/19
f 620/1071/19 215/1057/19 610/1075/19 839/1073/19
f 839/1073/19 610/1075/19 214/1058/19 621/1076/19
f 606/1074/19 839/1073/19 621/1076/19 210/1077/19
f 210/1077/19 621/1076/19 840/1078/19 605/1079/19
f 621/1076/19 214/1058/19 609/1061/19 840/1078/19
f 840/1078/19 609/1061/19 213/917/19 622/915/19
f 605/1079/19 840/1078/19 622/915/19 209/910/19
f 15/878/19 312/877/19 841/1080/19 222/1081/19
f 312/877/19 156/876/19 553/1066/19 841/1080/19
f 841/1080/19 553/1066/19 212/1068/19 623/1082/19
f 222/1081/19 841/1080/19 623/1082/19 184/1083/19
f 184/1083/19 623/1082/19 842/1084/19 582/1085/19
f 623/1082/19 212/1068/19 607/1086/19 842/1084/19
f 842/1084/19 607/1086/19 211/1072/19 624/1087/19
f 582/1085/19 842/1084/19 624/1087/19 183/1088/19
f 183/1088/19 624/1087/19 843/1089/19 581/1090/19
f 624/1087/19 211/1072/19 606/1074/19 843/1089/19
f 843/1089/19 606/1074/19 210/1077/19 625/1091/19
f 581/1090/19 843/1089/19 625/1091/19 182/1092/19
f 182/1092/19 625/1091/19 844/1093/19 580/1094/19
f 625/1091/19 210/1077/19 605/1079/19 844/1093/19
f 844/1093/19 605/1079/19 209/910/19 626/907/19
f 580/1094/19 844/1093/19 626/907/19 181/906/19
f 80/737/9 371/741/9 845/1095/9 459/1096/9
f 371/741/9 81/223/9 460/1097/9 845/1095/9
f 845/1095/9 460/1097/9 208/1098/9 627/1099/9
f 459/1096/9 845/1095/9 627/1099/9 204/1100/9
f 204/1100/9 627/1099/9 846/1101/9 600/1102/9
f 627/1099/9 208/1098/9 603/1103/9 846/1101/9
f 846/1101/9 603/1103/9 207/1104/9 628/1105/9
f 600/1102/9 846/1101/9 628/1105/9 203/1106/9
f 202/1107/9 629/1108/9 847/1109/9 598/1110/9
f 629/1108/9 206/1111/9 602/1112/9 847/1109/9
f 847/1109/9 602/1112/9 205/239/9 630/704/9
f 598/1110/9 847/1109/9 630/704/9 201/702/9
f 79/730/9 370/738/9 848/1113/9 458/1114/9
f 370/738/9 80/737/9 459/1096/9 848/1113/9
f 848/1113/9 459/1096/9 204/1100/9 631/1115/9
f 458/1114/9 848/1113/9 631/1115/9 200/1116/9
f 200/1116/9 631/1115/9 849/1117/9 596/1118/9
f 631/1115/9 204/1100/9 600/1102/9 849/1117/9
f 849/1117/9 600/1102/9 203/1106/9 632/1119/9
f 596/1118/9 849/1117/9 632/1119/9 199/1120/9
f 199/1120/9 632/1119/9 850/1121/9 595/1122/9
f 632/1119/9 203/1106/9 599/1123/9 850/1121/9
f 850/1121/9 599/1123/9 202/1107/9 633/1124/9
f 595/1122/9 850/1121/9 633/1124/9 198/1125/9
f 198/1125/9 633/1124/9 851/1126/9 594/1127/9
f 633/1124/9 202/1107/9 598/1110/9 851/1126/9
f 851/1126/9 598/1110/9 201/702/9 634/700/9
f 594/1127/9 851/1126/9 634/700/9 197/698/9
f 2/732/9 369/731/9 852/1128/9 583/1129/9
f 369/731/9 79/730/9 458/1114/9 852/1128/9
f 852/1128/9 458/1114/9 200/1116/9 635/1130/9
f 583/1129/9 852/1128/9 635/1130/9 185/1131/9
f 185/1131/9 635/1130/9 853/1132/9 584/1133/9
f 635/1130/9 200/1116/9 596/1118/9 853/1132/9
f 853/1132/9 596/1118/9 199/1120/9 636/1134/9
f 584/1133/9 853/1132/9 636/1134/9 186/1135/9
f 186/1135/9 636/1134/9 854/1136/9 585/1137/9
f 636/1134/9 199/1120/9 595/1138/9 854/1136/9
f 854/1136/9 595/1138/9 198/1125/9 637/1139/9
f 585/1137/9 854/1136/9 637/1139/9 187/1140/9
f 187/1140/9 637/1139/9 855/1141/9 586/1142/9
f 637/1139/9 198/1125/9 594/1127/9 855/1141/9
f 855/1141/9 594/1127/9 197/698/9 638/695/9
f 586/1142/9 855/1141/9 638/695/9 188/694/9
f 154/340/19 497/339/19 856/1143/19 555/1048/19
f 497/339/19 27/338/19 258/1144/19 856/1143/19
f 856/1143/19 258/1144/19 192/1145/19 639/1146/19
f 555/1048/19 856/1143/19 639/1146/19 220/1049/19
f 220/1049/19 639/1147/19 857/1148/19 614/1054/19
f 639/1147/19 192/1145/19 589/1149/19 857/1148/19
f 857/1148/19 589/1149/19 191/1150/19 640/1151/19
f 614/1054/19 857/1148/19 640/1151/19 219/1055/19
f 218/1062/19 641/1152/19 858/1153/19 613/1063/19
f 641/1152/19 190/1154/19 588/1155/19 858/1153/19
f 858/1153/19 588/1155/19 189/318/19 642/1156/19
f 613/1063/19 858/1153/19 642/1156/19 217/314/19
f 81/223/9 299/222/9 859/1157/9 460/1097/9
f 299/222/9 38/221/9 590/1158/9 859/1157/9
f 859/1157/9 590/1158/9 193/1159/9 643/1160/9
f 460/1097/9 859/1157/9 643/1160/9 208/1098/9
f 208/1098/9 643/1160/9 860/1161/9 603/1103/9
f 643/1160/9 193/1159/9 591/1162/9 860/1161/9
f 860/1161/9 591/1162/9 194/1163/9 644/1164/9
f 603/1103/9 860/1161/9 644/1164/9 207/1104/9
f 206/1111/9 645/1165/9 861/1166/9 602/1112/9
f 645/1165/9 195/1167/9 592/1168/9 861/1166/9
f 861/1166/9 592/1168/9 196/243/9 646/240/9
f 602/1112/9 861/1166/9 646/240/9 205/239/9
f 27/130/1 283/129/1 862/1169/1 258/1170/1
f 283/129/1 39/128/1 270/1171/1 862/1169/1
f 862/1169/1 270/1171/1 196/1172/1 647/1173/1
f 258/1170/1 862/1169/1 647/1173/1 192/1174/1
f 192/1174/1 647/1175/1 863/1176/1 589/1177/1
f 647/1175/1 196/1172/1 592/1178/1 863/1176/1
f 863/1176/1 592/1178/1 195/1179/1 648/1180/1
f 589/1177/1 863/1176/1 648/1180/1 191/1181/1
f 190/1182/1 649/1183/1 864/1184/1 588/1185/1
f 649/1183/1 194/1186/1 591/1187/1 864/1184/1
f 864/1184/1 591/1187/1 193/120/1 650/117/1
f 588/1185/1 864/1184/1 650/117/1 189/116/1
f 15/1188/2 222/1189/2 865/1190/2 247/1191/2
f 222/1189/2 184/1192/2 651/1193/2 865/1190/2
f 865/1190/2 651/1193/2 188/1194/2 234/1195/2
f 247/1191/2 865/1190/2 234/1195/2 3/1196/2
f 184/1192/2 582/1197/2 866/1198/2 651/1193/2
f 582/1197/2 183/1199/2 652/1200/2 866/1198/2
f 866/1198/2 652/1200/2 187/1201/2 586/1202/2
f 651/1193/2 866/1198/2 586/1202/2 188/1194/2
f 183/1199/2 581/1203/2 867/1204/2 652/1200/2
f 581/1203/2 182/1205/2 653/1206/2 867/1204/2
f 867/1204/2 653/1206/2 186/1207/2 585/1208/2
f 652/1200/2 867/1204/2 585/1208/2 187/1201/2
f 182/1205/2 580/1209/2 868/1210/2 653/1206/2
f 580/1209/2 181/19/2 654/22/2 868/1210/2
f 868/1210/2 654/22/2 185/27/2 584/1211/2
f 653/1206/2 868/1210/2 584/1211/2 186/1207/2
f 218/1212/29 617/1213/29 869/1214/29 641/1215/29
f 214/1216/29 655/1217/29 869/1214/29 617/1213/29
f 203/1218/29 628/1219/29 869/1214/29 655/1217/29
f 207/1220/29 644/1221/29 869/1214/29 628/1219/29
f 194/1222/29 649/1223/29 869/1214/29 644/1221/29
f 190/1224/29 641/1215/29 869/1214/29 649/1223/29
f 202/1225/1 599/1226/1 870/1227/1 656/1228/1
f 599/1226/1 203/1229/1 655/1230/1 870/1227/1
f 870/1227/1 655/1230/1 214/1231/1 610/1232/1
f 656/1228/1 870/1227/1 610/1232/1 215/1233/1
f 219/1234/30 640/1235/30 871/1236/30 616/1237/30
f 191/1238/30 648/1239/30 871/1236/30 640/1235/30
f 195/1240/30 645/1241/30 871/1236/30 648/1239/30
f 206/1242/30 629/1243/30 871/1236/30 645/1241/30
f 202/1244/30 656/1245/30 871/1236/30 629/1243/30
f 215/1246/30 616/1237/30 871/1236/30 656/1245/30
o Plane.004
v -1.788126 -4.567324 -85.094727
v 2.853859 -4.567324 -67.598061
v 16.422695 -4.567324 -71.525917
v 18.922216 -4.567324 -63.313156
v 27.492010 -4.567324 -65.812706
v 26.777859 -4.567324 -70.811745
v 36.061817 -4.567324 -73.668335
v 39.989643 -4.567324 -66.526833
v 47.131130 -4.567324 -70.097610
v 59.271664 -4.567324 -67.955154
v 60.699959 -4.567324 -74.382484
v 68.555603 -4.567324 -69.740509
v 64.270706 -4.567324 -59.028267
v 71.412216 -4.567324 -51.529690
v 72.483444 -4.567324 -36.532539
v 79.624924 -4.567324 -28.676907
v 81.053238 -4.567324 -17.250511
v 79.267853 -4.567324 -5.824133
v 97.478668 -4.567324 -7.252420
v 97.835732 -4.567324 -14.393929
v 92.479614 -4.567324 -16.179295
v 93.550850 -4.567324 -22.606627
v 97.835732 -4.567324 -24.749075
v 94.979134 -4.567324 -32.961807
v 90.337166 -4.567324 -31.533501
v 88.908875 -4.567324 -37.960854
v 91.408401 -4.567324 -41.531597
v 88.908875 -4.567324 -49.030170
v 84.623978 -4.567324 -49.030170
v 81.767372 -4.567324 -56.885818
v 77.125412 -4.567324 -66.526833
v 79.267853 -4.567324 -71.525917
v 74.268822 -4.567324 -76.882034
v 63.913635 -4.567324 -80.809830
v 53.915546 -4.567324 -82.238129
v 47.845276 -4.567324 -80.095711
v 40.346718 -4.567324 -84.023514
v 26.063705 -4.567324 -81.881065
v 22.850040 -4.567324 -77.596169
v 16.422693 -4.567324 -80.095711
v 7.852905 -4.567324 -79.381554
v 4.282156 -4.567324 -86.165947
v 9.684592 -4.567324 -69.575394
v 34.160702 -4.567324 -83.095612
v 49.424217 -4.567324 -69.692947
v 54.646385 -4.567324 -68.771378
v 0.538026 -4.567324 -76.326950
v 43.820148 -4.567324 -76.893829
v 74.842537 -4.567324 -60.534279
v 85.457542 -4.567324 -34.509529
v 79.411781 -4.567324 -43.664661
v 73.775368 -4.567324 -57.732971
v 87.496910 -4.567324 -16.646420
v 85.994965 -4.567324 -30.375582
v 89.037956 -4.567324 -6.590409
v 0.538026 -0.183440 -76.326950
v 2.853859 -0.183440 -67.598061
v 9.684592 -0.183440 -69.575394
v 16.422695 -0.183440 -71.525917
v 18.922216 -0.183440 -63.313156
v 27.492010 -0.183440 -65.812706
v 26.777859 -0.183440 -70.811745
v 36.061817 -0.183440 -73.668335
v 39.989643 -0.183440 -66.526833
v 47.131130 -0.183440 -70.097610
v 54.646385 -0.183440 -68.771378
v 59.271664 -0.183440 -67.955154
v 60.699959 -0.183440 -74.382484
v 68.555603 -0.183440 -69.740509
v 64.270706 -0.183440 -59.028267
v 71.412216 -0.183440 -51.529690
v 72.483444 -0.183440 -36.532539
v 79.624924 -0.183440 -28.676907
v 81.053238 -0.183440 -17.250511
v 79.267853 -0.183440 -5.824133
v 89.037956 -0.183440 -6.590409
v 97.478668 -0.183440 -7.252420
v 97.835732 -0.183440 -14.393929
v 92.479614 -0.183440 -16.179295
v 93.550850 -0.183440 -22.606627
v 97.835732 -0.183440 -24.749075
v 94.979134 -0.183440 -32.961807
v 90.337166 -0.183440 -31.533501
v 88.908875 -0.183440 -37.960854
v 91.408401 -0.183440 -41.531597
v 88.908875 -0.183440 -49.030170
v 84.623978 -0.183440 -49.030170
v 81.767372 -0.183440 -56.885818
v 77.125412 -0.183440 -66.526833
v 79.267853 -0.183440 -71.525917
v 74.268822 -0.183440 -76.882034
v 63.913635 -0.183440 -80.809830
v 53.915546 -0.183440 -82.238129
v 47.845276 -0.183440 -80.095711
v 34.160702 -0.183440 -83.095612
v 26.063705 -0.183440 -81.881065
v 22.850040 -0.183440 -77.596169
v 16.422693 -0.183440 -80.095711
v 7.852905 -0.183440 -79.381554
v 4.282156 -0.183440 -86.165947
v -1.788126 -0.183440 -85.094727
v 40.346718 -0.183440 -84.023514
v 43.820148 -0.183440 -76.893829
v 49.424217 -0.183440 -69.692947
v 73.775368 -0.183440 -57.732971
v 79.411781 -0.183440 -43.664661
v 85.457542 -0.183440 -34.509529
v 85.994965 -0.183440 -30.375582
v 87.496910 -0.183440 -16.646420
v 74.842537 -0.183440 -60.534279
v 0.538026 1.650510 -76.326950
v 2.853859 1.650510 -67.598061
v 16.422695 1.650510 -71.525917
v 18.922216 1.650510 -63.313156
v 27.492010 1.650510 -65.812706
v 26.777859 1.650510 -70.811745
v 60.699959 1.650510 -74.382484
v 68.555603 1.650510 -69.740509
v 64.270706 1.650510 -59.028267
v 71.412216 1.650510 -51.529690
v 79.624924 2.789306 -28.676907
v 81.053238 2.789306 -17.250511
v 89.037956 1.650510 -6.590409
v 97.478668 1.650510 -7.252420
v 97.835732 1.650510 -14.393929
v 92.479614 1.650510 -16.179295
v 74.268822 1.650510 -76.882034
v 63.913635 1.650510 -80.809830
v 53.915546 1.650510 -82.238129
v 47.845276 1.650510 -80.095711
v 54.646385 1.650510 -68.771378
v 22.850040 1.650510 -77.596169
v 16.422693 1.650510 -80.095711
v 9.684592 1.650510 -69.575394
v 7.852905 1.650510 -79.381554
v 40.346718 1.650510 -84.023514
v 34.160702 1.650510 -83.095612
v 36.061817 1.650510 -73.668335
v 49.424217 1.650510 -69.692947
v 73.775368 1.650510 -57.732971
v 85.994965 2.789306 -30.375582
v 87.496910 2.789306 -16.646420
v 43.820148 1.650510 -76.893829
v 74.842537 1.650510 -60.534279
v 26.777859 0.731870 -70.811745
v 36.061817 0.731870 -73.668335
v 34.160702 0.731870 -83.095612
v 26.063705 0.731870 -81.881065
v 22.850040 0.731870 -77.596169
v 54.646385 0.766618 -68.771378
v 59.271664 0.766618 -67.955154
v 60.699959 0.766618 -74.382484
v 63.913635 0.766618 -80.809830
v 53.915546 0.766618 -82.238129
v 71.412216 0.892046 -51.529690
v 72.483444 0.892046 -36.532539
v 73.775368 0.892046 -57.732971
v 79.411781 0.892046 -43.664661
v 88.908875 0.690048 -37.960854
v 91.408401 0.690048 -41.531597
v 88.908875 0.690048 -49.030170
v 84.623978 0.690048 -49.030170
v 85.457542 0.690048 -34.509529
v 79.411781 0.690048 -43.664661
v 81.053238 0.968641 -17.250511
v 79.267853 0.968641 -5.824133
v 87.496910 0.968641 -16.646420
v 89.037956 0.968641 -6.590409
v -50.604698 -4.665520 -64.437355
v -55.250793 -4.665520 -77.058243
v -63.367321 -4.665520 -59.332306
v -68.880005 -4.665520 -73.038109
v -84.657364 -4.665520 -68.384361
v -35.023979 -4.665520 -83.024422
v -28.953720 -4.665520 -76.240013
v -18.598564 -4.665520 -77.668304
v -13.599492 -4.665520 -83.381531
v -8.957526 -4.665520 -75.525879
v -17.170240 -4.665520 -70.883888
v -29.667868 -4.665520 -68.027306
v -38.951794 -4.665520 -69.098511
v -76.444656 -4.665520 -54.101372
v -83.943207 -4.665520 -35.533493
v -91.084694 -4.665520 -36.247643
v -92.155945 -4.665520 -27.677851
v -87.156914 -4.665520 -25.892475
v -87.156914 -4.665520 -12.323624
v -92.870087 -4.665520 -10.895342
v -90.727638 -4.665520 1.245200
v -105.724777 -4.665520 1.245200
v -104.653564 -4.665520 -11.966564
v -102.511070 -4.665520 -21.250500
v -105.724777 -4.665520 -24.464176
v -101.796921 -4.665520 -41.960835
v -43.027950 -4.665520 -80.663544
v -91.269432 -4.665520 -58.190754
v -79.229813 -4.665520 -47.204815
v -81.711464 -4.665520 -41.059711
v -97.031792 -4.665520 -49.307106
v -40.848869 -4.665520 -74.480965
v -81.109474 -4.665520 -62.214073
v -52.927952 -4.665520 -70.748360
v -65.977676 -4.665520 -65.822258
v -89.831924 -4.665520 -45.431206
v -86.987099 -4.665520 -54.283192
v -79.828079 -4.665520 -59.985577
v -95.448212 -4.665520 -38.574856
v -98.539383 -4.665520 -26.165983
v -96.987877 -4.665520 -39.396011
v -96.955368 -4.665520 -11.266730
v -95.362000 -4.665520 -23.411860
v -99.024284 -4.665520 1.245200
v -99.247360 -4.665520 -11.475094
v -96.987877 0.702803 -39.396011
v -101.796921 0.702803 -41.960835
v -98.539383 0.702803 -26.165983
v -105.724777 0.702803 -24.464176
v -95.362000 0.702803 -23.411860
v -102.511070 0.702803 -21.250500
v -81.109474 0.702803 -62.214073
v -84.657364 0.702803 -68.384361
v -43.027950 0.702803 -80.663544
v -35.023979 0.702803 -83.024422
v -28.953720 0.702803 -76.240013
v -18.598564 0.702803 -77.668304
v -13.599492 0.702803 -83.381531
v -8.957526 0.702803 -75.525879
v -17.170240 0.702803 -70.883888
v -29.667868 0.702803 -68.027306
v -38.951794 0.702803 -69.098511
v -63.367321 0.702803 -59.332306
v -76.444656 0.702803 -54.101372
v -81.711464 0.702803 -41.059711
v -83.943207 0.702803 -35.533493
v -91.084694 0.702803 -36.247643
v -92.155945 0.702803 -27.677851
v -87.156914 0.702803 -25.892475
v -87.156914 0.702803 -12.323624
v -92.870087 0.702803 -10.895342
v -90.727638 0.702803 1.245200
v -105.724777 0.702803 1.245200
v -104.653564 0.702803 -11.966564
v -91.269432 0.702803 -58.190754
v -99.247360 0.702803 -11.475094
v -99.024284 0.702803 1.245200
v -68.880005 0.702803 -73.038109
v -50.604698 0.702803 -64.437355
v -65.977676 0.702803 -65.822258
v -55.250793 0.702803 -77.058243
v -52.927952 0.702803 -70.748360
v -40.848869 0.702803 -74.480965
v -97.031792 0.702803 -49.307106
v -79.229813 0.702803 -47.204815
v -86.987099 0.702803 -54.283192
v -89.831924 0.702803 -45.431206
v -79.828079 0.702803 -59.985577
v -95.448212 0.702803 -38.574856
v -96.955368 0.702803 -11.266730
v -98.539383 4.231605 -26.165983
v -105.724777 4.231605 -24.464176
v -96.987877 4.231605 -39.396011
v -101.796921 4.231605 -41.960835
v -81.109474 4.231605 -62.214073
v -84.657364 4.231605 -68.384361
v -43.027950 4.231605 -80.663544
v -35.023979 4.231605 -83.024422
v -28.953720 4.231605 -76.240013
v -18.598564 4.231605 -77.668304
v -13.599492 4.231605 -83.381531
v -8.957526 4.231605 -75.525879
v -17.170240 4.231605 -70.883888
v -63.367321 4.231605 -59.332306
v -76.444656 4.231605 -54.101372
v -81.711464 4.231605 -41.059711
v -83.943207 4.231605 -35.533493
v -91.084694 4.231605 -36.247643
v -87.156914 4.231605 -25.892475
v -87.156914 4.231605 -12.323624
v -92.870087 4.231605 -10.895342
v -105.724777 4.231605 1.245200
v -104.653564 4.231605 -11.966564
v -91.269432 4.231605 -58.190754
v -99.247360 4.231605 -11.475094
v -65.977676 4.231605 -65.822258
v -68.880005 3.832381 -73.038109
v -55.250793 3.832381 -77.058243
v -52.927952 4.231605 -70.748360
v -40.848869 4.231605 -74.480965
v -86.987099 4.231605 -54.283192
v -79.229813 4.231605 -47.204815
v -79.828079 4.231605 -59.985577
v -89.831924 4.231605 -45.431206
v -95.448212 4.231605 -38.574856
v -96.955368 4.231605 -11.266730
v -95.362000 4.231605 -23.411860
v -99.024284 4.231605 1.245200
v -50.604698 2.359956 -64.437355
v -63.367321 2.359956 -59.332306
v -52.927952 2.359956 -70.748360
v -65.977676 2.359956 -65.822258
v -91.084694 2.646679 -36.247643
v -92.155945 2.646679 -27.677851
v -95.448212 2.646679 -38.574856
v -98.539383 2.646679 -26.165983
v -96.987877 2.646679 -39.396011
v -92.870087 3.038627 -10.895342
v -90.727638 3.038627 1.245200
v -99.024284 3.038627 1.245200
v -96.955368 3.038627 -11.266730
v -99.247360 3.038627 -11.475094
v -38.951794 2.844437 -69.098511
v -50.604698 2.844437 -64.437355
v -40.848869 3.744568 -74.480965
v -52.927952 3.744568 -70.748360
v -95.362000 1.384569 -23.411860
v -102.511070 1.384569 -21.250500
v -104.653564 1.384569 -11.966564
v -99.247360 1.384569 -11.475094
v -96.955368 1.384569 -11.266730
v -28.953720 2.325618 -76.240013
v -18.598564 2.325618 -77.668304
v -17.170240 2.325618 -70.883888
v -29.667868 2.325618 -68.027306
v -98.780281 -4.571843 56.626335
v -109.733253 -4.571843 61.201477
v -110.151917 -4.571843 39.482235
v -112.031204 -4.571843 25.488556
v -112.626289 -4.571843 32.630051
v -108.758011 -4.571843 43.342316
v -112.923866 -4.571843 46.913040
v -103.600250 -4.571843 75.578224
v -100.723816 -4.571843 77.561974
v -95.070145 -4.571843 82.620575
v -81.382263 -4.571843 85.001022
v -79.001762 -4.571843 80.240082
v -76.026138 -4.571843 85.893715
v -67.099258 -4.571843 88.274223
v -58.767540 -4.571843 87.976707
v -50.435749 -4.571843 90.654701
v -46.269890 -4.571843 83.810814
v -36.450317 -4.571843 85.596199
v -33.177139 -4.571843 89.762039
v -17.406336 -4.571843 89.464516
v -18.001469 -4.571843 75.181496
v -31.986895 -4.571843 75.181480
v -35.260086 -4.571843 76.966881
v -47.162579 -4.571843 72.801025
v -57.279720 -4.571843 78.157120
v -67.396828 -4.571843 76.371750
v -74.240761 -4.571843 68.635139
v -89.912384 -4.571843 63.626144
v -95.665260 -4.571843 66.254662
v -99.979912 -4.571843 40.813015
v -101.914070 -4.571843 36.498363
v -103.699448 -4.571843 23.703182
v -103.788635 -4.571843 58.718365
v -99.276474 -4.571843 70.497810
v -77.337929 -4.571843 76.184486
v -94.953056 -4.571843 70.123512
v -58.146381 -4.571843 83.877083
v -67.281921 -4.571843 80.968040
v -46.559635 -4.571843 80.237389
v -103.788635 -0.237212 58.718365
v -109.733253 -0.237212 61.201477
v -95.665260 -0.237212 66.254662
v -98.780281 -0.237212 56.626335
v -112.923866 -0.237212 46.913040
v -108.758011 -0.237212 43.342316
v -99.979912 -0.237212 40.813015
v -112.031204 -0.237212 25.488556
v -112.626289 -0.237212 32.630051
v -103.600250 -0.237212 75.578224
v -100.723816 -0.237212 77.561974
v -95.070145 -0.237212 82.620575
v -81.382263 -0.237212 85.001022
v -79.001762 -0.237212 80.240082
v -76.026138 -0.237212 85.893715
v -67.099258 -0.237212 88.274223
v -58.767540 -0.237212 87.976707
v -50.435749 -0.237212 90.654701
v -46.269890 -0.237212 83.810814
v -36.450317 -0.237212 85.596199
v -33.177139 -0.237212 89.762039
v -17.406336 -0.237212 89.464516
v -18.001469 -0.237212 75.181496
v -31.986895 -0.237212 75.181480
v -35.260086 -0.237212 76.966881
v -47.162579 -0.237212 72.801025
v -57.279720 -0.237212 78.157120
v -67.396828 -0.237212 76.371750
v -74.240761 -0.237212 68.635139
v -89.912384 -0.237212 63.626144
v -101.914070 -0.237212 36.498363
v -103.699448 -0.237212 23.703182
v -110.151917 -0.237212 39.482235
v -99.276474 -0.237212 70.497810
v -94.953056 -0.237212 70.123512
v -77.337929 -0.237212 76.184486
v -67.281921 -0.237212 80.968040
v -58.146381 -0.237212 83.877083
v -46.559635 -0.237212 80.237389
v -33.177139 3.193818 89.762039
v -17.406336 3.193818 89.464516
v -18.001469 3.193818 75.181496
v -31.986895 3.193818 75.181480
v -47.162579 1.190020 72.801025
v -57.279720 1.190020 78.157120
v -58.146381 1.190020 83.877083
v -46.559635 1.190020 80.237389
v -74.240761 0.472443 68.635139
v -89.912384 0.472443 63.626144
v -77.337929 0.472443 76.184486
v -94.953056 0.472443 70.123512
v -103.788635 0.886387 58.718365
v -109.733253 0.886387 61.201477
v -103.600250 0.886387 75.578224
v -99.276474 0.886387 70.497810
v -108.758011 0.454361 43.342316
v -99.979912 0.454361 40.813015
v -98.780281 0.454361 56.626335
v -103.788635 0.454361 58.718365
v -112.031204 1.515416 25.488556
v -112.626289 1.515416 32.630051
v -101.914070 1.515416 36.498363
v -103.699448 1.515416 23.703182
v -110.151917 1.515416 39.482235
v -79.001762 2.766088 80.240082
v -76.026138 2.766088 85.893715
v -67.099258 2.766088 88.274223
v -67.281921 2.766088 80.968040
v -8.661307 -3.259053 -64.255753
v -5.308566 -3.259053 -51.818321
v -16.242489 -3.259053 -50.494045
v -23.827520 -3.259053 -44.854225
v -25.730627 -3.259053 -42.482887
v -30.680740 -3.259053 -36.314846
v -29.825779 -3.259053 -26.514490
v -30.541861 -3.259053 -19.188128
v -27.614679 -3.259053 -7.589933
v -45.262516 -3.259053 -2.861131
v -44.255993 -3.259053 -18.353111
v -46.518894 -3.259053 -31.554182
v -43.102043 -3.259053 -44.997761
v -37.207409 -3.259053 -51.890514
v -32.565659 -3.259053 -57.092869
v -21.404951 -3.259053 -62.963322
v -36.095783 -3.259053 -5.317392
v -31.861738 -3.259053 -47.508617
v -7.070809 -3.259053 -58.355579
v -28.092001 -3.259053 -50.827068
v -18.970669 -3.259053 -56.456947
v -37.147213 -3.259053 -40.523464
v -37.108273 -3.259053 -28.223595
v -37.339008 -3.259053 -18.789572
v -7.070809 1.166177 -58.355579
v -5.308566 1.166177 -51.818321
v -16.242489 1.166177 -50.494045
v -23.827520 1.166177 -44.854225
v -25.730627 1.166177 -42.482887
v -30.680740 1.166177 -36.314846
v -29.825779 1.166177 -26.514490
v -30.541861 1.166177 -19.188128
v -27.614679 1.166177 -7.589933
v -36.095783 1.166177 -5.317392
v -45.262516 1.166177 -2.861131
v -44.255993 1.166177 -18.353111
v -46.518894 1.166177 -31.554182
v -43.102043 1.166177 -44.997761
v -37.207409 1.166177 -51.890514
v -31.861738 1.166177 -47.508617
v -28.092001 1.166177 -50.827068
v -32.565659 1.166177 -57.092869
v -21.404951 1.166177 -62.963322
v -8.661307 1.166177 -64.255753
v -18.970669 1.166177 -56.456947
v -37.147213 1.166177 -40.523464
v -37.108273 1.166177 -28.223595
v -37.339008 1.166177 -18.789572
v -16.242489 1.787806 -50.494045
v -23.827520 1.787806 -44.854225
v -30.680740 1.787806 -36.314846
v -29.825779 1.787806 -26.514490
v -30.541861 1.787806 -19.188128
v -36.095783 1.787806 -5.317392
v -45.262516 1.787806 -2.861131
v -44.255993 1.787806 -18.353111
v -43.102043 1.787806 -44.997761
v -37.207409 1.787806 -51.890514
v -31.861738 1.787806 -47.508617
v -28.092001 1.787806 -50.827068
v -18.970669 1.787806 -56.456947
v -37.147213 1.787806 -40.523464
v -37.108273 1.787806 -28.223595
v -37.339008 1.787806 -18.789572
v -36.130146 5.818815 -5.317392
v -45.229034 4.705619 -2.861131
v -44.229958 4.827852 -18.353111
v -37.364166 5.667839 -18.789572
v -57.803238 -4.186984 66.498528
v -68.446602 -4.186984 -2.371539
v -65.995773 -4.186984 32.134125
v -66.202423 -4.186984 12.503283
v -56.626728 -4.186984 -2.135142
v -55.138908 -4.186984 12.147864
v -56.626736 -4.186984 27.918674
v -54.543800 -4.186984 40.713867
v -50.080345 -4.186984 55.592010
v -48.890083 -4.186984 65.411560
v -62.123367 -4.186984 66.899384
v -64.206299 -4.186984 56.484703
v -67.777031 -4.186984 42.201653
v -69.859985 -4.186984 29.108921
v -69.859985 -4.186984 12.742974
v -72.538040 -4.186984 -2.432706
v -83.547852 -4.186984 -4.218085
v -55.528809 -4.186984 8.404875
v -80.869820 -4.186984 27.621120
v -79.084427 -4.186984 43.094353
v -77.299042 -4.186984 59.162750
v -61.656315 -4.186984 53.004814
v -73.402107 -4.186984 -3.401755
v -81.144348 -4.186984 12.795892
v -81.613953 -4.186984 8.594097
v -70.531998 -4.186984 8.934941
v -69.859985 -4.186984 26.797853
v -80.580070 -4.186984 30.132261
v -66.512474 -4.186984 47.259933
v -78.734619 -4.186984 46.242580
v -67.345566 -4.186984 43.927551
v -66.877525 -4.186984 8.028576
v -66.499191 -4.186984 10.536224
v -62.502766 -4.186984 48.933792
v -52.812500 -4.186984 46.484848
v -52.262737 -4.186984 48.317375
v -62.007477 -4.186984 51.315903
v -61.656315 0.491524 53.004814
v -57.803238 0.491524 66.498528
v -66.499191 0.491524 10.536224
v -66.202423 0.491524 12.503283
v -62.007477 0.491524 51.315903
v -65.995773 0.491524 32.134125
v -55.138908 0.491524 12.147864
v -56.626736 0.491524 27.918674
v -54.543800 0.491524 40.713867
v -52.262737 0.491524 48.317375
v -50.080345 0.491524 55.592010
v -48.890083 0.491524 65.411560
v -83.547852 0.491524 -4.218085
v -81.613953 0.491524 8.594097
v -62.123367 0.491524 66.899384
v -64.206299 0.491524 56.484703
v -67.345566 0.491524 43.927551
v -67.777031 0.491524 42.201653
v -69.859985 0.491524 29.108921
v -69.859985 0.491524 26.797853
v -69.859985 0.491524 12.742974
v -70.531998 0.491524 8.934941
v -72.538040 0.491524 -2.432706
v -68.446602 0.491524 -2.371539
v -56.626728 0.491524 -2.135142
v -73.402107 0.491524 -3.401755
v -66.877525 0.491524 8.028576
v -55.528809 0.491524 8.404875
v -81.144348 0.491524 12.795892
v -80.869820 0.491524 27.621120
v -80.580070 0.491524 30.132261
v -79.084427 0.491524 43.094353
v -78.734619 0.491524 46.242580
v -77.299042 0.491524 59.162750
v -62.502766 0.491524 48.933792
v -66.512474 0.491524 47.259933
v -52.812500 0.491524 46.484848
v -83.485352 3.688748 -4.218085
v -81.568192 3.434863 8.594097
v -62.123367 2.740755 66.899384
v -64.206299 2.740755 56.484703
v -67.345566 2.740755 43.927551
v -67.777031 2.740755 42.201653
v -69.859985 2.740755 29.108921
v -70.582153 1.980008 8.934941
v -72.570831 2.243364 -2.432706
v -73.427414 2.356800 -3.401755
v -80.580070 2.740755 30.132261
v -79.084427 2.740755 43.094353
v -78.734619 2.740755 46.242580
v -77.299042 2.740755 59.162750
v -66.512474 2.740755 47.259933
v -66.499191 1.933932 10.536224
v -66.202423 1.933932 12.503283
v -65.995773 1.933932 32.134125
v -55.138908 1.933932 12.147864
v -56.626736 1.933932 27.918674
v -54.543800 1.933932 40.713867
v -62.502766 1.933932 48.933792
v -52.812500 1.933932 46.484848
v 77.781731 -4.091238 29.560703
v 76.679634 -4.091238 5.804169
v 74.842857 -4.091238 22.480087
v 76.266716 -4.091238 36.474144
v 82.042885 -4.091238 22.226772
v 68.593803 -4.091238 3.026159
v 66.808434 -4.091238 19.094536
v 63.832813 -4.091238 29.806797
v 57.881554 -4.091238 38.733685
v 47.169327 -4.091238 48.553215
v 43.301006 -4.091238 61.348427
v 51.457569 -4.091238 62.213802
v 56.803123 -4.091238 55.302120
v 64.725494 -4.091238 47.362961
v 71.569427 -4.091238 36.948296
v 75.281502 -4.091238 20.541334
v 82.995041 -4.091238 7.064380
v 92.071625 -4.091238 9.083061
v 88.985321 -4.091238 27.093824
v 84.819443 -4.091238 30.962160
v 83.034073 -4.091238 38.103642
v 84.224319 -4.091238 42.864639
v 80.653564 -4.091238 51.493965
v 74.702332 -4.091238 60.123287
v 68.751091 -4.091238 65.479393
v 66.668144 -4.091238 72.620903
v 59.838024 -4.091238 82.281181
v 50.316036 -4.091238 85.471359
v 43.458282 -4.091238 85.416100
v 36.316784 -4.091238 86.903870
v 25.902107 -4.091238 87.201454
v 27.092344 -4.091238 69.050117
v 37.804600 -4.091238 66.967216
v 44.053406 -4.091238 69.645264
v 50.302223 -4.091238 69.942848
v 56.682491 -4.091238 69.499847
v 61.609581 -4.091238 62.801338
v 69.048645 -4.091238 52.981766
v 75.595016 -4.091238 45.840279
v 66.423317 -4.091238 20.480967
v 74.056152 -4.091238 47.519039
v 82.723099 -4.091238 46.492580
v 78.571205 -4.091238 54.513401
v 70.799858 -4.091238 51.071350
v 65.941017 -4.091238 57.083832
v 26.513178 -4.091238 77.882492
v 37.074623 -4.091238 76.748871
v 47.230824 -4.091238 77.674805
v 36.914215 -4.091238 78.898331
v 41.677509 -4.091238 78.333427
v 46.755169 -4.091238 76.472809
v 55.303635 -4.091238 76.414162
v 69.672997 -4.091238 58.378525
v 61.343803 -4.091238 70.956764
v 65.211723 -4.091238 64.152138
v 74.565186 -4.091238 52.739075
v 56.079548 -4.091238 77.418114
v 75.909103 -4.091238 53.334316
v 78.168182 -4.091238 47.032036
v 32.319923 -4.091238 68.033669
v 31.979040 -4.091238 77.295807
v 30.395422 -4.091238 77.465782
v 31.052471 -4.091238 87.054283
v 53.664200 -4.091238 42.599586
v 62.191990 -4.091238 49.901833
v 69.110565 -4.091238 40.690041
v 61.330734 -4.091238 33.559914
v 66.423317 0.097885 20.480967
v 74.842857 0.097885 22.480087
v 75.281502 0.097885 20.541334
v 76.679634 0.097885 5.804169
v 84.819443 0.097885 30.962160
v 77.781731 0.097885 29.560703
v 76.266716 0.097885 36.474144
v 68.593803 0.097885 3.026159
v 66.808434 0.097885 19.094536
v 63.832813 0.097885 29.806797
v 61.330734 0.097885 33.559914
v 57.881554 0.097885 38.733685
v 53.664200 0.097885 42.599586
v 47.169327 0.097885 48.553215
v 43.301006 0.097885 61.348427
v 51.457569 0.097885 62.213802
v 56.803123 0.097885 55.302120
v 62.191990 0.097885 49.901833
v 64.725494 0.097885 47.362961
v 82.042885 0.097885 22.226772
v 88.985321 0.097885 27.093824
v 71.569427 0.097885 36.948296
v 75.595016 0.097885 45.840279
v 82.995041 0.097885 7.064380
v 92.071625 0.097885 9.083061
v 83.034073 0.097885 38.103642
v 84.224319 0.097885 42.864639
v 82.723099 0.097885 46.492580
v 80.653564 0.097885 51.493965
v 78.571205 0.097885 54.513401
v 74.702332 0.097885 60.123287
v 68.751091 0.097885 65.479393
v 66.668144 0.097885 72.620903
v 59.838024 0.097885 82.281181
v 50.316036 0.097885 85.471359
v 43.458282 0.097885 85.416100
v 36.316784 0.097885 86.903870
v 31.052471 0.097885 87.054283
v 25.902107 0.097885 87.201454
v 26.513178 0.097885 77.882492
v 27.092344 0.097885 69.050117
v 32.319923 0.097885 68.033669
v 37.804600 0.097885 66.967216
v 44.053406 0.097885 69.645264
v 50.302223 0.097885 69.942848
v 56.682491 0.097885 69.499847
v 61.609581 0.097885 62.801338
v 65.941017 0.097885 57.083832
v 69.048645 0.097885 52.981766
v 56.079548 0.097885 77.418114
v 70.799858 0.097885 51.071350
v 74.056152 0.097885 47.519039
v 61.343803 0.097885 70.956764
v 78.168182 0.097885 47.032036
v 75.909103 0.097885 53.334316
v 69.672997 0.097885 58.378525
v 65.211723 0.097885 64.152138
v 47.230824 0.097885 77.674805
v 36.914215 0.097885 78.898331
v 37.074623 0.097885 76.748871
v 30.395422 0.097885 77.465782
v 46.755169 0.097885 76.472809
v 41.677509 0.097885 78.333427
v 55.303635 0.097885 76.414162
v 74.565186 0.097885 52.739075
v 31.979040 0.097885 77.295807
v 69.110565 0.097885 40.690041
v 75.281502 4.125964 20.541334
v 76.679634 4.125964 5.804169
v 68.593803 4.125964 3.026159
v 66.808434 4.125964 19.094536
v 61.330734 2.157104 33.559914
v 57.881554 2.157104 38.733685
v 68.751091 2.157104 65.479393
v 66.668144 2.157104 72.620903
v 59.838024 2.157104 82.281181
v 50.316036 2.157104 85.471359
v 31.052471 2.157104 87.054283
v 25.902107 2.157104 87.201454
v 32.319923 2.157104 68.033669
v 37.804600 2.157104 66.967216
v 44.053406 2.157104 69.645264
v 50.302223 2.157104 69.942848
v 56.682491 2.157104 69.499847
v 56.079548 2.157104 77.418114
v 61.343803 2.157104 70.956764
v 61.609581 2.157104 62.801338
v 65.941017 2.157104 57.083832
v 65.211723 2.157104 64.152138
v 47.230824 2.157104 77.674805
v 26.513178 2.157104 77.882492
v 37.074623 2.157104 76.748871
v 30.395422 2.157104 77.465782
v 46.755169 2.157104 76.472809
v 36.914215 2.157104 78.898331
v 41.677509 2.157104 78.333427
v 55.303635 2.157104 76.414162
v 69.672997 2.157104 58.378525
v 31.979040 2.157104 77.295807
v 64.725494 2.157104 47.362961
v 69.110565 2.157104 40.690041
v 84.819443 1.449998 30.962160
v 77.781731 1.449998 29.560703
v 76.266716 1.449998 36.474144
v 53.664200 1.449998 42.599586
v 47.169327 1.449998 48.553215
v 83.034073 1.449998 38.103642
v 65.941017 1.449998 57.083832
v 69.048645 1.449998 52.981766
v 70.799858 1.449998 51.071350
v 74.056152 1.449998 47.519039
v 78.168182 1.449998 47.032036
v 69.672997 1.449998 58.378525
v 74.565186 1.449998 52.739075
v 75.909103 1.449998 53.334316
v 56.803123 1.449998 55.302120
v 62.191990 1.449998 49.901833
v -28.796183 -3.259053 -44.995750
v -31.855234 -3.259053 -6.453665
v -33.913979 -3.259053 -38.419151
v -33.467026 -3.259053 -27.369043
v -33.940430 -3.259053 -18.988850
v -28.796183 1.166177 -44.995750
v -31.855234 1.166177 -6.453665
v -33.913979 1.166177 -38.419151
v -33.940430 1.166177 -18.988850
v -33.913979 1.787806 -38.419151
v -33.940430 1.787806 -18.988850
v -30.541861 1.166177 -19.188128
v -27.614679 1.166177 -7.589933
v -31.855234 2.468697 -6.453665
v -36.095783 1.166177 -5.317392
v -37.339008 1.166177 -18.789572
v -33.940430 2.468697 -18.988850
v -30.680740 1.787806 -36.314846
v -29.825779 1.787806 -26.514490
v -30.541861 1.787806 -19.188128
v -37.147213 1.787806 -40.523464
v -37.108273 1.787806 -28.223595
v -37.339008 1.787806 -18.789572
v -33.913979 3.090327 -38.419151
v -33.467026 3.090327 -27.369043
v -33.940430 3.090327 -18.988850
v -75.502174 -4.186984 12.769431
v -75.364906 -4.186984 27.209488
v -75.502174 0.491524 12.769431
v -75.364906 0.491524 27.209488
v -69.859985 0.491524 26.797853
v -69.859985 0.491524 12.742974
v -81.144348 0.491524 12.795892
v -80.869820 0.491524 27.621120
v -75.502174 1.853369 12.769431
v -75.364906 1.853369 27.209488
v 9.684592 -0.183440 -69.575394
v 16.422695 -0.183440 -71.525917
v 36.061817 -0.183440 -73.668335
v 39.989643 -0.183440 -66.526833
v 47.131130 -0.183440 -70.097610
v 72.483444 -0.183440 -36.532539
v 79.624924 -0.183440 -28.676907
v 92.479614 -0.183440 -16.179295
v 93.550850 -0.183440 -22.606627
v 97.835732 -0.183440 -24.749075
v 94.979134 -0.183440 -32.961807
v 90.337166 -0.183440 -31.533501
v 84.623978 -0.183440 -49.030170
v 81.767372 -0.183440 -56.885818
v 77.125412 -0.183440 -66.526833
v 79.267853 -0.183440 -71.525917
v 74.268822 -0.183440 -76.882034
v 16.422693 -0.183440 -80.095711
v 4.282156 -0.183440 -86.165947
v 7.852905 -0.183440 -79.381554
v 7.852905 -0.183440 -79.381554
v -1.788126 -0.183440 -85.094727
v 43.820148 -0.183440 -76.893829
v 68.555603 -0.183440 -69.740509
v 85.457542 -0.183440 -34.509529
v 79.411781 -0.183440 -43.664661
v 79.411781 -0.183440 -43.664661
v 87.496910 -0.183440 -16.646420
v 0.538026 -0.183440 -76.326950
v 74.842537 -0.183440 -60.534279
v 73.775368 -0.183440 -57.732971
v 85.994965 -0.183440 -30.375582
v 0.538026 1.650510 -76.326950
v 2.853859 1.650510 -67.598061
v 16.422695 1.650510 -71.525917
v 18.922216 1.650510 -63.313156
v 27.492010 1.650510 -65.812706
v 26.777859 1.650510 -70.811745
v 60.699959 1.650510 -74.382484
v 68.555603 1.650510 -69.740509
v 68.555603 1.650510 -69.740509
v 64.270706 1.650510 -59.028267
v 71.412216 1.650510 -51.529690
v 79.624924 2.789306 -28.676907
v 81.053238 2.789306 -17.250511
v 89.037956 1.650510 -6.590409
v 97.478668 1.650510 -7.252420
v 97.835732 1.650510 -14.393929
v 92.479614 1.650510 -16.179295
v 74.268822 1.650510 -76.882034
v 63.913635 1.650510 -80.809830
v 53.915546 1.650510 -82.238129
v 47.845276 1.650510 -80.095711
v 54.646385 1.650510 -68.771378
v 22.850040 1.650510 -77.596169
v 16.422693 1.650510 -80.095711
v 9.684592 1.650510 -69.575394
v 7.852905 1.650510 -79.381554
v 40.346718 1.650510 -84.023514
v 34.160702 1.650510 -83.095612
v 36.061817 1.650510 -73.668335
v 49.424217 1.650510 -69.692947
v 73.775368 1.650510 -57.732971
v 85.994965 2.789306 -30.375582
v 87.496910 2.789306 -16.646420
v 87.496910 2.789306 -16.646420
v 43.820148 1.650510 -76.893829
v 74.842537 1.650510 -60.534279
v 26.777859 0.731870 -70.811745
v 36.061817 0.731870 -73.668335
v 34.160702 0.731870 -83.095612
v 26.063705 0.731870 -81.881065
v 22.850040 0.731870 -77.596169
v 54.646385 0.766618 -68.771378
v 59.271664 0.766618 -67.955154
v 60.699959 0.766618 -74.382484
v 63.913635 0.766618 -80.809830
v 53.915546 0.766618 -82.238129
v 71.412216 0.892046 -51.529690
v 72.483444 0.892046 -36.532539
v 73.775368 0.892046 -57.732971
v 79.411781 0.892046 -43.664661
v 88.908875 0.690048 -37.960854
v 91.408401 0.690048 -41.531597
v 88.908875 0.690048 -49.030170
v 84.623978 0.690048 -49.030170
v 85.457542 0.690048 -34.509529
v 79.411781 0.690048 -43.664661
v 81.053238 0.968641 -17.250511
v 79.267853 0.968641 -5.824133
v 87.496910 0.968641 -16.646420
v 89.037956 0.968641 -6.590409
v -96.987877 0.702803 -39.396011
v -101.796921 0.702803 -41.960835
v -81.109474 0.702803 -62.214073
v -84.657364 0.702803 -68.384361
v -29.667868 0.702803 -68.027306
v -38.951794 0.702803 -69.098511
v -68.880005 0.702803 -73.038109
v -65.977676 0.702803 -65.822258
v -52.927952 0.702803 -70.748360
v -55.250793 0.702803 -77.058243
v -43.027950 0.702803 -80.663544
v -28.953720 0.702803 -76.240013
v -40.848869 0.702803 -74.480965
v -40.848869 0.702803 -74.480965
v -97.031792 0.702803 -49.307106
v -91.269432 0.702803 -58.190754
v -76.444656 0.702803 -54.101372
v -79.229813 0.702803 -47.204815
v -86.987099 0.702803 -54.283192
v -86.987099 0.702803 -54.283192
v -79.828079 0.702803 -59.985577
v -89.831924 0.702803 -45.431206
v -95.448212 0.702803 -38.574856
v -98.539383 4.231605 -26.165983
v -105.724777 4.231605 -24.464176
v -96.987877 4.231605 -39.396011
v -101.796921 4.231605 -41.960835
v -81.109474 4.231605 -62.214073
v -84.657364 4.231605 -68.384361
v -43.027950 4.231605 -80.663544
v -35.023979 4.231605 -83.024422
v -28.953720 4.231605 -76.240013
v -18.598564 4.231605 -77.668304
v -13.599492 4.231605 -83.381531
v -8.957526 4.231605 -75.525879
v -17.170240 4.231605 -70.883888
v -63.367321 4.231605 -59.332306
v -76.444656 4.231605 -54.101372
v -81.711464 4.231605 -41.059711
v -83.943207 4.231605 -35.533493
v -91.084694 4.231605 -36.247643
v -87.156914 4.231605 -25.892475
v -87.156914 4.231605 -12.323624
v -92.870087 4.231605 -10.895342
v -105.724777 4.231605 1.245200
v -104.653564 4.231605 -11.966564
v -91.269432 4.231605 -58.190754
v -99.247360 4.231605 -11.475094
v -65.977676 4.231605 -65.822258
v -65.977676 4.231605 -65.822258
v -68.880005 3.832381 -73.038109
v -55.250793 3.832381 -77.058243
v -52.927952 4.231605 -70.748360
v -40.848869 4.231605 -74.480965
v -86.987099 4.231605 -54.283192
v -86.987099 4.231605 -54.283192
v -79.229813 4.231605 -47.204815
v -79.828079 4.231605 -59.985577
v -95.448212 4.231605 -38.574856
v -89.831924 4.231605 -45.431206
v -96.955368 4.231605 -11.266730
v -95.362000 4.231605 -23.411860
v -99.024284 4.231605 1.245200
v -50.604698 2.359956 -64.437355
v -63.367321 2.359956 -59.332306
v -52.927952 2.359956 -70.748360
v -65.977676 2.359956 -65.822258
v -91.084694 2.646679 -36.247643
v -92.155945 2.646679 -27.677851
v -95.448212 2.646679 -38.574856
v -98.539383 2.646679 -26.165983
v -96.987877 2.646679 -39.396011
v -92.870087 3.038627 -10.895342
v -90.727638 3.038627 1.245200
v -99.024284 3.038627 1.245200
v -96.955368 3.038627 -11.266730
v -99.247360 3.038627 -11.475094
v -38.951794 2.844437 -69.098511
v -50.604698 2.844437 -64.437355
v -40.848869 3.744568 -74.480965
v -52.927952 3.744568 -70.748360
v -95.362000 1.384569 -23.411860
v -102.511070 1.384569 -21.250500
v -104.653564 1.384569 -11.966564
v -99.247360 1.384569 -11.475094
v -96.955368 1.384569 -11.266730
v -28.953720 2.325618 -76.240013
v -18.598564 2.325618 -77.668304
v -17.170240 2.325618 -70.883888
v -29.667868 2.325618 -68.027306
v -109.733253 -0.237212 61.201477
v -103.788635 -0.237212 58.718365
v -103.788635 -0.237212 58.718365
v -95.665260 -0.237212 66.254662
v -98.780281 -0.237212 56.626335
v -112.923866 -0.237212 46.913040
v -108.758011 -0.237212 43.342316
v -100.723816 -0.237212 77.561974
v -95.070145 -0.237212 82.620575
v -81.382263 -0.237212 85.001022
v -79.001762 -0.237212 80.240082
v -67.099258 -0.237212 88.274223
v -58.767540 -0.237212 87.976707
v -50.435749 -0.237212 90.654701
v -46.269890 -0.237212 83.810814
v -36.450317 -0.237212 85.596199
v -35.260086 -0.237212 76.966881
v -47.162579 -0.237212 72.801025
v -57.279720 -0.237212 78.157120
v -67.396828 -0.237212 76.371750
v -74.240761 -0.237212 68.635139
v -94.953056 -0.237212 70.123512
v -67.281921 -0.237212 80.968040
v -99.276474 -0.237212 70.497810
v -77.337929 -0.237212 76.184486
v -58.146381 -0.237212 83.877083
v -46.559635 -0.237212 80.237389
v -33.177139 3.193818 89.762039
v -17.406336 3.193818 89.464516
v -18.001469 3.193818 75.181496
v -31.986895 3.193818 75.181480
v -47.162579 1.190020 72.801025
v -57.279720 1.190020 78.157120
v -58.146381 1.190020 83.877083
v -46.559635 1.190020 80.237389
v -74.240761 0.472443 68.635139
v -89.912384 0.472443 63.626144
v -77.337929 0.472443 76.184486
v -94.953056 0.472443 70.123512
v -103.788635 0.886387 58.718365
v -109.733253 0.886387 61.201477
v -103.600250 0.886387 75.578224
v -99.276474 0.886387 70.497810
v -108.758011 0.454361 43.342316
v -99.979912 0.454361 40.813015
v -98.780281 0.454361 56.626335
v -103.788635 0.454361 58.718365
v -112.031204 1.515416 25.488556
v -112.626289 1.515416 32.630051
v -101.914070 1.515416 36.498363
v -103.699448 1.515416 23.703182
v -110.151917 1.515416 39.482235
v -79.001762 2.766088 80.240082
v -76.026138 2.766088 85.893715
v -67.099258 2.766088 88.274223
v -67.281921 2.766088 80.968040
v -7.070809 1.166177 -58.355579
v -5.308566 1.166177 -51.818321
v -16.242489 1.166177 -50.494045
v -25.730627 1.166177 -42.482887
v -30.680740 1.166177 -36.314846
v -44.255993 1.166177 -18.353111
v -46.518894 1.166177 -31.554182
v -43.102043 1.166177 -44.997761
v -28.796183 1.166177 -44.995750
v -28.092001 1.166177 -50.827068
v -32.565659 1.166177 -57.092869
v -21.404951 1.166177 -62.963322
v -8.661307 1.166177 -64.255753
v -18.970669 1.166177 -56.456947
v -31.861738 1.166177 -47.508617
v -37.147213 1.166177 -40.523464
v -37.147213 1.166177 -40.523464
v -37.108273 1.166177 -28.223595
v -37.339008 1.166177 -18.789572
v -33.913979 1.166177 -38.419151
v -16.242489 1.787806 -50.494045
v -23.827520 1.787806 -44.854225
v -45.262516 1.787806 -2.861131
v -44.255993 1.787806 -18.353111
v -43.102043 1.787806 -44.997761
v -37.207409 1.787806 -51.890514
v -31.861738 1.787806 -47.508617
v -28.092001 1.787806 -50.827068
v -18.970669 1.787806 -56.456947
v -37.147213 1.787806 -40.523464
v -37.339008 1.787806 -18.789572
v -36.095783 1.787806 -5.317392
v -36.130146 5.818815 -5.317392
v -45.229034 4.705619 -2.861131
v -44.229958 4.827852 -18.353111
v -37.364166 5.667839 -18.789572
v -61.656315 0.491524 53.004814
v -57.803238 0.491524 66.498528
v -62.007477 0.491524 51.315903
v -52.262737 0.491524 48.317375
v -50.080345 0.491524 55.592010
v -48.890083 0.491524 65.411560
v -83.547852 0.491524 -4.218085
v -81.613953 0.491524 8.594097
v -70.531998 0.491524 8.934941
v -72.538040 0.491524 -2.432706
v -68.446602 0.491524 -2.371539
v -56.626728 0.491524 -2.135142
v -66.877525 0.491524 8.028576
v -55.528809 0.491524 8.404875
v -62.123367 2.740755 66.899384
v -64.206299 2.740755 56.484703
v -67.345566 2.740755 43.927551
v -67.777031 2.740755 42.201653
v -69.859985 2.740755 29.108921
v -73.427414 2.356800 -3.401755
v -83.485352 3.688748 -4.218085
v -80.580070 2.740755 30.132261
v -79.084427 2.740755 43.094353
v -78.734619 2.740755 46.242580
v -77.299042 2.740755 59.162750
v -72.570831 2.243364 -2.432706
v -81.568192 3.434863 8.594097
v -70.582153 1.980008 8.934941
v -66.512474 2.740755 47.259933
v -66.499191 1.933932 10.536224
v -66.202423 1.933932 12.503283
v -65.995773 1.933932 32.134125
v -55.138908 1.933932 12.147864
v -56.626736 1.933932 27.918674
v -54.543800 1.933932 40.713867
v -62.502766 1.933932 48.933792
v -52.812500 1.933932 46.484848
v 66.423317 0.097885 20.480967
v 74.842857 0.097885 22.480087
v 84.819443 0.097885 30.962160
v 77.781731 0.097885 29.560703
v 63.832813 0.097885 29.806797
v 47.169327 0.097885 48.553215
v 43.301006 0.097885 61.348427
v 51.457569 0.097885 62.213802
v 56.803123 0.097885 55.302120
v 62.191990 0.097885 49.901833
v 64.725494 0.097885 47.362961
v 71.569427 0.097885 36.948296
v 75.595016 0.097885 45.840279
v 76.266716 0.097885 36.474144
v 82.995041 0.097885 7.064380
v 92.071625 0.097885 9.083061
v 88.985321 0.097885 27.093824
v 83.034073 0.097885 38.103642
v 84.224319 0.097885 42.864639
v 82.723099 0.097885 46.492580
v 80.653564 0.097885 51.493965
v 78.571205 0.097885 54.513401
v 74.702332 0.097885 60.123287
v 68.751091 0.097885 65.479393
v 66.668144 0.097885 72.620903
v 59.838024 0.097885 82.281181
v 50.316036 0.097885 85.471359
v 43.458282 0.097885 85.416100
v 36.316784 0.097885 86.903870
v 26.513178 0.097885 77.882492
v 27.092344 0.097885 69.050117
v 44.053406 0.097885 69.645264
v 50.302223 0.097885 69.942848
v 56.682491 0.097885 69.499847
v 61.609581 0.097885 62.801338
v 56.079548 0.097885 77.418114
v 82.042885 0.097885 22.226772
v 61.343803 0.097885 70.956764
v 61.343803 0.097885 70.956764
v 65.211723 0.097885 64.152138
v 65.211723 0.097885 64.152138
v 47.230824 0.097885 77.674805
v 30.395422 0.097885 77.465782
v 37.074623 0.097885 76.748871
v 36.914215 0.097885 78.898331
v 41.677509 0.097885 78.333427
v 46.755169 0.097885 76.472809
v 55.303635 0.097885 76.414162
v 69.672997 0.097885 58.378525
v 74.565186 0.097885 52.739075
v 75.909103 0.097885 53.334316
v 78.168182 0.097885 47.032036
v 32.319923 0.097885 68.033669
v 31.979040 0.097885 77.295807
v 31.052471 0.097885 87.054283
v 57.881554 0.097885 38.733685
v 53.664200 0.097885 42.599586
v 75.281502 4.125964 20.541334
v 76.679634 4.125964 5.804169
v 68.593803 4.125964 3.026159
v 66.808434 4.125964 19.094536
v 61.330734 2.157104 33.559914
v 57.881554 2.157104 38.733685
v 68.751091 2.157104 65.479393
v 66.668144 2.157104 72.620903
v 59.838024 2.157104 82.281181
v 50.316036 2.157104 85.471359
v 31.052471 2.157104 87.054283
v 25.902107 2.157104 87.201454
v 32.319923 2.157104 68.033669
v 37.804600 2.157104 66.967216
v 44.053406 2.157104 69.645264
v 50.302223 2.157104 69.942848
v 56.682491 2.157104 69.499847
v 56.079548 2.157104 77.418114
v 61.343803 2.157104 70.956764
v 61.343803 2.157104 70.956764
v 61.609581 2.157104 62.801338
v 65.941017 2.157104 57.083832
v 65.211723 2.157104 64.152138
v 65.211723 2.157104 64.152138
v 47.230824 2.157104 77.674805
v 26.513178 2.157104 77.882492
v 30.395422 2.157104 77.465782
v 37.074623 2.157104 76.748871
v 36.914215 2.157104 78.898331
v 41.677509 2.157104 78.333427
v 46.755169 2.157104 76.472809
v 55.303635 2.157104 76.414162
v 69.672997 2.157104 58.378525
v 31.979040 2.157104 77.295807
v 64.725494 2.157104 47.362961
v 69.110565 2.157104 40.690041
v 84.819443 1.449998 30.962160
v 77.781731 1.449998 29.560703
v 76.266716 1.449998 36.474144
v 53.664200 1.449998 42.599586
v 47.169327 1.449998 48.553215
v 83.034073 1.449998 38.103642
v 65.941017 1.449998 57.083832
v 69.048645 1.449998 52.981766
v 70.799858 1.449998 51.071350
v 74.056152 1.449998 47.519039
v 78.168182 1.449998 47.032036
v 69.672997 1.449998 58.378525
v 74.565186 1.449998 52.739075
v 75.909103 1.449998 53.334316
v 56.803123 1.449998 55.302120
v 62.191990 1.449998 49.901833
v -30.541861 1.166177 -19.188128
v -27.614679 1.166177 -7.589933
v -31.855234 2.468697 -6.453665
v -36.095783 1.166177 -5.317392
v -37.339008 1.166177 -18.789572
v -33.940430 2.468697 -18.988850
v -30.680740 1.787806 -36.314846
v -29.825779 1.787806 -26.514490
v -30.541861 1.787806 -19.188128
v -37.147213 1.787806 -40.523464
v -37.108273 1.787806 -28.223595
v -37.339008 1.787806 -18.789572
v -33.913979 3.090327 -38.419151
v -33.940430 3.090327 -18.988850
v -69.859985 0.491524 26.797853
v -69.859985 0.491524 12.742974
v -81.144348 0.491524 12.795892
v -80.869820 0.491524 27.621120
v -75.502174 1.853369 12.769431
v -75.364906 1.853369 27.209488
vn -0.0000 -1.0000 -0.0000
vn -0.9985 -0.0000 0.0542
vn -0.0000 1.0000 -0.0000
vn -0.1738 -0.0000 0.9848
vn -0.8000 -0.0000 -0.6000
vn 0.9985 -0.0000 -0.0542
vn 0.3839 -0.0000 0.9234
vn -0.3328 -0.0000 -0.9430
vn 0.9487 -0.0000 -0.3162
vn -0.9803 -0.0000 0.1977
vn 0.3162 -0.0000 -0.9487
vn 0.8990 -0.0000 -0.4380
vn -0.9345 -0.0000 -0.3560
vn -0.9885 -0.0000 0.1515
vn 0.0782 -0.0000 0.9969
vn -0.2941 -0.0000 -0.9558
vn -0.9887 -0.0000 0.1501
vn 0.8192 -0.0000 0.5735
vn -0.9666 -0.0000 0.2564
vn -0.0000 -0.0000 -1.0000
vn 0.2781 -0.0000 0.9606
vn 0.9398 -0.0000 -0.3417
vn -0.9567 -0.0000 0.2912
vn 0.7071 -0.0000 0.7071
vn 0.9010 -0.0000 -0.4338
vn 0.2800 -0.0000 0.9600
vn -0.2577 -0.0000 -0.9662
vn 0.9191 -0.0000 0.3939
vn 0.9899 -0.0000 -0.1414
vn 0.7311 -0.0000 -0.6823
vn 0.2941 -0.0000 0.9558
vn 0.3547 -0.0000 -0.9350
vn -0.8762 -0.0000 0.4819
vn 0.1414 -0.0000 -0.9899
vn 0.4472 -0.0000 0.8944
vn 0.9762 -0.0000 0.2169
vn -0.1483 -0.0000 -0.9889
vn -0.5087 -0.0000 0.8609
vn -0.9285 -0.0000 -0.3714
vn 0.3624 -0.0000 -0.9320
vn -0.7241 -0.0000 0.6897
vn -0.0830 -0.0000 -0.9965
vn -0.9975 -0.0000 0.0712
vn 0.8849 -0.0000 -0.4657
vn -0.7399 -0.0000 0.6727
vn -0.1738 -0.0000 -0.9848
vn -0.9923 -0.0000 0.1240
vn -0.9880 -0.0000 -0.1544
vn 0.9988 -0.0000 0.0499
vn 0.9864 -0.0000 0.1644
vn 0.9445 -0.0000 -0.3285
vn 0.0653 0.9976 0.0234
vn 0.8258 -0.0000 -0.5639
vn -0.8944 -0.0000 -0.4472
vn 0.7809 -0.0000 0.6247
vn 0.9345 -0.0000 0.3560
vn -0.0933 -0.0000 0.9956
vn 0.9830 -0.0000 -0.1836
vn 0.0933 -0.0000 -0.9956
vn -1.0000 -0.0000 -0.0000
vn 0.8654 -0.0000 -0.5010
vn 0.9941 -0.0000 -0.1087
vn -0.3853 -0.0000 -0.9228
vn 0.9803 -0.0000 -0.1977
vn -0.8654 -0.0000 0.5010
vn 0.8944 -0.0000 0.4472
vn 0.9283 -0.0000 -0.3719
vn 0.7173 -0.0000 0.6968
vn -0.8345 -0.0000 0.5511
vn -0.7173 -0.0000 -0.6968
vn 0.9885 -0.0000 -0.1515
vn -0.9967 -0.0000 -0.0808
vn 0.0905 -0.0000 -0.9959
vn -0.9932 -0.0000 -0.1165
vn -0.0905 -0.0000 0.9959
vn -0.9431 -0.0000 0.3324
vn 0.9384 -0.0000 -0.3455
vn -0.2952 -0.0000 -0.9554
vn 0.9785 -0.0000 -0.2060
vn 0.7452 -0.0000 -0.6668
vn 0.1463 -0.0000 0.9892
vn 0.2305 -0.0000 0.9731
vn 0.9932 -0.0000 0.1165
vn -0.2829 -0.0000 -0.9591
vn 0.9278 -0.0000 -0.3732
vn 0.2425 -0.0000 0.9701
vn 0.9923 -0.0000 0.1240
vn -0.2894 -0.0000 -0.9572
vn 1.0000 -0.0000 -0.0000
vn 0.3714 -0.0000 0.9285
vn 0.9848 -0.0000 -0.1738
vn -0.1366 -0.0000 -0.9906
vn -0.7526 -0.0000 -0.6585
vn -0.9744 -0.0000 -0.2249
vn 0.8609 -0.0000 -0.5087
vn 0.4921 -0.0000 0.8706
vn -0.9757 -0.0000 -0.2190
vn 0.2228 -0.0000 0.9749
vn -0.8390 -0.0000 -0.5442
vn -0.0000 -0.0000 1.0000
vn -0.1146 -0.0000 0.9934
vn 0.9272 -0.0000 0.3745
vn -0.0995 -0.0000 0.9950
vn -0.0175 0.9985 -0.0522
vn 0.3532 -0.0000 0.9356
vn -0.9785 -0.0000 0.2060
vn -0.9915 -0.0000 -0.1301
vn -0.2319 -0.0000 -0.9727
vn 0.6740 -0.0000 -0.7387
vn -0.6740 -0.0000 0.7387
vn 0.9998 -0.0000 -0.0175
vn 0.4706 -0.0000 -0.8824
vn -0.8669 -0.0000 0.4985
vn -0.4706 -0.0000 0.8824
vn 0.6230 -0.0000 0.7822
vn -0.9278 -0.0000 0.3732
vn -0.7736 -0.0000 -0.6337
vn -0.9520 -0.0000 -0.3060
vn 0.8669 -0.0000 -0.4985
vn -0.3532 -0.0000 -0.9356
vn -0.9998 -0.0000 0.0175
vn 0.0478 0.9897 0.1351
vn -0.9384 -0.0000 0.3455
vn 0.9431 -0.0000 -0.3324
vn 0.9915 -0.0000 0.1301
vn -0.9962 -0.0000 -0.0866
vn 0.3406 -0.0000 0.9402
vn -0.2769 -0.0000 -0.9609
vn 0.3044 -0.0000 -0.9525
vn 0.0189 -0.0000 0.9998
vn -0.9198 -0.0000 0.3924
vn 0.2997 -0.0000 0.9540
vn 0.0620 -0.0000 -0.9981
vn -0.3060 -0.0000 0.9520
vn 0.8542 -0.0000 0.5199
vn 0.9514 -0.0000 -0.3078
vn -0.9406 -0.0000 0.3396
vn -0.1789 -0.0000 0.9839
vn -0.7901 -0.0000 -0.6130
vn -0.9760 -0.0000 0.2179
vn 0.7615 -0.0000 0.6481
vn 0.9991 -0.0000 -0.0416
vn -0.9965 -0.0000 -0.0830
vn -0.6508 -0.0000 -0.7593
vn 0.3303 -0.0000 -0.9439
vn -0.4679 -0.0000 -0.8838
vn -0.6668 -0.0000 0.7452
vn 0.1738 -0.0000 -0.9848
vn -0.1713 -0.0000 0.9852
vn 0.9906 -0.0000 0.1366
vn 0.7490 -0.0000 -0.6626
vn -0.9967 -0.0000 -0.0814
vn -0.8849 -0.0000 0.4657
vn 0.9971 -0.0000 -0.0756
vn -0.2577 -0.0000 0.9662
vn 0.9904 -0.0000 -0.1382
vn 0.0357 -0.0000 0.9994
vn -0.2095 -0.0000 -0.9778
vn 0.9967 -0.0000 -0.0808
vn -0.9887 -0.0000 -0.1498
vn -0.3254 -0.0000 0.9456
vn 0.9252 -0.0000 0.3796
vn -0.3854 -0.0000 -0.9227
vn 0.9338 -0.0000 -0.3577
vn -0.9515 -0.0000 0.3075
vn 0.3854 -0.0000 0.9227
vn 0.9997 -0.0000 -0.0250
vn 0.6339 -0.0000 -0.7734
vn 0.5967 -0.0000 0.8025
vn -0.9997 -0.0000 -0.0245
vn -1.0000 -0.0000 0.0032
vn -0.9979 -0.0000 -0.0648
vn 0.1202 -0.0000 0.9927
vn 0.2588 -0.0000 0.9659
vn -0.9856 -0.0000 0.1690
vn -0.9692 -0.0000 -0.2463
vn 0.7799 -0.0000 0.6259
vn 0.9655 -0.0000 -0.2603
vn -0.7600 -0.0000 -0.6499
vn 0.9962 -0.0000 -0.0869
vn -0.8139 -0.0000 0.5811
vn 0.9953 -0.0000 0.0973
vn 0.9696 -0.0000 -0.2447
vn -0.4655 -0.0000 -0.8850
vn -0.1009 -0.0000 -0.9949
vn 0.0585 -0.0000 0.9983
vn -0.9979 0.0100 -0.0646
vn 0.9958 -0.0000 -0.0919
vn -0.0630 -0.0000 -0.9980
vn 0.9093 -0.0000 -0.4160
vn 0.5455 -0.0000 -0.8381
vn -0.5252 -0.0000 -0.8510
vn -0.6007 -0.0000 0.7995
vn 0.7974 -0.0000 0.6034
vn -0.1214 0.9926 -0.0000
vn -0.0632 -0.0000 -0.9980
vn 0.2597 -0.0000 0.9657
vn 0.9958 0.0075 -0.0916
vn -0.0047 -0.0000 -1.0000
vn 0.9701 -0.0000 -0.2425
vn 0.9956 -0.0000 0.0939
vn 0.0830 -0.0000 -0.9966
vn -0.0309 -0.0000 0.9995
vn -0.9934 -0.0000 0.1146
vn 0.9870 -0.0000 -0.1607
vn -0.9939 -0.0000 0.1104
vn 0.9578 -0.0000 -0.2873
vn -0.4542 -0.0000 0.8909
vn 0.9927 -0.0000 -0.1203
vn -0.0708 -0.0000 0.9975
vn 0.1211 -0.0000 0.9926
vn -0.9888 -0.0000 0.1493
vn 0.2450 -0.0000 0.9695
vn 0.7464 -0.0000 -0.6655
vn 0.9806 -0.0000 -0.1961
vn -0.9888 -0.0000 0.1492
vn -0.0307 -0.0000 0.9995
vn 0.9876 -0.0000 -0.1571
vn 0.9946 -0.0000 -0.1036
vn -0.9616 -0.0000 0.2746
vn -0.9791 -0.0000 0.2036
vn 0.0200 -0.0000 -0.9998
vn 0.0746 -0.0000 0.9972
vn 0.0802 -0.0000 -0.9968
vn 0.1405 -0.0000 -0.9901
vn -0.0331 -0.0000 0.9995
vn -0.9999 -0.0000 0.0105
vn -0.0950 -0.0000 -0.9955
vn -0.9998 -0.0000 0.0185
vn 0.1313 0.9913 -0.0000
vn 0.9846 0.0252 -0.1727
vn 0.7481 0.0120 -0.6635
vn 0.0805 -0.0006 -0.9968
vn -0.9887 0.0174 0.1488
vn 0.1178 -0.0000 0.9930
vn 0.9955 -0.0000 0.0944
vn -0.7971 -0.0000 -0.6039
vn -0.7372 -0.0000 -0.6757
vn -0.3278 -0.0000 0.9448
vn -0.8694 -0.0000 -0.4942
vn 0.3939 -0.0000 -0.9191
vn -0.9972 -0.0000 -0.0744
vn -0.1909 -0.0000 -0.9816
vn 0.7753 -0.0000 0.6316
vn 0.7554 -0.0000 0.6553
vn -0.2983 -0.0000 0.9545
vn 0.9600 -0.0000 0.2800
vn 0.8165 -0.0000 0.5773
vn 0.2310 -0.0000 -0.9730
vn 0.3177 -0.0000 0.9482
vn -0.0081 -0.0000 1.0000
vn -0.9979 -0.0000 -0.0654
vn 0.2039 -0.0000 0.9790
vn -0.9768 -0.0000 -0.2141
vn 0.0286 -0.0000 0.9996
vn 0.3249 -0.0000 -0.9457
vn -0.9939 -0.0000 -0.1104
vn -0.9635 -0.0000 -0.2676
vn -0.6757 -0.0000 -0.7372
vn -0.8321 -0.0000 -0.5547
vn 0.7079 -0.0000 0.7064
vn 0.0476 -0.0000 -0.9989
vn -0.0693 -0.0000 -0.9976
vn -0.9572 -0.0000 -0.2894
vn -0.8056 -0.0000 -0.5925
vn -0.1055 -0.0000 0.9944
vn 0.8357 -0.0000 0.5492
vn 0.7910 -0.0000 0.6118
vn 0.6757 -0.0000 -0.7372
vn -0.1683 -0.0000 0.9857
vn -0.6783 -0.0000 0.7348
vn -0.8646 -0.0000 -0.5024
vn -0.9980 -0.0000 -0.0627
vn 0.9753 -0.0000 0.2207
vn -0.9974 -0.0000 -0.0715
vn 0.3260 -0.0000 0.9454
vn 0.2171 -0.0000 -0.9761
vn 0.9856 -0.0000 0.1689
vn 0.6805 -0.0000 0.7328
vn -0.1176 -0.0000 -0.9931
vn 0.9701 -0.0000 0.2425
vn 0.8232 -0.0000 0.5677
vn 0.9240 -0.0000 0.3824
vn 0.6690 -0.0000 0.7433
vn -0.7835 -0.0000 0.6214
vn 0.9298 -0.0000 -0.3680
vn -0.7912 -0.0000 0.6115
vn 0.7912 -0.0000 -0.6115
vn -0.0069 -0.0000 -1.0000
vn 0.3511 -0.0000 -0.9363
vn 0.1067 -0.0000 0.9943
vn 0.3278 -0.0000 -0.9448
vn -0.9298 -0.0000 0.3680
vn -0.9993 -0.0000 -0.0368
vn 0.2983 -0.0000 -0.9545
vn -0.3511 -0.0000 0.9363
vn 0.9977 -0.0000 -0.0684
vn -0.1067 -0.0000 -0.9943
vn 0.7913 -0.0000 0.6114
vn -0.4050 -0.0000 0.9143
vn -0.5738 -0.0000 0.8190
vn 0.1953 -0.0000 -0.9807
vn 0.9414 -0.0000 0.3374
vn -0.2341 -0.0000 0.9722
vn 0.6504 -0.0000 -0.7596
vn -0.3162 0.9478 0.0405
vn -0.3571 0.9340 0.0074
vn -0.3459 0.9382 -0.0137
vn 0.3448 0.9383 0.0261
vn 0.3628 0.9316 -0.0227
vn 0.3119 0.9479 -0.0648
vn -0.0585 -0.0000 -0.9983
vn 0.2373 0.9714 -0.0011
vn -0.2372 0.9714 0.0033
vt -18.238874 1.717506
vt -16.795229 2.082149
vt -16.145233 1.335158
vt -18.010929 1.097612
vt -17.403069 6.786042
vt -17.099148 7.807042
vt -15.731468 7.478862
vt -14.363803 7.333007
vt -14.537489 6.860676
vt -16.947189 2.957292
vt -15.123628 2.957292
vt -14.708574 2.269200
vt -16.415310 3.613649
vt -14.971656 4.014755
vt -13.907913 4.087685
vt -13.376034 3.212542
vt -17.327091 3.941827
vt -17.585539 4.768686
vt -15.579507 4.962828
vt -17.782980 5.400399
vt -16.265860 5.755105
vt -17.403069 0.218197
vt -14.537489 0.218197
vt -14.537489 0.422742
vt -17.403069 0.422742
vt -16.947189 6.166150
vt -14.733592 6.327390
vt -16.263348 8.864508
vt -14.743709 8.281076
vt -15.123628 9.375008
vt -14.059873 9.156221
vt -12.784719 8.923094
vt -12.008366 9.630257
vt -10.336761 9.921970
vt -9.195038 9.389706
vt -12.188633 8.814117
vt -10.336761 10.359543
vt -8.741145 10.614792
vt -7.981328 10.359543
vt -7.246919 10.007095
vt -6.613652 10.505400
vt -6.917580 10.979431
vt -5.169998 11.271151
vt -4.714105 10.833578
vt -3.346436 10.724186
vt -3.445834 10.215353
vt -6.367260 10.061977
vt -2.966527 11.271151
vt -1.446890 11.234686
vt -1.306021 10.372725
vt -14.287819 1.571649
vt -14.819696 6.093221
vt -14.059873 5.363936
vt -10.868634 8.572794
vt -12.464253 7.843507
vt -7.677394 8.682186
vt -6.005800 9.411472
vt -3.574381 9.557329
vt -1.142965 9.375008
vt 14.745193 0.218197
vt 16.050125 0.218197
vt 16.050125 0.613040
vt 14.745193 0.613040
vt -17.327091 0.218197
vt -16.415310 0.218197
vt -16.415310 0.415260
vt -17.327091 0.415260
vt -17.403069 0.613040
vt -14.537489 0.613040
vt 11.406162 0.218197
vt 13.344833 0.218197
vt 13.344833 0.613040
vt 11.406162 0.613040
vt 15.867500 0.218197
vt 14.350644 0.218197
vt 14.350644 0.613040
vt 15.867500 0.613040
vt -8.741145 0.218197
vt -10.336761 0.218197
vt -10.336761 0.406256
vt -8.741145 0.406256
vt -17.585539 0.218197
vt -15.579507 0.218197
vt -15.579507 0.613040
vt -17.585539 0.613040
vt 26.842375 0.218197
vt 25.503979 0.218197
vt 25.503979 0.613040
vt 26.842375 0.613040
vt -16.265860 0.218197
vt -17.782980 0.218197
vt -17.782980 0.613040
vt -16.265860 0.613040
vt -12.188633 0.218197
vt -10.868634 0.218197
vt -10.868634 0.449746
vt -12.188633 0.449746
vt -3.445834 0.218197
vt -1.306021 0.218197
vt -1.306021 0.613040
vt -3.445834 0.858220
vt 22.202600 0.218197
vt 24.643969 0.218197
vt 24.643969 0.466236
vt 22.202600 0.466236
vt 14.745193 -0.725641
vt 16.050125 -0.725641
vt 26.128563 -0.725641
vt 24.968626 -0.725641
vt 24.968626 0.218197
vt 26.128563 0.218197
vt -16.947189 -0.725641
vt -14.733592 -0.725641
vt -14.733592 0.218197
vt -16.947189 0.218197
vt -7.981328 -0.725641
vt -8.741145 -0.725641
vt -7.981328 0.218197
vt -10.336761 -0.725641
vt -16.145233 -0.725641
vt -14.287819 -0.725641
vt -14.287819 0.218197
vt -16.145233 0.218197
vt 24.611712 -0.725641
vt 23.540991 -0.725641
vt 23.540991 0.218197
vt 24.611712 0.218197
vt 4.814960 -0.725641
vt 6.498693 -0.725641
vt 6.498693 0.218197
vt 4.814960 0.218197
vt -12.008366 -0.725641
vt -12.008366 0.218197
vt -15.123628 -0.725641
vt -13.376034 -0.725641
vt -13.376034 0.218197
vt -15.123628 0.218197
vt 22.291811 -0.725641
vt 23.749287 -0.725641
vt 23.749287 0.218197
vt 22.291811 0.218197
vt -14.059873 -0.725641
vt -14.059873 0.218197
vt 7.123277 -0.725641
vt 9.264719 -0.725641
vt 9.264719 0.218197
vt 7.123277 0.218197
vt 23.883572 -0.725641
vt 23.883572 0.218197
vt -13.907913 -0.725641
vt -14.971656 -0.725641
vt -14.971656 0.218197
vt -13.907913 0.218197
vt 22.202600 -0.725641
vt 20.953419 -0.725641
vt 20.953419 0.218197
vt 9.086263 -0.725641
vt 11.406162 -0.725641
vt 9.086263 0.218197
vt -18.010929 -0.725641
vt -18.010929 0.218197
vt 18.365841 -0.725641
vt 18.365841 0.218197
vt -15.579507 -0.725641
vt 15.867500 -0.725641
vt 12.387657 -0.725641
vt 14.172189 -0.725641
vt 14.172189 0.218197
vt 12.387657 0.218197
vt -16.265860 -0.725641
vt -17.782980 -0.725641
vt 14.350644 -0.725641
vt 17.205896 -0.725641
vt 17.205896 0.218197
vt -14.363803 -0.725641
vt -15.731468 -0.725641
vt -15.731468 0.218197
vt -14.363803 0.218197
vt 10.931106 -0.725641
vt 8.907814 -0.725641
vt 8.907814 0.218197
vt 10.931106 0.218197
vt 17.562803 -0.725641
vt 19.525789 -0.725641
vt 19.525789 0.218197
vt 17.562803 0.218197
vt -17.327091 -0.725641
vt -16.415310 -0.725641
vt -14.743709 -0.725641
vt -12.464253 -0.725641
vt -12.464253 0.218197
vt -14.743709 0.218197
vt 8.104772 -0.725641
vt 8.104772 0.218197
vt 18.455067 -0.725641
vt 20.239607 -0.725641
vt 20.239607 0.218197
vt 18.455067 0.218197
vt 4.357250 -0.725641
vt 4.357250 0.218197
vt -10.868634 -0.725641
vt -7.677394 -0.725641
vt -7.677394 0.218197
vt -16.795229 -0.725641
vt -18.238874 -0.725641
vt -18.238874 0.218197
vt -16.795229 0.218197
vt 20.507288 -0.725641
vt 20.507288 0.218197
vt 3.464985 -0.725641
vt 1.948129 -0.725641
vt 1.948129 0.218197
vt 3.464985 0.218197
vt -6.005800 -0.725641
vt -3.574381 -0.725641
vt -3.574381 0.218197
vt -6.005800 0.218197
vt 3.108077 -0.725641
vt 3.108077 0.218197
vt -1.142965 -0.725641
vt -1.142965 0.218197
vt 24.643969 -0.725641
vt 26.753155 -0.725641
vt 26.753155 0.218197
vt -1.446890 -0.725641
vt -2.966527 -0.725641
vt -2.966527 0.218197
vt -1.446890 0.218197
vt 26.842375 -0.725641
vt 25.503979 -0.725641
vt 12.476883 -0.725641
vt 12.476883 0.218197
vt -3.346436 -0.725641
vt -4.714105 -0.725641
vt -4.714105 0.218197
vt -3.346436 0.218197
vt 25.771658 -0.725641
vt 25.771658 0.218197
vt -14.819696 -0.725641
vt -14.819696 0.218197
vt -5.169998 -0.725641
vt -6.917580 -0.725641
vt -6.917580 0.218197
vt -5.169998 0.218197
vt -12.784719 0.218197
vt -14.743709 0.613040
vt -12.784719 0.613040
vt -14.733592 0.613040
vt -16.947189 0.613040
vt -17.099148 0.218197
vt -15.731468 0.613040
vt -17.099148 0.613040
vt 19.525789 0.613040
vt 17.562803 0.613040
vt 6.498693 0.613040
vt 8.104772 0.613040
vt -16.263348 0.218197
vt -16.263348 0.613040
vt -12.464253 0.613040
vt -12.188633 0.613040
vt -10.868634 0.613040
vt 20.239607 0.613040
vt 18.455067 0.613040
vt 4.814960 0.613040
vt 3.108077 0.613040
vt 22.648733 0.218197
vt 24.258884 0.218197
vt 24.258884 0.858220
vt 22.648733 0.858220
vt 22.291811 0.858220
vt 23.883572 0.858220
vt -3.574381 0.858220
vt -6.005800 0.858220
vt -14.708574 0.218197
vt -16.795229 0.613040
vt -14.708574 0.613040
vt -13.376034 0.613040
vt -15.123628 0.613040
vt 9.264719 0.613040
vt 7.123277 0.613040
vt 26.753155 0.613040
vt 24.643969 0.613040
vt -16.415310 0.613040
vt -14.971656 0.613040
vt -6.367260 0.218197
vt -6.367260 0.858220
vt -13.907913 0.613040
vt 18.365841 0.613040
vt 20.953419 0.613040
vt 2.529392 0.218197
vt 2.529392 0.613040
vt 4.357250 0.613040
vt -2.966527 0.613040
vt -1.446890 0.613040
vt -14.287819 0.613040
vt -16.145233 0.613040
vt 10.931106 0.613040
vt 12.476883 0.613040
vt -17.585539 0.415260
vt -15.579507 0.415260
vt 8.907814 0.415260
vt 10.931106 0.415260
vt -14.971656 0.415260
vt 11.406162 0.415260
vt 9.086263 0.415260
vt 15.867500 0.422742
vt 18.365841 0.422742
vt 17.205896 0.422742
vt 16.050125 0.422742
vt -17.099148 0.422742
vt -15.731468 0.422742
vt -14.363803 0.422742
vt -7.677394 0.449746
vt -9.195038 0.218197
vt -9.195038 0.449746
vt 22.238558 0.218197
vt 22.238558 0.449746
vt 20.507288 0.449746
vt -7.246919 0.218197
vt -7.246919 0.406256
vt -9.195038 0.406256
vt 24.611712 0.406256
vt 23.749287 0.406256
vt 23.540991 0.406256
vt -7.981328 0.406256
vt 22.238558 0.406256
vt 22.648733 0.466236
vt 24.258884 0.466236
vt -1.142965 0.466236
vt -3.574381 0.466236
vt -3.445834 0.466236
vt -1.306021 0.466236
vt -2.222064 -8.203630
vt -2.301094 -8.620817
vt -4.885451 -8.458101
vt -5.413301 -7.620203
vt -2.525990 -7.620203
vt 0.361319 -7.984844
vt 0.361319 -8.832092
vt -2.345430 -8.854874
vt 0.361319 0.409003
vt 0.361319 1.168743
vt -2.450010 1.168743
vt -2.450010 0.409003
vt -5.793213 -8.130701
vt -5.471502 -8.782576
vt -8.286711 -8.624136
vt -8.111981 -8.466906
vt -7.616771 -8.021307
vt -9.570941 -7.893375
vt -8.640732 -7.064116
vt -7.464808 -7.292021
vt -11.415863 -6.526274
vt -12.667960 -6.871788
vt -13.142163 -7.002640
vt -13.909945 -5.457392
vt -12.528955 -5.190824
vt -14.958170 -4.124760
vt -13.615252 -3.887511
vt -15.752427 -2.891251
vt -14.607100 -2.697523
vt -16.126734 -1.676524
vt -14.379157 -1.749452
vt -16.430662 -0.619061
vt -14.987010 -0.473201
vt -17.646379 -0.108558
vt -15.974778 0.365477
vt -9.948348 -6.810691
vt -11.454553 -7.602862
vt -17.068018 -3.113778
vt -17.570389 -2.296416
vt -15.445406 -5.753776
vt -16.300846 -4.361967
vt -14.455134 -7.364950
vt -12.286037 -8.040173
vt -8.832480 -9.115234
vt -10.395691 -8.628622
vt -5.109374 -9.516342
vt -2.450010 -9.406952
vt -4.425537 -9.188162
vt 0.361319 -9.516342
vt -22.405216 0.409003
vt -22.405216 0.911898
vt -21.832493 0.911898
vt -21.832493 0.409003
vt -5.471502 0.409003
vt -5.471502 0.827513
vt -8.286711 0.827513
vt -8.286711 0.409003
vt -20.811649 0.409003
vt -20.811649 1.168743
vt -21.832493 1.168743
vt -15.752427 0.409003
vt -15.752427 1.168743
vt -17.068018 1.168743
vt -17.068018 0.409003
vt -14.958170 0.409003
vt -14.958170 0.765782
vt -13.615252 0.765782
vt -13.615252 0.409003
vt -10.830814 0.409003
vt -10.830814 1.063885
vt -7.812465 1.063885
vt -7.812465 0.409003
vt -16.430662 0.409003
vt -16.430662 0.758389
vt -14.987010 0.758389
vt -14.987010 0.409003
vt -6.356928 0.409003
vt -6.356928 1.168743
vt -4.840077 1.168743
vt -4.840077 0.409003
vt -7.812465 1.168743
vt -22.228312 0.409003
vt -22.228312 1.168743
vt -24.023809 1.168743
vt -24.023809 0.409003
vt -8.286711 1.168743
vt -5.471502 1.168743
vt -8.356979 0.409003
vt -8.356979 1.168743
vt -13.909945 0.409003
vt -13.909945 1.168743
vt -12.528955 1.168743
vt -12.528955 0.409003
vt -22.405216 0.555784
vt -23.756136 0.555784
vt -23.756136 0.409003
vt -19.384031 0.409003
vt -19.384031 1.168743
vt -7.616771 -0.746782
vt -7.616771 0.409003
vt -5.793213 0.409003
vt -5.793213 -0.746782
vt -23.220768 -0.746782
vt -23.220768 0.409003
vt -21.434332 0.409003
vt -21.434332 -0.746782
vt -14.816954 -0.746782
vt -14.816954 0.409003
vt -11.411251 0.409003
vt -11.411251 -0.746782
vt -5.413301 -0.746782
vt -5.413301 0.409003
vt -2.525990 0.409003
vt -2.525990 -0.746782
vt -8.356979 -0.746782
vt -6.356928 -0.746782
vt -7.338418 -0.746782
vt -7.338418 0.409003
vt -10.250273 0.409003
vt -10.250273 -0.746782
vt -20.633200 -0.746782
vt -20.633200 0.409003
vt -22.228312 -0.746782
vt -19.384031 -0.746782
vt -20.811649 -0.746782
vt -4.840077 -0.746782
vt -2.222064 -0.746782
vt -2.222064 0.409003
vt 0.361319 -0.746782
vt -2.252504 0.409003
vt -2.252504 -0.746782
vt -2.450010 -0.746782
vt -1.003325 0.409003
vt -1.003325 -0.746782
vt -4.425537 0.409003
vt -4.425537 -0.746782
vt -17.646379 -0.746782
vt -17.646379 0.409003
vt -15.974778 0.409003
vt -15.974778 -0.746782
vt 0.156621 -0.746782
vt 0.156621 0.409003
vt -1.895593 0.409003
vt -1.895593 -0.746782
vt -5.109374 -0.746782
vt -5.109374 0.409003
vt -8.832480 0.409003
vt -8.832480 -0.746782
vt -5.018528 0.409003
vt -5.018528 -0.746782
vt -10.395691 -0.746782
vt -10.395691 0.409003
vt -12.286037 0.409003
vt -12.286037 -0.746782
vt -22.349480 -0.746782
vt -22.349480 0.409003
vt -24.023809 -0.746782
vt -14.455134 0.409003
vt -14.455134 -0.746782
vt -11.415863 -0.746782
vt -11.415863 0.409003
vt -9.948348 0.409003
vt -9.948348 -0.746782
vt -13.439430 -0.746782
vt -13.439430 0.409003
vt -16.707228 0.409003
vt -16.707228 -0.746782
vt -20.276297 -0.746782
vt -20.276297 0.409003
vt -8.640732 -0.746782
vt -8.640732 0.409003
vt -7.464808 0.409003
vt -7.464808 -0.746782
vt -18.759436 -0.746782
vt -18.759436 0.409003
vt -18.580984 -0.746782
vt -18.580984 0.409003
vt -20.365511 0.409003
vt -20.365511 -0.746782
vt -10.830814 1.168743
vt -14.091710 1.168743
vt -14.091710 0.409003
vt -21.434332 1.168743
vt -2.252504 1.168743
vt -1.003325 1.168743
vt -14.987010 1.168743
vt -16.430662 1.168743
vt -2.301094 0.409003
vt -2.301094 1.168743
vt -4.885451 1.168743
vt -4.885451 0.409003
vt -5.109374 1.168743
vt -8.832480 1.168743
vt -17.872879 0.409003
vt -17.872879 1.168743
vt -17.646379 1.168743
vt -15.974778 1.168743
vt -22.349480 1.168743
vt -12.286037 1.168743
vt -14.455134 1.168743
vt 0.156621 1.168743
vt -1.895593 1.168743
vt -23.756136 1.168743
vt -22.405216 1.168743
vt -19.341597 0.409003
vt -19.341597 1.168743
vt -17.403185 1.168743
vt -17.403185 0.409003
vt -20.411674 1.168743
vt -20.411674 0.409003
vt -2.345430 0.409003
vt -2.345430 1.168743
vt -23.042303 0.409003
vt -23.042303 1.168743
vt -21.840612 1.168743
vt -21.840612 0.409003
vt -11.415863 1.168743
vt -12.667960 1.168743
vt -12.667960 0.409003
vt -9.948348 1.168743
vt -8.640732 1.168743
vt -20.365511 1.168743
vt -21.455879 1.168743
vt -21.455879 0.409003
vt -13.439430 1.168743
vt -16.707228 1.168743
vt -17.552683 0.409003
vt -17.552683 1.168743
vt -7.464808 1.168743
vt -15.445406 1.082792
vt -15.445406 0.409003
vt -8.111981 0.409003
vt -8.111981 1.168743
vt -9.570941 1.168743
vt -9.570941 0.409003
vt -18.580984 1.168743
vt -14.816954 1.082792
vt -11.411251 1.082792
vt -11.454553 1.168743
vt -11.454553 0.409003
vt -5.413301 1.168743
vt -2.525990 1.168743
vt -13.142163 1.168743
vt -13.142163 0.409003
vt -16.300846 0.409003
vt -16.300846 1.082792
vt -14.958170 1.168743
vt -10.250273 0.765782
vt -13.439430 0.765782
vt -14.091710 0.765782
vt -10.830814 0.765782
vt -12.528955 0.765782
vt -13.909945 0.765782
vt -20.633200 0.827513
vt -22.228312 0.827513
vt -21.455879 0.827513
vt -20.365511 0.827513
vt -7.616771 0.827513
vt -5.793213 0.827513
vt -21.840612 0.827513
vt -20.811649 0.911898
vt -20.276297 0.911898
vt -22.349480 0.911898
vt 0.361319 0.911898
vt -2.345430 0.911898
vt -2.222064 0.911898
vt -13.615252 0.870090
vt -14.958170 1.063885
vt -15.752427 1.063885
vt -14.607100 0.870090
vt -14.607100 0.409003
vt -7.338418 0.870090
vt -10.250273 0.870090
vt -21.832493 0.555784
vt -4.885451 0.555784
vt -2.301094 0.555784
vt -23.220768 0.555784
vt -21.434332 0.555784
vt -2.450010 0.555784
vt -4.425537 0.555784
vt -1.895593 0.758389
vt -5.018528 0.758389
vt -4.840077 0.758389
vt -2.252504 0.758389
vt -14.379157 0.409003
vt -14.379157 0.758389
vt -16.126734 0.758389
vt -16.126734 0.409003
vt 18.816885 -4.721096
vt 17.944527 -4.657664
vt 17.170040 -3.474431
vt 17.930420 -3.444842
vt 19.386736 -3.870258
vt 7.862825 -9.127195
vt 8.497764 -9.968441
vt 7.039689 -10.221123
vt 5.520050 -10.160353
vt 5.140141 -9.309517
vt 12.145850 -8.807177
vt 12.591010 -9.318626
vt 9.319149 -9.826096
vt 8.780938 -8.929682
vt 14.194657 -8.489071
vt 15.097560 -8.857845
vt 14.701195 -6.301214
vt 16.307623 -6.617494
vt 15.017908 -8.416342
vt 13.635338 -7.901590
vt 16.347473 -5.602314
vt 17.325508 -5.590580
vt 17.170612 -6.787404
vt 16.727379 -4.569160
vt 15.587656 -3.536003
vt 16.474110 -2.320527
vt 18.310337 -2.442072
vt 19.196789 -2.107818
vt 16.094194 -1.986270
vt 16.094200 -0.558086
vt 19.133471 -0.497311
vt 13.119394 -9.925686
vt 10.078960 -10.251511
vt 16.178616 -9.299389
vt 18.183687 -7.030499
vt 17.677156 -8.428297
vt 16.600739 -9.005650
vt 18.880192 -5.571926
vt 18.373646 -6.483535
vt -23.071587 0.206619
vt -23.071587 0.583955
vt -25.130081 0.583955
vt -25.130081 0.206619
vt -24.781757 0.206619
vt -24.781757 0.355513
vt -22.588272 0.355513
vt -22.588272 0.206619
vt -20.072573 0.206619
vt -20.072573 0.359406
vt -16.156515 0.359406
vt -16.156515 0.206619
vt -1.954588 0.206619
vt -1.954588 0.945310
vt -5.895436 0.945310
vt -5.895436 0.206619
vt 16.178616 0.206619
vt 16.178616 0.448527
vt 13.119394 0.448527
vt 13.119394 0.206619
vt -9.239486 0.206619
vt -9.239486 0.513899
vt -12.134810 0.513899
vt -12.134810 0.206619
vt -17.346203 0.206619
vt -17.346203 0.853222
vt -14.417620 0.853222
vt -14.417620 0.206619
vt -10.208056 -0.726614
vt -10.208056 0.206619
vt -12.290025 0.206619
vt -12.290025 -0.726614
vt -23.071587 -0.726614
vt -25.130081 -0.726614
vt 17.930420 -0.726614
vt 17.930420 0.206619
vt 19.386736 0.206619
vt 19.386736 -0.726614
vt 12.145850 -0.726614
vt 12.145850 0.206619
vt 14.194657 0.206619
vt 14.194657 -0.726614
vt 8.497764 -0.726614
vt 8.497764 0.206619
vt 7.039689 0.206619
vt 7.039689 -0.726614
vt -6.713343 -0.726614
vt -6.713343 0.206619
vt -9.167082 0.206619
vt -9.167082 -0.726614
vt 15.017908 -0.726614
vt 15.017908 0.206619
vt 13.635338 0.206619
vt 13.635338 -0.726614
vt 13.119394 -0.726614
vt 10.078960 0.206619
vt 10.078960 -0.726614
vt 15.097560 -0.726614
vt 15.097560 0.206619
vt 16.178616 -0.726614
vt -1.954588 -0.726614
vt -5.895436 -0.726614
vt -24.781757 -0.726614
vt -22.588272 -0.726614
vt 16.600739 -0.726614
vt 16.600739 0.206619
vt 16.094200 -0.726614
vt 16.094200 0.206619
vt 19.133471 0.206619
vt 19.133471 -0.726614
vt 5.520050 0.206619
vt 5.520050 -0.726614
vt -5.598014 -0.726614
vt -5.598014 0.206619
vt -2.103301 0.206619
vt -2.103301 -0.726614
vt -25.822741 -0.726614
vt -25.822741 0.206619
vt -9.390151 -0.726614
vt -9.390151 0.206619
vt -6.415927 0.206619
vt -6.415927 -0.726614
vt -11.918244 -0.726614
vt -11.918244 0.206619
vt -21.361408 -0.726614
vt -21.361408 0.206619
vt -22.774166 0.206619
vt -22.774166 -0.726614
vt -14.446333 -0.726614
vt -14.446333 0.206619
vt -17.941042 -0.726614
vt -17.941042 0.206619
vt 16.474110 -0.726614
vt 16.474110 0.206619
vt 18.310337 0.206619
vt 18.310337 -0.726614
vt -16.156515 -0.726614
vt 17.170612 -0.726614
vt 17.170612 0.206619
vt 18.183687 0.206619
vt 18.183687 -0.726614
vt 19.196789 -0.726614
vt 19.196789 0.206619
vt 16.094194 0.206619
vt 16.094194 -0.726614
vt -20.072573 -0.726614
vt 18.373646 -0.726614
vt 18.373646 0.206619
vt 8.780938 -0.726614
vt 8.780938 0.206619
vt -14.371976 -0.726614
vt -14.371976 0.206619
vt -16.602644 0.206619
vt -16.602644 -0.726614
vt 5.140141 -0.726614
vt 5.140141 0.206619
vt 7.862825 0.206619
vt 7.862825 -0.726614
vt -25.599678 -0.726614
vt -25.599678 0.206619
vt -23.517715 0.206619
vt -23.517715 -0.726614
vt 19.196789 0.945310
vt 16.094194 0.945310
vt 16.094200 0.945310
vt 19.133471 0.945310
vt -5.598014 0.945310
vt -2.103301 0.945310
vt 15.587656 0.206619
vt 15.587656 0.513899
vt 17.170040 0.513899
vt 17.170040 0.206619
vt 17.944527 0.206619
vt 17.944527 0.513899
vt 16.727379 0.513899
vt 16.727379 0.206619
vt -11.918244 0.513899
vt -9.390151 0.513899
vt -16.930441 0.206619
vt -16.930441 0.359406
vt -21.332146 0.359406
vt -21.332146 0.206619
vt 14.701195 0.206619
vt 14.701195 0.359406
vt 16.307623 0.359406
vt 16.307623 0.206619
vt 15.017908 0.359406
vt 13.635338 0.359406
vt -25.025454 0.206619
vt -25.025454 0.448527
vt -23.540009 0.448527
vt -23.540009 0.206619
vt 15.097560 0.448527
vt 12.591010 0.206619
vt 12.591010 0.448527
vt 12.591010 0.355513
vt 9.319149 0.355513
vt 9.319149 0.206619
vt -22.288507 0.206619
vt -22.288507 0.355513
vt -23.540009 0.355513
vt 8.780938 0.355513
vt 12.145850 0.355513
vt 5.140141 0.583955
vt 7.862825 0.583955
vt 8.497764 0.583955
vt 7.039689 0.583955
vt 5.520050 0.583955
vt -25.599678 0.583955
vt -23.517715 0.583955
vt 18.373646 0.853222
vt 17.170612 0.853222
vt 17.325508 0.206619
vt 17.325508 0.853222
vt 18.880192 0.853222
vt 18.880192 0.206619
vt -14.371976 0.853222
vt -16.602644 0.853222
vt -10.945415 -2.519387
vt -10.012990 -1.973490
vt -8.526624 -2.513239
vt -9.478707 -3.121344
vt -12.052423 -2.045373
vt -13.301595 -0.905648
vt -11.917106 -0.657060
vt -10.719125 -1.588526
vt -5.566739 0.508765
vt -6.902530 0.508765
vt -6.902530 0.642601
vt -5.566739 0.642601
vt -12.321115 0.558147
vt -10.930053 0.738106
vt -10.648258 -0.378460
vt -9.478285 -1.660437
vt -8.943571 -1.347383
vt -7.631076 -1.852887
vt -8.078849 -2.183064
vt -13.576608 0.395726
vt -9.448165 -1.153039
vt -5.727499 -2.137420
vt -5.909338 -2.509263
vt -6.618055 -3.470271
vt -3.901876 -2.532825
vt -3.809001 -3.239184
vt -3.944281 -2.185764
vt -1.276922 -1.972825
vt -1.035137 -2.405868
vt -0.512469 -3.341970
vt -3.559128 0.508765
vt -1.663762 0.508765
vt -1.663762 0.642601
vt -3.559128 0.642601
vt -5.909338 0.508765
vt -3.901876 0.508765
vt -3.901876 0.642601
vt -5.909338 0.642601
vt -8.526624 0.508765
vt -8.526624 0.642601
vt -3.809001 0.508765
vt -0.512469 0.508765
vt -0.512469 0.642601
vt -3.809001 0.642601
vt -3.809001 -0.443974
vt -0.512469 -0.443974
vt -1.663762 -0.443974
vt 1.068432 -0.443974
vt 1.068432 0.508765
vt -5.565113 -0.443974
vt -4.505473 -0.443974
vt -4.505473 0.508765
vt -5.565113 0.508765
vt -6.618055 -0.443974
vt -6.618055 0.508765
vt -3.559128 -0.443974
vt -5.566739 -0.443974
vt -6.902530 -0.443974
vt -9.478707 -0.443974
vt -9.478707 0.508765
vt -7.631076 -0.443974
vt -8.943571 -0.443974
vt -8.943571 0.508765
vt -7.631076 0.508765
vt -12.321115 -0.443974
vt -13.576608 -0.443974
vt -13.576608 0.508765
vt -12.321115 0.508765
vt -8.375494 -0.443974
vt -8.375494 0.508765
vt -5.545660 -0.443974
vt -5.545660 0.508765
vt -10.719125 -0.443974
vt -9.448165 -0.443974
vt -9.448165 0.508765
vt -10.719125 0.508765
vt -4.800712 -0.443974
vt -4.800712 0.508765
vt -3.986686 -0.443974
vt -3.986686 0.508765
vt -12.052423 -0.443974
vt -12.052423 0.508765
vt -1.518710 -0.443974
vt -1.518710 0.508765
vt -2.953772 -0.443974
vt -5.742637 -0.443974
vt -5.742637 0.508765
vt -2.953772 0.508765
vt -8.915358 -0.443974
vt -6.624750 -0.443974
vt -6.624750 0.508765
vt -8.915358 0.508765
vt -10.930053 -0.443974
vt -10.930053 0.508765
vt 0.230641 -0.443974
vt 0.230641 0.508765
vt -6.086166 0.642601
vt -5.236924 0.642601
vt -6.086166 0.923029
vt -3.986686 -1.838704
vt -5.545660 -1.765579
vt -0.512469 1.270797
vt -3.809001 1.297113
vt -6.086166 0.508765
vt -5.236924 0.508765
vt -1.035137 0.508765
vt -1.035137 0.642601
vt -6.935412 0.508765
vt -8.663846 0.508765
vt -8.663846 0.642601
vt -6.935412 0.642601
vt -8.375494 0.642601
vt -7.631076 0.642601
vt -5.545660 0.642601
vt -9.448165 0.642601
vt -10.719125 0.642601
vt -10.648258 0.508765
vt -11.917106 0.508765
vt -11.917106 0.642601
vt -10.648258 0.642601
vt -3.986686 0.642601
vt -6.079558 0.508765
vt -6.887487 0.508765
vt -6.887487 0.642601
vt -6.079558 0.642601
vt -2.345488 0.508765
vt -4.624747 0.508765
vt -4.624747 0.642601
vt -2.345488 0.642601
vt -6.624750 0.642601
vt -8.915358 0.642601
vt -10.012990 0.508765
vt -10.012990 0.642601
vt -3.901876 -2.535395
vt -3.809001 -3.236526
vt -0.512469 -3.338550
vt -1.035137 -2.409378
vt -8.657341 1.297113
vt -6.941700 1.477959
vt -6.633341 1.510464
vt -8.906989 1.270797
vt -3.901876 1.477959
vt -1.035137 1.510464
vt 10.377790 -4.056829
vt 11.925752 -3.833964
vt 14.015255 -3.712415
vt 14.246548 -4.622622
vt 11.375226 -5.016097
vt 11.015846 -5.051956
vt 2.813553 -6.430028
vt 2.807925 -5.853851
vt 5.798657 -5.853851
vt 5.886250 -6.416009
vt -0.801215 -7.251648
vt -0.627508 -6.215569
vt -0.421305 -6.127333
vt 1.997613 -5.922476
vt 1.925083 -7.054158
vt -0.357986 -4.502477
vt 1.884820 -4.390358
vt 1.804748 -5.549283
vt -0.408288 -5.709517
vt 2.681290 -4.350542
vt 6.037154 -4.502478
vt 8.759841 -4.289770
vt 9.987846 -4.112970
vt 10.508952 -5.102535
vt 6.934156 -5.459239
vt 2.756920 -5.480342
vt 2.338348 -5.510648
vt 6.290428 -5.853851
vt 9.076426 -5.641140
vt 9.443680 -5.597079
vt 9.266381 -6.795845
vt 6.508184 -6.948579
vt 10.152778 -5.512005
vt 12.115714 -5.276499
vt 14.331844 -5.063791
vt 12.685575 -6.613522
vt 9.936292 -6.760123
vt -16.471718 0.363514
vt -17.881594 0.363514
vt -16.471718 0.656716
vt 9.443680 0.363514
vt 9.076426 0.363514
vt 9.076426 0.847767
vt 9.443680 0.847767
vt 6.037154 0.363514
vt 2.681290 0.363514
vt 2.681290 0.674060
vt 6.037154 0.674060
vt -14.225350 0.363514
vt -17.279446 0.363514
vt -17.279446 0.847767
vt -14.225350 0.847767
vt -17.998941 0.363514
vt -15.229756 0.363514
vt -15.242291 0.683980
vt -17.987507 0.997206
vt 6.508184 -0.643755
vt 9.266381 -0.643755
vt 9.266381 0.363514
vt 6.508184 0.363514
vt 8.759841 -0.643755
vt 6.037154 -0.643755
vt 8.759841 0.363514
vt -14.225350 -0.643755
vt -17.279446 -0.643755
vt 9.936292 -0.643755
vt 12.685575 -0.643755
vt 12.685575 0.363514
vt 9.936292 0.363514
vt 11.925752 -0.643755
vt 10.377790 -0.643755
vt 10.377790 0.363514
vt 11.925752 0.363514
vt 9.987846 -0.643755
vt 9.987846 0.363514
vt -16.920719 -0.643755
vt -13.128589 -0.643755
vt -13.128589 0.363514
vt -16.920719 0.363514
vt 14.015255 -0.643755
vt 14.015255 0.363514
vt -17.366856 -0.643755
vt -14.433524 -0.643755
vt -14.433524 0.363514
vt -17.366856 0.363514
vt -12.049063 -0.643755
vt -9.821823 -0.643755
vt -9.821823 0.363514
vt -12.049063 0.363514
vt -0.801215 -0.643755
vt 1.925083 -0.643755
vt 1.925083 0.363514
vt -0.801215 0.363514
vt -13.223391 -0.643755
vt -10.801967 -0.643755
vt -10.801967 0.363514
vt -13.223391 0.363514
vt -15.731031 -0.643755
vt -15.946946 -0.643755
vt -15.946946 0.363514
vt -15.731031 0.363514
vt 14.331844 -0.643755
vt 12.115714 -0.643755
vt 12.115714 0.363514
vt 14.331844 0.363514
vt -10.664592 -0.643755
vt -13.099628 -0.643755
vt -13.099628 0.363514
vt -10.664592 0.363514
vt -0.408288 -0.643755
vt 1.804748 -0.643755
vt 1.804748 0.363514
vt -0.408288 0.363514
vt 9.443680 -0.643755
vt 9.076426 -0.643755
vt -17.998941 -0.643755
vt -15.229756 -0.643755
vt 6.290428 -0.643755
vt 6.290428 0.363514
vt 1.884820 -0.643755
vt -0.357986 -0.643755
vt -0.357986 0.363514
vt 1.884820 0.363514
vt 5.798657 -0.643755
vt 2.807925 -0.643755
vt 2.807925 0.363514
vt 5.798657 0.363514
vt -16.471718 -0.643755
vt -17.881594 -0.643755
vt 1.997613 -0.643755
vt -0.421305 -0.643755
vt -0.421305 0.363514
vt 1.997613 0.363514
vt 11.375226 -0.643755
vt 14.246548 -0.643755
vt 14.246548 0.363514
vt 11.375226 0.363514
vt 6.934156 -0.643755
vt 10.508952 -0.643755
vt 10.508952 0.363514
vt 6.934156 0.363514
vt -11.755074 -0.643755
vt -14.708652 -0.643755
vt -14.708652 0.363514
vt -11.755074 0.363514
vt 2.338348 -0.643755
vt 2.756920 -0.643755
vt 2.756920 0.363514
vt 2.338348 0.363514
vt -16.437416 -0.643755
vt -15.061833 -0.643755
vt -15.061833 0.363514
vt -16.437416 0.363514
vt -18.482187 -0.643755
vt -18.482187 0.363514
vt 11.015846 -0.643755
vt 11.015846 0.363514
vt -11.383294 -0.643755
vt -14.222029 -0.643755
vt -14.222029 0.363514
vt -11.383294 0.363514
vt -14.316567 -0.643755
vt -11.480725 -0.643755
vt -11.480725 0.363514
vt -14.316567 0.363514
vt -17.740591 -0.643755
vt -17.740591 0.363514
vt 2.819184 -0.643755
vt 5.973840 -0.643755
vt 5.973840 0.363514
vt 2.819184 0.363514
vt 2.681290 -0.643755
vt 10.152778 -0.643755
vt 10.152778 0.363514
vt -0.801215 -7.245265
vt 1.925083 -7.049486
vt 1.997613 -5.927597
vt -0.421305 -6.130682
vt -0.627508 -6.218154
vt 9.266381 0.847767
vt 6.508184 0.847767
vt 6.290428 0.847767
vt 12.685575 0.847767
vt 9.936292 0.847767
vt -14.433524 0.847767
vt -17.366856 0.847767
vt -13.128589 0.847767
vt -16.920719 0.847767
vt -0.421305 0.740681
vt 1.997613 0.683980
vt -15.953269 0.765103
vt -15.739228 0.740681
vt -18.466572 1.051867
vt -17.740591 0.847767
vt -15.061833 0.847767
vt 1.925083 0.997206
vt -0.801215 1.051867
vt 10.152778 0.847767
vt 12.115714 0.847767
vt 14.331844 0.847767
vt -10.801967 0.674060
vt -13.223391 0.674060
vt 8.759841 0.674060
vt 9.987846 0.674060
vt -14.222029 0.674060
vt -11.383294 0.674060
vt 10.508952 0.674060
vt 6.934156 0.674060
vt 2.756920 0.674060
vt 2.338348 0.674060
vt 4.879881 8.923128
vt 7.958567 8.588848
vt 6.438930 7.798790
vt 4.454488 8.063330
vt 4.825978 9.658392
vt 1.599575 9.755625
vt 2.029134 10.682520
vt 5.861635 10.367350
vt 18.283772 6.418462
vt 16.624744 6.103402
vt 16.368973 6.054828
vt 16.356495 6.927794
vt 16.570126 7.007029
vt 17.604940 7.390843
vt 4.467333 8.967922
vt 4.159471 8.102657
vt 0.740287 8.284979
vt 1.331417 9.110701
vt 14.885201 7.068603
vt 13.459826 7.571754
vt 13.747263 7.939603
vt 15.195216 7.544611
vt 6.386565 9.223246
vt 6.684775 9.941933
vt 7.857672 9.068531
vt 8.204409 9.759611
vt 9.850687 8.999939
vt 9.217504 9.881159
vt 10.963806 8.510260
vt 10.207911 8.842791
vt 10.104283 9.262711
vt 11.445342 9.032013
vt 11.318681 8.894773
vt 12.243202 8.014076
vt 11.370323 8.331427
vt 12.518699 8.395184
vt 14.979467 6.417052
vt 14.916145 5.778926
vt 16.764898 5.536300
vt 16.885099 5.049875
vt 16.427713 5.066255
vt 14.346277 5.140801
vt 18.588596 4.988865
vt 18.620602 4.451277
vt 16.580273 4.384179
vt 16.544098 4.545898
vt 16.668938 3.987726
vt 14.789501 4.046870
vt 14.573214 4.580708
vt 18.272013 5.718153
vt 12.889965 8.908779
vt 14.029689 8.301041
vt 15.549330 8.088332
vt 11.696240 9.303865
vt 9.989493 9.727854
vt 11.053730 9.516514
vt 18.651922 3.925324
vt 11.864069 7.080921
vt 13.334807 6.535034
vt 13.150664 5.702091
vt 10.427976 6.097122
vt 10.714945 7.631229
vt 9.161100 6.760376
vt 10.174701 7.889949
vt 8.338478 7.191050
vt 8.754769 8.337749
vt 7.237554 7.543278
vt 11.619161 0.278765
vt 12.809426 0.278765
vt 12.809426 0.722109
vt 11.619161 0.722109
vt 4.467333 0.278765
vt 1.331417 0.278765
vt 1.331417 1.145999
vt 4.467333 1.145999
vt 11.370323 0.278765
vt 12.243202 0.278765
vt 12.243202 0.569871
vt 11.370323 0.569871
vt 20.900282 0.278765
vt 20.086586 0.278765
vt 20.086586 0.569871
vt 20.900282 0.569871
vt 18.872448 0.278765
vt 19.805004 0.278765
vt 19.805004 0.569871
vt 18.872448 0.569871
vt 13.747263 0.278765
vt 15.195216 0.278765
vt 15.195216 0.722109
vt 13.747263 0.722109
vt 14.197100 0.278765
vt 14.197100 0.722109
vt 13.403123 0.278765
vt 11.841656 0.278765
vt 11.841656 0.722109
vt 13.403123 0.722109
vt 16.427713 0.278765
vt 16.885099 0.278765
vt 16.885099 0.722109
vt 16.427713 0.722109
vt 10.471128 0.278765
vt 10.471128 0.722109
vt 16.570126 0.278765
vt 16.570126 0.722109
vt 21.027477 0.278765
vt 21.027477 0.569871
vt 17.723682 0.278765
vt 19.054148 0.278765
vt 19.054148 0.722109
vt 17.723682 0.722109
vt 15.549330 -0.623141
vt 14.029689 -0.623141
vt 14.029689 0.278765
vt 15.549330 0.278765
vt 10.471128 -0.623141
vt 9.164851 -0.623141
vt 9.164851 0.278765
vt 17.604940 -0.623141
vt 17.604940 0.278765
vt 21.096869 -0.623141
vt 18.992971 -0.623141
vt 18.992971 0.278765
vt 21.096869 0.278765
vt 14.968039 -0.623141
vt 17.347420 -0.623141
vt 17.347420 0.278765
vt 14.968039 0.278765
vt 4.467333 -0.623141
vt 1.331417 -0.623141
vt 13.254415 -0.623141
vt 13.254415 0.278765
vt 16.668938 -0.623141
vt 18.651922 -0.623141
vt 18.651922 0.278765
vt 16.668938 0.278765
vt 11.469873 -0.623141
vt 11.469873 0.278765
vt 6.386565 -0.623141
vt 7.857672 -0.623141
vt 7.857672 0.278765
vt 6.386565 0.278765
vt 10.154411 -0.623141
vt 10.154411 0.278765
vt 8.867432 -0.623141
vt 8.867432 0.278765
vt 21.555843 -0.623141
vt 19.535336 -0.623141
vt 19.535336 0.278765
vt 21.555843 0.278765
vt 14.789501 -0.623141
vt 14.789501 0.278765
vt 0.740287 -0.623141
vt 4.159471 -0.623141
vt 4.159471 0.278765
vt 0.740287 0.278765
vt 11.841656 -0.623141
vt 4.454488 -0.623141
vt 6.438930 -0.623141
vt 6.438930 0.278765
vt 4.454488 0.278765
vt 16.858536 -0.623141
vt 15.804696 -0.623141
vt 15.804696 0.278765
vt 16.858536 0.278765
vt 13.403123 -0.623141
vt 7.237554 -0.623141
vt 8.338478 -0.623141
vt 8.338478 0.278765
vt 7.237554 0.278765
vt 16.589052 -0.623141
vt 17.935633 -0.623141
vt 17.935633 0.278765
vt 16.589052 0.278765
vt 14.964593 -0.623141
vt 14.964593 0.278765
vt 14.181737 -0.623141
vt 14.181737 0.278765
vt 16.558907 -0.623141
vt 16.558907 0.278765
vt 10.427976 -0.623141
vt 13.150664 -0.623141
vt 13.150664 0.278765
vt 10.427976 0.278765
vt 13.459826 -0.623141
vt 14.885201 -0.623141
vt 14.885201 0.278765
vt 13.459826 0.278765
vt 13.215109 -0.623141
vt 15.253292 -0.623141
vt 15.253292 0.278765
vt 13.215109 0.278765
vt 10.174701 -0.623141
vt 8.754769 -0.623141
vt 8.754769 0.278765
vt 10.174701 0.278765
vt 11.370323 -0.623141
vt 12.243202 -0.623141
vt 13.334807 -0.623141
vt 11.864069 -0.623141
vt 11.864069 0.278765
vt 13.334807 0.278765
vt 18.568712 -0.623141
vt 18.568712 0.278765
vt 19.664461 -0.623141
vt 17.720421 -0.623141
vt 17.720421 0.278765
vt 19.664461 0.278765
vt 19.089205 -0.623141
vt 21.206476 -0.623141
vt 21.206476 0.278765
vt 19.089205 0.278765
vt 18.345650 -0.623141
vt 20.278896 -0.623141
vt 20.278896 0.278765
vt 18.345650 0.278765
vt 4.825978 -0.623141
vt 4.825978 0.278765
vt 1.599575 -0.623141
vt 1.599575 0.278765
vt 7.958567 -0.623141
vt 4.879881 -0.623141
vt 4.879881 0.278765
vt 7.958567 0.278765
vt 9.850687 -0.623141
vt 9.850687 0.278765
vt 21.284813 -0.623141
vt 23.441120 -0.623141
vt 23.441120 0.278765
vt 21.284813 0.278765
vt 25.402029 -0.623141
vt 23.133949 -0.623141
vt 23.133949 0.278765
vt 25.402029 0.278765
vt 20.900282 -0.623141
vt 20.086586 -0.623141
vt 5.861635 -0.623141
vt 2.029134 -0.623141
vt 2.029134 0.278765
vt 5.861635 0.278765
vt 23.589844 -0.623141
vt 24.630819 -0.623141
vt 24.630819 0.278765
vt 23.589844 0.278765
vt 21.927807 -0.623141
vt 21.927807 0.278765
vt 8.204409 -0.623141
vt 6.684775 -0.623141
vt 6.684775 0.278765
vt 8.204409 0.278765
vt 11.696240 -0.623141
vt 11.053730 -0.623141
vt 11.053730 0.278765
vt 11.696240 0.278765
vt 9.217504 -0.623141
vt 9.217504 0.278765
vt 19.648994 -0.623141
vt 19.648994 0.278765
vt 9.989493 -0.623141
vt 9.989493 0.278765
vt 12.889965 -0.623141
vt 12.889965 0.278765
vt 23.066004 -0.623141
vt 23.066004 0.278765
vt 19.574636 -0.623141
vt 21.061752 -0.623141
vt 21.061752 0.278765
vt 19.574636 0.278765
vt 19.535336 1.145999
vt 21.555843 1.145999
vt 4.159471 1.145999
vt 0.740287 1.145999
vt 21.206476 1.145999
vt 19.089205 1.145999
vt 10.174701 0.722109
vt 8.338478 0.722109
vt 7.237554 0.722109
vt 14.964593 0.722109
vt 16.558907 0.722109
vt 8.754769 0.722109
vt 16.368973 0.278765
vt 14.916145 0.278765
vt 14.916145 0.722109
vt 16.368973 0.722109
vt 17.720421 0.722109
vt 19.664461 0.722109
vt 13.459826 0.722109
vt 12.243202 0.722109
vt 14.979467 0.278765
vt 16.356495 0.278765
vt 16.356495 0.722109
vt 14.979467 0.722109
vt 17.604940 0.722109
vt 16.214355 0.278765
vt 14.078243 0.278765
vt 14.078243 0.722109
vt 16.214355 0.722109
vt 14.029689 0.722109
vt 15.549330 0.722109
vt 18.690214 0.278765
vt 18.690214 0.722109
vt 19.574636 0.722109
vt 10.385952 0.278765
vt 11.659244 0.278765
vt 11.659244 0.722109
vt 10.385952 0.722109
vt 18.872448 0.722109
vt 19.805004 0.722109
vt 16.624744 0.278765
vt 18.283772 0.278765
vt 18.283772 0.722109
vt 16.624744 0.722109
vt 14.573214 0.278765
vt 16.544098 0.278765
vt 16.544098 0.722109
vt 14.573214 0.722109
vt 17.347420 0.722109
vt 14.968039 0.722109
vt 17.790100 0.278765
vt 17.790100 0.722109
vt 18.651922 0.722109
vt 16.668938 0.722109
vt 18.620602 0.278765
vt 16.580273 0.278765
vt 16.580273 0.722109
vt 18.620602 0.722109
vt 10.154411 0.722109
vt 8.867432 0.722109
vt 9.990230 0.278765
vt 9.020125 0.278765
vt 9.020125 0.722109
vt 9.990230 0.722109
vt 12.518699 0.278765
vt 12.518699 0.722109
vt 21.363300 0.278765
vt 21.363300 0.569871
vt 14.181737 0.569871
vt 15.804696 0.569871
vt 21.927807 0.569871
vt 16.589052 0.569871
vt 21.831238 0.278765
vt 21.831238 0.569871
vt 23.589844 0.569871
vt 11.445342 0.278765
vt 10.104283 0.278765
vt 10.104283 0.569871
vt 11.445342 0.569871
vt 19.648994 0.569871
vt 7.857672 0.569871
vt 6.386565 0.569871
vt 17.935633 0.569871
vt 21.452660 0.278765
vt 23.143705 0.278765
vt 23.143705 0.569871
vt 21.452660 0.569871
vt 6.684775 0.569871
vt 8.204409 0.569871
vt -5.271629 0.508765
vt -5.271629 0.642601
vt -5.565113 0.789195
vt -4.034680 -0.443974
vt -4.034680 0.508765
vt -1.518710 -1.539782
vt -6.086166 0.789195
vt -6.079558 0.923029
vt -17.812996 -0.643755
vt -17.812996 0.363514
vt 2.819184 -7.006203
vt 5.973840 -6.978169
vt -16.437416 0.656716
s 0
usemtl Material.024
f 913/1247/31 912/1248/31 918/1249/31 872/1250/31
f 906/1251/31 905/1252/31 882/1253/31 881/1254/31 917/1255/31
f 912/1248/31 911/1256/31 874/1257/31 914/1258/31
f 911/1256/31 910/1259/31 877/1260/31 876/1261/31 875/1262/31 874/1257/31
f 910/1259/31 909/1263/31 915/1264/31 878/1265/31 877/1260/31
f 915/1264/31 908/1266/31 919/1267/31 878/1265/31
f 964/1268/32 937/1269/32 1760/1270/32 1764/1271/32
f 907/1272/31 906/1251/31 917/1255/31 916/1273/31
f 905/1252/31 904/1274/31 883/1275/31 882/1253/31
f 904/1274/31 903/1276/31 902/1277/31 920/1278/31 883/1275/31
f 902/1277/31 901/1279/31 900/1280/31 922/1281/31 923/1282/31 920/1278/31
f 900/1280/31 899/1283/31 898/1284/31 897/1285/31 921/1286/31 922/1281/31
f 896/1287/31 895/1288/31 894/1289/31 893/1290/31 892/1291/31 924/1292/31 925/1293/31
f 892/1291/31 891/1294/31 890/1295/31 926/1296/31 924/1292/31
f 912/1248/31 914/1258/31 873/1297/31 918/1249/31
f 919/1267/31 880/1298/31 879/1299/31 878/1265/31
f 920/1278/31 923/1282/31 885/1300/31 884/1301/31 883/1275/31
f 922/1281/31 886/1302/31 885/1300/31 923/1282/31
f 921/1286/31 887/1303/31 886/1302/31 922/1281/31
f 924/1292/31 888/1304/31 887/1303/31 925/1293/31
f 926/1296/31 889/1305/31 888/1304/31 924/1292/31
f 975/1306/34 937/1307/34 1740/1308/34 1748/1309/34
f 967/1310/35 968/1311/35 1759/1312/35 1758/1313/35
f 937/1269/36 964/1268/36 1738/1314/36 1740/1315/36
f 1689/1316/37 1709/1317/37 1753/1318/37 1747/1319/37
f 964/1320/38 965/1321/38 1739/1322/38 1738/1323/38
f 956/1324/39 957/1325/39 1771/1326/39 1770/1327/39
f 966/1328/40 1689/1329/40 1747/1330/40 1746/1331/40
f 949/1332/41 1694/1333/41 1735/1334/41 1734/1335/41
f 1709/1336/42 973/1337/42 1745/1338/42 1753/1339/42
f 1717/1340/43 942/1341/43 1765/1342/43 1767/1343/43
f 1714/1344/44 947/1345/44 1732/1346/44 1751/1347/44
f 946/1348/45 947/1349/45 1778/1350/45 1776/1351/45
f 916/1352/34 917/1353/34 937/1307/34 975/1306/34
f 895/1354/46 896/1355/46 1698/1356/46 1697/1357/46
f 907/1358/47 916/1359/47 975/1360/47 965/1361/47
f 897/1362/48 898/1363/48 956/1324/48 955/1364/48
f 898/1363/39 899/1365/39 957/1325/39 956/1324/39
f 918/1366/49 873/1367/49 928/1368/49 1715/1369/49
f 899/1370/50 900/1371/50 1699/1372/50 957/1373/50
f 914/1374/51 874/1375/51 1688/1376/51 1687/1377/51
f 900/1365/52 901/1378/52 1700/1379/52 1699/1325/52
f 874/1380/53 875/1381/53 931/1382/53 1688/1383/53
f 887/1384/54 921/1385/54 1711/1386/54 1693/1387/54
f 901/1378/55 902/1388/55 1701/1389/55 1700/1379/55
f 875/1390/56 876/1391/56 932/1392/56 931/1393/56
f 925/1394/57 887/1384/57 1693/1387/57 1718/1395/57
f 902/1388/58 903/1380/58 1702/1383/58 1701/1389/58
f 876/1396/59 877/1397/59 933/1398/59 932/1399/59
f 903/1400/60 904/1401/60 1703/1402/60 1702/1348/60
f 877/1403/61 878/1404/61 1689/1316/61 933/1405/61
f 872/1406/49 918/1366/49 1715/1369/49 1708/1407/49
f 904/1401/62 905/1408/62 963/1409/62 1703/1402/62
f 878/1410/63 879/1388/63 1690/1389/63 1689/1329/63
f 905/1408/64 906/1411/64 964/1320/64 963/1409/64
f 879/1412/65 880/1413/65 1691/1414/65 1690/1415/65
f 919/1416/42 908/1417/42 973/1337/42 1709/1336/42
f 906/1411/38 907/1418/38 965/1321/38 964/1320/38
f 917/1353/34 881/1419/34 938/1420/34 937/1307/34
f 881/1421/66 882/1422/66 939/1423/66 938/1424/66
f 915/1425/67 909/1426/67 967/1427/67 966/1428/67
f 882/1429/68 883/1430/68 1710/1431/68 939/1432/68
f 909/1433/35 910/1434/35 968/1311/35 967/1310/35
f 883/1435/69 884/1436/69 941/1437/69 1710/1438/69
f 921/1385/54 897/1370/54 955/1373/54 1711/1386/54
f 910/1439/70 911/1375/70 1704/1376/70 968/1440/70
f 884/1441/71 885/1442/71 942/1443/71 941/1444/71
f 911/1375/72 912/1445/72 1706/1446/72 1704/1376/72
f 885/1447/73 886/1448/73 1692/1449/73 942/1341/73
f 912/1450/74 913/1451/74 1705/1452/74 1706/1453/74
f 886/1454/75 887/1384/75 1693/1387/75 1692/1455/75
f 913/1456/76 872/1457/76 1708/1458/76 1705/1459/76
f 887/1460/77 888/1461/77 945/1462/77 1693/1463/77
f 873/1464/51 914/1374/51 1687/1377/51 928/1465/51
f 888/1461/78 889/1466/78 946/1467/78 945/1462/78
f 926/1468/45 890/1469/45 948/1470/45 947/1349/45
f 896/1355/57 925/1394/57 1718/1395/57 1698/1356/57
f 890/1471/79 891/1472/79 949/1473/79 948/1474/79
f 889/1400/45 926/1468/45 947/1349/45 946/1348/45
f 891/1475/41 892/1476/41 1694/1333/41 949/1332/41
f 908/1477/67 915/1425/67 966/1428/67 973/1478/67
f 892/1479/80 893/1480/80 1695/1481/80 1694/1482/80
f 893/1483/65 894/1475/65 1696/1332/65 1695/1484/65
f 880/1485/42 919/1416/42 1709/1336/42 1691/1486/42
f 894/1487/81 895/1488/81 1697/1489/81 1696/1490/81
f 981/1491/83 1710/1438/83 1726/1492/83 1754/1493/83
f 965/1361/47 975/1360/47 1748/1494/47 1739/1495/47
f 963/1496/84 939/1423/84 1725/1497/84 1737/1498/84
f 939/1432/68 1710/1431/68 1726/1499/68 1725/1500/68
f 968/1440/70 1704/1376/70 1742/1501/70 1741/1502/70
f 1710/1438/85 1703/1503/85 1736/1504/85 1726/1492/85
f 1710/1438/69 941/1437/69 1728/1505/69 1726/1492/69
f 1717/1340/86 981/1491/86 1754/1493/86 1749/1506/86
f 942/1341/86 1717/1340/86 1749/1506/86 1729/1507/86
f 941/1444/71 942/1443/71 1729/1508/71 1728/1509/71
f 928/1465/51 1687/1377/51 1743/1510/51 1720/1511/51
f 945/1512/87 1714/1513/87 1751/1514/87 1731/1515/87
f 1718/1395/57 1693/1387/57 1730/1516/57 1750/1517/57
f 1693/1463/77 945/1462/77 1731/1518/77 1730/1519/77
f 1687/1520/88 1706/1453/88 1744/1521/88 1743/1522/88
f 1688/1383/53 931/1382/53 1722/1523/53 1721/1524/53
f 1694/1333/89 1714/1513/89 1751/1514/89 1735/1334/89
f 1704/1361/90 1688/1383/90 1721/1524/90 1742/1495/90
f 931/1393/56 932/1392/56 1723/1525/56 1722/1526/56
f 947/1349/45 948/1470/45 1733/1527/45 1732/1528/45
f 933/1398/91 968/1311/91 1741/1529/91 1724/1530/91
f 1714/1344/92 1718/1531/92 1750/1532/92 1751/1347/92
f 932/1399/59 933/1398/59 1724/1530/59 1723/1533/59
f 1703/1402/62 963/1409/62 1737/1534/62 1736/1535/62
f 1706/1446/93 1715/1536/93 1719/1537/93 1744/1538/93
f 948/1474/79 949/1473/79 1734/1539/79 1733/1540/79
f 1715/1369/49 928/1368/49 1720/1541/49 1719/1542/49
f 973/1478/67 966/1428/67 1746/1543/67 1745/1544/67
f 1689/1329/94 966/1328/94 1757/1545/94 1756/1546/94
f 966/1428/67 967/1427/67 1758/1547/67 1757/1548/67
f 968/1311/95 933/1398/95 1755/1549/95 1759/1312/95
f 933/1405/61 1689/1316/61 1756/1550/61 1755/1551/61
f 963/1409/64 964/1320/64 1764/1552/64 1763/1553/64
f 937/1307/34 938/1420/34 1761/1554/34 1760/1555/34
f 939/1423/96 963/1496/96 1763/1556/96 1762/1557/96
f 938/1424/66 939/1423/66 1762/1557/66 1761/1558/66
f 942/1341/73 1692/1449/73 1766/1559/73 1765/1342/73
f 1712/1560/97 1717/1340/97 1767/1343/97 1768/1561/97
f 1692/1455/98 1712/1562/98 1768/1563/98 1766/1564/98
f 1712/1560/99 1711/1565/99 1773/1566/99 1774/1567/99
f 1711/1386/54 955/1373/54 1769/1568/54 1773/1569/54
f 957/1373/50 1699/1372/50 1772/1570/50 1771/1568/50
f 955/1364/48 956/1324/48 1770/1327/48 1769/1571/48
f 1699/1372/100 1712/1562/100 1774/1572/100 1772/1570/100
f 1714/1513/89 945/1512/89 1775/1573/89 1777/1574/89
f 945/1462/78 946/1467/78 1776/1575/78 1775/1576/78
f 947/1345/101 1714/1344/101 1777/1577/101 1778/1578/101
f 1059/1579/31 1081/1580/31 1082/1581/31 1057/1582/31 1058/1583/31
f 1060/1584/31 1083/1585/31 1084/1586/31 1081/1580/31 1059/1579/31
f 1112/1587/102 1823/1588/102 1824/1589/102 1113/1590/102
f 1056/1591/31 1079/1592/31 1080/1593/31 1078/1594/31 1055/1595/31
f 1055/1595/31 1078/1594/31 1075/1596/31 1069/1597/31 1054/1598/31
f 1053/1599/31 1077/1600/31 1072/1601/31 1074/1602/31 1042/1603/31
f 1042/1603/31 1074/1602/31 1073/1604/31 1040/1605/31
f 1040/1605/31 1073/1604/31 1071/1606/31 1052/1607/31
f 1052/1607/31 1071/1606/31 1046/1608/31 1051/1609/31
f 1051/1609/31 1046/1608/31 1047/1610/31 1050/1611/31
f 1050/1611/31 1047/1610/31 1048/1612/31 1049/1613/31
f 1068/1614/31 1076/1615/31 1077/1600/31 1053/1599/31
f 1069/1597/31 1075/1596/31 1076/1615/31 1068/1614/31
f 1046/1608/31 1071/1606/31 1066/1616/31 1045/1617/31
f 1073/1604/31 1074/1602/31 1043/1618/31 1041/1619/31
f 1071/1606/31 1073/1604/31 1041/1619/31 1066/1616/31
f 1074/1602/31 1072/1601/31 1044/1620/31 1043/1618/31
f 1077/1600/31 1076/1615/31 1067/1621/31 1044/1620/31 1072/1601/31
f 1075/1596/31 1078/1594/31 1080/1593/31 1065/1622/31 1070/1623/31
f 1076/1615/31 1075/1596/31 1070/1623/31 1067/1621/31
f 1080/1593/31 1079/1592/31 1064/1624/31 1065/1622/31
f 1082/1581/31 1081/1580/31 1084/1586/31 1062/1625/31 1063/1626/31
f 1084/1586/31 1083/1585/31 1061/1627/31 1062/1625/31
f 1115/1628/103 1855/1629/103 1854/1630/103 1129/1631/103
f 1087/1632/104 1849/1633/104 1850/1634/104 1779/1635/104
f 1110/1636/105 1822/1637/105 1839/1638/105 1129/1631/105
f 1791/1639/106 1832/1640/106 1808/1641/106 1789/1642/106
f 1787/1643/107 1844/1644/107 1842/1645/107 1118/1646/107
f 1787/1647/108 1859/1648/108 1858/1649/108 1791/1650/108
f 1096/1651/109 1866/1652/109 1867/1653/109 1099/1654/109
f 1094/1655/110 1809/1656/110 1810/1657/110 1790/1658/110
f 1790/1658/111 1810/1657/111 1832/1659/111 1791/1650/111
f 1087/1660/112 1802/1661/112 1803/1662/112 1088/1663/112
f 1779/1635/113 1804/1664/113 1802/1665/113 1087/1632/113
f 1789/1666/114 1808/1667/114 1809/1656/114 1094/1655/114
f 1786/1668/115 1827/1669/115 1815/1670/115 1102/1671/115
f 1115/1628/105 1863/1672/105 1862/1673/105 1113/1674/105
f 1109/1675/116 1821/1676/116 1822/1637/116 1110/1636/116
f 1055/1677/117 1106/1678/117 1107/1679/117 1056/1680/117
f 1063/1681/118 1090/1682/118 1089/1683/118 1082/1684/118
f 1043/1685/114 1785/1686/114 1788/1687/114 1041/1688/114
f 1057/1689/119 1108/1690/119 1109/1691/119 1058/1692/119
f 1066/1693/114 1789/1666/114 1094/1655/114 1045/1694/114
f 1052/1695/120 1784/1696/120 1118/1697/120 1040/1698/120
f 1056/1699/112 1107/1700/112 1087/1660/112 1079/1701/112
f 1058/1702/116 1109/1675/116 1110/1636/116 1059/1703/116
f 1045/1694/110 1094/1655/110 1790/1658/110 1046/1704/110
f 1059/1705/121 1110/1706/121 1111/1587/121 1060/1707/121
f 1046/1704/122 1790/1658/122 1096/1708/122 1047/1709/122
f 1041/1688/114 1788/1687/114 1789/1666/114 1066/1693/114
f 1061/1707/102 1112/1587/102 1113/1590/102 1062/1710/102
f 1047/1709/123 1096/1708/123 1097/1711/123 1048/1712/123
f 1062/1710/124 1113/1590/124 1090/1713/124 1063/1714/124
f 1048/1715/125 1097/1716/125 1098/1717/125 1049/1718/125
f 1082/1684/118 1089/1683/118 1108/1675/118 1057/1702/118
f 1049/1719/126 1098/1720/126 1099/1721/126 1050/1722/126
f 1064/1723/127 1088/1724/127 1780/1725/127 1065/1726/127
f 1050/1722/128 1099/1721/128 1783/1727/128 1051/1728/128
f 1070/1729/129 1793/1730/129 1794/1731/129 1067/1732/129
f 1083/1733/130 1116/1734/130 1112/1663/130 1061/1735/130
f 1067/1732/129 1794/1731/129 1782/1736/129 1044/1737/129
f 1051/1728/131 1783/1727/131 1784/1696/131 1052/1695/131
f 1053/1738/132 1795/1739/132 1796/1740/132 1068/1741/132
f 1042/1742/120 1102/1743/120 1795/1744/120 1053/1745/120
f 1060/1746/130 1111/1747/130 1116/1734/130 1083/1733/130
f 1069/1748/132 1104/1749/132 1105/1750/132 1054/1751/132
f 1068/1741/132 1796/1740/132 1104/1749/132 1069/1748/132
f 1044/1752/114 1782/1753/114 1785/1686/114 1043/1685/114
f 1054/1754/133 1105/1755/133 1106/1756/133 1055/1757/133
f 1065/1726/129 1780/1725/129 1793/1730/129 1070/1729/129
f 1079/1701/112 1087/1660/112 1088/1663/112 1064/1735/112
f 1040/1698/120 1118/1697/120 1102/1743/120 1042/1742/120
f 1787/1647/135 1831/1758/135 1827/1759/135 1786/1760/135
f 1089/1683/118 1840/1761/118 1820/1676/118 1108/1675/118
f 1096/1708/123 1811/1762/123 1812/1763/123 1097/1711/123
f 1099/1654/136 1814/1764/136 1811/1765/136 1096/1651/136
f 1129/1766/137 1839/1767/137 1840/1768/137 1089/1769/137
f 1088/1724/127 1803/1770/127 1805/1771/127 1780/1725/127
f 1781/1772/138 1806/1773/138 1827/1759/138 1786/1760/138
f 1097/1716/125 1812/1774/125 1813/1775/125 1098/1717/125
f 1116/1734/130 1841/1776/130 1823/1662/130 1112/1663/130
f 1794/1731/129 1825/1777/129 1807/1778/129 1782/1736/129
f 1098/1720/126 1813/1779/126 1814/1780/126 1099/1721/126
f 1113/1674/103 1824/1781/103 1826/1782/103 1115/1628/103
f 1797/1783/139 1833/1784/139 1835/1785/139 1796/1786/139
f 1797/1783/140 1833/1784/140 1825/1787/140 1794/1788/140
f 1115/1789/141 1826/1790/141 1841/1588/141 1116/1587/141
f 1780/1791/142 1805/1792/142 1804/1793/142 1779/1794/142
f 1795/1739/143 1816/1795/143 1162/1796/143 1799/1797/143
f 1796/1740/132 1835/1798/132 1817/1799/132 1104/1749/132
f 1106/1756/144 1819/1800/144 1837/1801/144 1801/1802/144
f 1102/1743/120 1815/1803/120 1816/1804/120 1795/1744/120
f 1799/1805/145 1162/1806/145 1833/1784/145 1797/1783/145
f 1104/1749/132 1817/1799/132 1818/1807/132 1105/1750/132
f 1786/1668/146 1827/1669/146 1829/1808/146 1785/1809/146
f 1801/1810/147 1837/1811/147 1163/1812/147 1126/1813/147
f 1105/1755/133 1818/1814/133 1819/1800/133 1106/1756/133
f 1785/1686/114 1829/1815/114 1830/1816/114 1788/1687/114
f 1126/1813/148 1163/1812/148 1833/1817/148 1797/1818/148
f 1108/1690/119 1820/1819/119 1821/1820/119 1109/1691/119
f 1782/1736/149 1807/1778/149 1806/1821/149 1781/1822/149
f 1788/1823/107 1830/1824/107 1831/1825/107 1787/1643/107
f 1118/1697/120 1842/1826/120 1843/1827/120 1102/1743/120
f 1786/1760/150 1845/1828/150 1844/1829/150 1787/1647/150
f 1102/1671/146 1843/1830/146 1845/1831/146 1786/1668/146
f 1107/1700/112 1847/1832/112 1849/1833/112 1087/1660/112
f 1801/1802/142 1848/1834/142 1846/1835/142 1106/1756/142
f 1106/1678/117 1846/1836/117 1847/1837/117 1107/1679/117
f 1779/1794/142 1850/1838/142 1848/1834/142 1801/1802/142
f 1129/1631/103 1854/1630/103 1851/1839/103 1110/1636/103
f 1111/1747/130 1852/1840/130 1853/1841/130 1116/1734/130
f 1116/1587/151 1853/1842/151 1855/1843/151 1115/1789/151
f 1110/1706/121 1851/1844/121 1852/1842/121 1111/1587/121
f 1118/1646/153 1857/1845/153 1859/1846/153 1787/1643/153
f 1791/1639/154 1858/1847/154 1856/1848/154 1784/1849/154
f 1784/1696/120 1856/1850/120 1857/1851/120 1118/1697/120
f 1129/1631/105 1864/1852/105 1863/1672/105 1115/1628/105
f 1089/1769/155 1860/1853/155 1864/1854/155 1129/1766/155
f 1090/1682/118 1861/1855/118 1860/1856/118 1089/1683/118
f 1113/1590/124 1862/1857/124 1861/1858/124 1090/1713/124
f 1099/1721/128 1867/1859/128 1868/1860/128 1783/1727/128
f 1790/1658/122 1865/1861/122 1866/1862/122 1096/1708/122
f 1783/1863/156 1868/1864/156 1865/1865/156 1790/1866/156
f 1209/1867/31 1231/1868/31 1233/1869/31 1211/1870/31 1210/1871/31
f 1225/1872/31 1197/1873/31 1199/1874/31 1198/1875/31 1226/1876/31
f 1195/1877/31 1227/1878/31 1200/1879/31 1224/1880/31
f 1223/1881/31 1228/1882/31 1227/1878/31 1195/1877/31
f 1221/1883/31 1229/1884/31 1230/1885/31 1222/1886/31
f 1220/1887/31 1232/1888/31 1206/1889/31 1229/1884/31 1221/1883/31
f 1219/1890/31 1231/1868/31 1232/1888/31 1220/1887/31
f 1211/1870/31 1233/1869/31 1218/1891/31 1217/1892/31 1212/1893/31
f 1213/1894/31 1216/1895/31 1215/1896/31 1214/1897/31
f 1200/1879/31 1227/1878/31 1196/1898/31 1201/1899/31
f 1227/1878/31 1228/1882/31 1202/1900/31 1196/1898/31
f 1230/1885/31 1229/1884/31 1206/1889/31 1205/1901/31 1204/1902/31 1203/1903/31
f 1232/1888/31 1231/1868/31 1209/1867/31 1208/1904/31
f 1233/1869/31 1231/1868/31 1219/1890/31 1218/1891/31
f 1206/1889/31 1232/1888/31 1208/1904/31 1207/1905/31
f 1264/1906/157 1918/1907/157 1920/1908/157 1266/1909/157
f 1875/1910/158 1912/1911/158 1913/1912/158 1240/1913/158
f 1263/1914/159 1905/1915/159 1904/1916/159 1889/1917/159
f 1255/1918/160 1897/1919/160 1896/1920/160 1254/1921/160
f 1243/1922/161 1910/1923/161 1909/1924/161 1869/1925/161
f 1272/1926/162 1903/1927/162 1902/1928/162 1271/1929/162
f 1879/1930/163 1921/1931/163 1924/1932/163 1891/1933/163
f 1210/1934/164 1882/1935/164 1881/1936/164 1209/1937/164
f 1225/1938/157 1264/1906/157 1266/1909/157 1197/1939/157
f 1211/1940/165 1883/1941/165 1882/1942/165 1210/1943/165
f 1195/1944/166 1873/1945/166 1872/1946/166 1223/1947/166
f 1197/1948/167 1266/1949/167 1242/1950/167 1199/1951/167
f 1212/1952/168 1884/1953/168 1883/1954/168 1211/1955/168
f 1230/1956/169 1890/1957/169 1263/1958/169 1222/1959/169
f 1196/1960/170 1869/1925/170 1874/1961/170 1201/1962/170
f 1228/1963/171 1892/1964/171 1243/1922/171 1202/1965/171
f 1214/1966/160 1255/1918/160 1254/1921/160 1213/1967/160
f 1200/1968/158 1875/1910/158 1240/1913/158 1224/1969/158
f 1203/1970/169 1876/1971/169 1890/1957/169 1230/1956/169
f 1215/1972/172 1256/1973/172 1255/1974/172 1214/1975/172
f 1199/1951/173 1242/1950/173 1241/1976/173 1198/1977/173
f 1216/1978/50 1257/1979/50 1256/1980/50 1215/1981/50
f 1201/1982/174 1874/1983/174 1875/1910/174 1200/1968/174
f 1218/1984/175 1886/1985/175 1885/1986/175 1217/1987/175
f 1202/1965/161 1243/1922/161 1869/1925/161 1196/1960/161
f 1219/1988/176 1887/1989/176 1886/1985/176 1218/1984/176
f 1204/1990/177 1877/1991/177 1876/1992/177 1203/1993/177
f 1220/1994/178 1888/1995/178 1887/1989/178 1219/1988/178
f 1205/1996/179 1878/1997/179 1877/1991/179 1204/1990/179
f 1217/1998/180 1885/1999/180 1884/2000/180 1212/2001/180
f 1221/2002/181 1889/1917/181 1888/1995/181 1220/1994/181
f 1206/2003/96 1879/2004/96 1878/2005/96 1205/2006/96
f 1213/2007/182 1254/2008/182 1257/2009/182 1216/2010/182
f 1222/2011/159 1263/1914/159 1889/1917/159 1221/2002/159
f 1207/2012/183 1248/2013/183 1879/2004/183 1206/2003/183
f 1224/2014/184 1240/2015/184 1873/1945/184 1195/1944/184
f 1208/2016/185 1880/2017/185 1248/2018/185 1207/2019/185
f 1223/1947/171 1872/1946/171 1892/1964/171 1228/1963/171
f 1226/2020/186 1265/2021/186 1264/2022/186 1225/2023/186
f 1209/1937/187 1881/1936/187 1880/2017/187 1208/2016/187
f 1198/2024/188 1241/2025/188 1265/2026/188 1226/2027/188
f 1254/2008/182 1896/2028/182 1899/2029/182 1257/2009/182
f 1256/1973/172 1898/2030/172 1897/2031/172 1255/1974/172
f 1257/1979/50 1899/2032/50 1898/2033/50 1256/1980/50
f 1886/2034/189 1900/2035/189 1903/2036/189 1272/2037/189
f 1271/2038/190 1902/2039/190 1901/2040/190 1887/2041/190
f 1887/1989/176 1901/2042/176 1900/2043/176 1886/1985/176
f 1269/2044/191 1906/2045/191 1907/2046/191 1890/2047/191
f 1889/2048/192 1904/2049/192 1906/2050/192 1269/2051/192
f 1890/1957/169 1907/2052/169 1905/2053/169 1263/1958/169
f 1869/2054/193 1909/2055/193 1908/2056/193 1870/2057/193
f 1892/1964/171 1911/2058/171 1910/1923/171 1243/1922/171
f 1870/2059/194 1908/2060/194 1911/2058/194 1892/1964/194
f 1870/2059/195 1915/2061/195 1912/2062/195 1875/2063/195
f 1873/2064/196 1914/2065/196 1915/2066/196 1870/2057/196
f 1240/2015/184 1913/2067/184 1914/2068/184 1873/1945/184
f 1265/2021/186 1919/2069/186 1918/2070/186 1264/2022/186
f 1266/1949/167 1920/2071/167 1917/2072/167 1242/1950/167
f 1242/1950/173 1917/2072/173 1916/2073/173 1241/1976/173
f 1241/2025/188 1916/2074/188 1919/2075/188 1265/2026/188
f 1248/2013/183 1922/2076/183 1921/2077/183 1879/2004/183
f 1891/2078/197 1924/2079/197 1923/2080/197 1880/2081/197
f 1880/2017/185 1923/2082/185 1922/2083/185 1248/2018/185
f 1315/2084/31 1319/2085/31 1323/2086/31 1314/2087/31
f 1316/2088/31 1317/2089/31 1322/2090/31 1321/2091/31
f 1939/2092/198 1340/2093/198 1950/2094/198 1951/2095/198
f 1320/2096/31 1303/2097/31 1304/2098/31 1322/2090/31
f 1651/2099/31 1306/2100/31 1307/2101/31 1653/2102/31
f 1317/2089/31 1302/2103/31 1320/2096/31 1322/2090/31
f 1304/2098/31 1305/2104/31 1321/2091/31 1322/2090/31
f 1653/2102/31 1654/2105/31 1324/2106/31 1323/2086/31
f 1323/2086/31 1324/2106/31 1313/2107/31 1314/2087/31
f 1324/2106/31 1325/2108/31 1312/2109/31 1313/2107/31
f 1654/2105/31 1655/2110/31 1325/2108/31 1324/2106/31
f 1655/2110/31 1652/2111/31 1318/2112/31 1325/2108/31
f 1325/2108/31 1318/2112/31 1311/2113/31 1312/2109/31
f 1329/2114/199 1927/2115/199 1945/2116/199 1946/2117/199
f 1942/2118/200 1943/2119/200 1955/2120/200 1364/2121/200
f 1940/2122/201 1942/2118/201 1364/2121/201 1954/2123/201
f 1954/2086/33 1364/2106/33 2117/2106/33 2116/2086/33
f 1930/2124/202 1336/2125/202 1947/2126/202 1948/2127/202
f 1312/2128/202 1311/2129/202 1336/2125/202 1930/2124/202
f 1304/2130/203 1303/2131/203 1926/2132/203 1927/2115/203
f 1652/2133/204 1310/2134/204 1334/2135/204 1657/2136/204
f 1313/2137/205 1312/2128/205 1930/2124/205 1931/2138/205
f 1305/2139/199 1304/2130/199 1927/2115/199 1329/2114/199
f 1319/2140/198 1315/2141/198 1340/2093/198 1939/2092/198
f 1314/2142/206 1313/2137/206 1931/2138/206 1932/2143/206
f 1307/2144/207 1306/2145/207 1928/2146/207 1929/2147/207
f 1320/2148/208 1302/2149/208 1937/2150/208 1925/2151/208
f 1315/2141/209 1314/2152/209 1932/2153/209 1340/2093/209
f 1308/2154/210 1307/2144/210 1929/2147/210 1332/2155/210
f 1321/2156/211 1305/2157/211 1329/2158/211 1934/2159/211
f 1651/2160/198 1319/2140/198 1939/2092/198 1933/2161/198
f 1309/2162/212 1308/2154/212 1332/2155/212 1333/2163/212
f 1316/2164/211 1321/2156/211 1934/2159/211 1935/2165/211
f 1310/2166/213 1309/2162/213 1333/2163/213 1334/2167/213
f 1317/2168/214 1316/2169/214 1935/2170/214 1936/2171/214
f 1311/2172/204 1318/2173/204 1335/2174/204 1336/2175/204
f 1303/2176/208 1320/2148/208 1925/2151/208 1926/2177/208
f 1302/2178/215 1317/2168/215 1936/2171/215 1937/2179/215
f 1661/2180/216 1354/2181/216 2115/2181/216 2120/2182/216
f 1354/2183/33 1353/2184/33 2114/2184/33 2115/2183/33
f 1659/2187/216 1333/2188/216 1354/2181/216 1661/2180/216
f 1335/2189/218 1943/2119/218 1955/2120/218 1956/2190/218
f 1943/2191/219 1930/2192/219 1948/2193/219 1955/2194/219
f 1340/2093/209 1932/2153/209 1949/2195/209 1950/2094/209
f 1332/2155/210 1929/2147/210 1352/2196/210 1353/2197/210
f 1934/2159/211 1329/2158/211 1946/2198/211 1952/2199/211
f 1927/2200/220 1346/2201/220 1953/2202/220 1945/2203/220
f 1333/2163/212 1332/2155/212 1353/2197/212 1354/2204/212
f 1944/2205/221 1940/2206/221 1954/2207/221 1660/2208/221
f 1346/2209/222 1934/2210/222 1952/2211/222 1953/2212/222
f 1932/2153/223 1940/2206/223 1954/2207/223 1949/2195/223
f 1336/2175/204 1335/2174/204 1956/2213/204 1947/2214/204
f 1940/2122/224 1939/2215/224 1951/2216/224 1954/2123/224
f 1955/2194/226 1948/2193/226 1368/2221/226 1369/2222/226
f 1947/2214/227 1956/2213/227 1957/2223/227 1958/2224/227
f 1355/2190/228 1365/2120/228 1960/2225/228 1366/2226/228
f 1405/2227/31 1378/2228/31 1379/2229/31 1370/2230/31 1391/2231/31 1406/2232/31
f 1677/2233/31 1384/2234/31 1396/2235/31 1678/2236/31
f 1386/2237/31 1392/2238/31 1385/2239/31 1395/2240/31 1394/2241/31
f 1374/2242/31 1387/2243/31 1401/2244/31 1371/2245/31
f 1375/2246/31 1376/2247/31 1377/2248/31 1404/2249/31 1403/2250/31 1372/2251/31 1373/2252/31 1402/2253/31
f 1383/2254/31 1382/2255/31 1400/2256/31 1389/2257/31 1397/2258/31
f 1398/2259/31 1381/2260/31 1380/2261/31 1390/2262/31 1399/2263/31
f 1679/2264/229 1435/2265/229 2123/2265/229 2125/2266/229
f 1423/2267/230 1424/2268/230 1978/2269/230 1977/2270/230
f 1414/2271/231 1413/2272/231 1993/2273/231 1994/2274/231
f 1442/2275/232 1439/2276/232 1984/2277/232 1989/2278/232
f 1968/2279/233 1969/2280/233 1451/2281/233 1445/2282/233
f 1397/2283/234 1389/2284/234 1438/2285/234 1437/2286/234
f 1377/2287/235 1376/2288/235 1414/2271/235 1415/2289/235
f 1398/2290/232 1399/2291/232 1439/2276/232 1442/2275/232
f 1399/2292/236 1390/2293/236 1440/2294/236 1439/2295/236
f 1378/2296/237 1405/2297/237 1964/2298/237 1965/2299/237
f 1404/2300/237 1377/2287/237 1415/2289/237 1443/2301/237
f 1390/2302/238 1380/2303/238 1421/2304/238 1440/2305/238
f 1379/2306/239 1378/2296/239 1965/2299/239 1966/2307/239
f 1389/2308/240 1400/2309/240 1423/2310/240 1438/2311/240
f 1370/2312/241 1379/2313/241 1966/2314/241 1962/2315/241
f 1386/2316/242 1394/2317/242 1968/2318/242 1967/2319/242
f 1403/2320/243 1404/2321/243 1443/2322/243 1441/2323/243
f 1385/2324/244 1392/2325/244 1432/2326/244 1970/2327/244
f 1380/2328/245 1381/2329/245 1422/2330/245 1421/2331/245
f 1405/2332/46 1406/2333/46 1963/2334/46 1964/2335/46
f 1371/2336/246 1401/2337/246 1973/2338/246 1971/2339/246
f 1400/2340/230 1382/2341/230 1424/2268/230 1423/2267/230
f 1394/2342/247 1395/2343/247 1969/2280/247 1968/2279/247
f 1382/2341/248 1383/2344/248 1425/2345/248 1424/2268/248
f 1387/2346/249 1374/2347/249 1972/2348/249 1974/2349/249
f 1396/2350/119 1384/2351/119 1427/2352/119 1426/2353/119
f 1677/2354/229 1393/2355/229 1435/2265/229 1679/2264/229
f 1395/2356/121 1385/2357/121 1970/2358/121 1969/2359/121
f 1391/2360/250 1370/2361/250 1962/2362/250 1961/2363/250
f 1372/2364/251 1403/2365/251 1441/2366/251 1412/2367/251
f 1374/2368/252 1371/2369/252 1971/2370/252 1972/2371/252
f 1402/2372/246 1373/2373/246 1410/2374/246 1409/2375/246
f 1678/2376/253 1396/2377/253 1426/2378/253 1680/2379/253
f 1392/2325/254 1386/2380/254 1967/2381/254 1432/2326/254
f 1406/2382/251 1391/2360/251 1961/2363/251 1963/2383/251
f 1375/2384/255 1402/2385/255 1409/2386/255 1413/2387/255
f 1401/2388/256 1387/2389/256 1974/2390/256 1973/2391/256
f 1373/2373/257 1372/2364/257 1412/2367/257 1410/2374/257
f 1383/2377/258 1397/2392/258 1437/2393/258 1425/2378/258
f 1393/2394/259 1388/2395/259 1436/2396/259 1435/2397/259
f 1376/2288/231 1375/2398/231 1413/2272/231 1414/2271/231
f 1381/2329/230 1398/2399/230 1442/2400/230 1422/2330/230
f 1437/2286/234 1438/2285/234 1983/2406/234 1982/2407/234
f 1424/2268/248 1425/2345/248 1979/2408/248 1978/2269/248
f 1439/2295/236 1440/2294/236 1985/2409/236 1984/2410/236
f 1438/2311/240 1423/2310/240 1977/2411/240 1983/2412/240
f 1440/2305/238 1421/2304/238 1975/2413/238 1985/2414/238
f 1970/2327/262 1432/2326/262 1980/2417/262 1452/2418/262
f 1432/2326/263 1967/2381/263 1444/2419/263 1980/2417/263
f 1425/2378/258 1437/2393/258 1982/2420/258 1979/2421/258
f 1422/2330/230 1442/2400/230 1989/2424/230 1976/2425/230
f 1421/2331/245 1422/2330/245 1976/2425/245 1975/2426/245
f 1441/2323/243 1443/2322/243 1997/2427/243 1996/2428/243
f 1443/2301/237 1415/2289/237 1995/2429/237 1997/2430/237
f 1413/2387/255 1409/2386/255 1990/2431/255 1993/2432/255
f 1412/2367/251 1441/2366/251 1996/2433/251 1992/2434/251
f 1415/2289/235 1414/2271/235 1994/2274/235 1995/2429/235
f 1410/2374/257 1412/2367/257 1992/2434/257 1991/2435/257
f 1409/2375/246 1410/2374/246 1991/2435/246 1990/2436/246
f 1469/2437/31 1481/2438/31 1474/2439/31 1506/2440/31
f 1471/2441/31 1483/2442/31 1484/2443/31 1485/2444/31
f 1494/2445/31 1514/2446/31 1517/2447/31 1518/2448/31 1523/2449/31 1493/2450/31
f 1482/2451/31 1473/2452/31 1472/2453/31 1468/2454/31
f 1502/2455/31 1503/2456/31 1521/2457/31 1520/2458/31
f 1467/2459/31 1471/2441/31 1485/2444/31 1486/2460/31
f 1470/2461/31 1467/2459/31 1486/2460/31 1487/2462/31
f 1505/2463/31 1470/2461/31 1487/2462/31 1488/2464/31
f 1510/2465/31 1507/2466/31 1525/2467/31 1524/2468/31 1522/2469/31
f 1511/2470/31 1504/2471/31 1510/2465/31 1522/2469/31 1519/2472/31
f 1503/2456/31 1511/2470/31 1519/2472/31 1521/2457/31
f 1501/2473/31 1502/2455/31 1520/2458/31 1523/2449/31 1518/2448/31
f 1500/2474/31 1517/2447/31 1514/2446/31 1516/2475/31 1515/2476/31 1513/2477/31 1499/2478/31
f 1496/2479/31 1529/2480/31 1528/2481/31 1527/2482/31 1513/2477/31 1515/2476/31
f 1512/2483/31 1498/2484/31 1526/2485/31 1527/2482/31 1528/2481/31
f 1514/2446/31 1494/2445/31 1495/2486/31 1516/2475/31
f 1495/2486/31 1496/2479/31 1515/2476/31 1516/2475/31
f 1517/2447/31 1500/2474/31 1501/2473/31 1518/2448/31
f 1519/2472/31 1490/2487/31 1491/2488/31 1521/2457/31
f 1520/2458/31 1492/2489/31 1493/2450/31 1523/2449/31
f 1522/2469/31 1524/2468/31 1509/2490/31 1490/2487/31 1519/2472/31
f 1521/2457/31 1491/2488/31 1492/2489/31 1520/2458/31
f 1525/2467/31 1508/2491/31 1489/2492/31 1509/2490/31 1524/2468/31
f 1526/2485/31 1499/2478/31 1513/2477/31 1527/2482/31
f 1529/2480/31 1497/2493/31 1512/2483/31 1528/2481/31
f 1479/2494/31 1478/2495/31 1477/2496/31 1476/2497/31
f 1531/2498/31 1479/2494/31 1476/2497/31 1530/2499/31
f 1480/2500/31 1531/2498/31 1530/2499/31 1475/2501/31
f 1532/2502/31 1480/2500/31 1475/2501/31 1533/2503/31
f 1592/2504/265 2043/2505/265 2084/2506/265 2083/2507/265
f 1536/2508/266 1537/2509/266 2056/2510/266 2055/2511/266
f 1582/2512/267 1581/2513/267 2097/2514/267 2098/2515/267
f 1585/2516/268 1584/2517/268 2099/2518/268 2100/2519/268
f 1581/2520/269 1589/2521/269 2102/2522/269 2097/2523/269
f 2037/2524/270 2035/2525/270 2073/2526/270 2077/2527/270
f 2043/2505/265 2039/2528/265 2079/2529/265 2084/2506/265
f 2029/2530/271 1576/2531/271 2068/2532/271 2069/2533/271
f 2041/2534/272 1592/2535/272 2083/2536/272 1625/2537/272
f 1576/2531/273 2050/2538/273 2067/2539/273 2068/2532/273
f 2033/2540/274 2035/2525/274 2073/2526/274 2072/2541/274
f 1589/2521/275 2047/2542/275 2103/2543/275 2102/2522/275
f 2035/2544/276 2022/2545/276 2062/2546/276 2073/2547/276
f 1492/2548/277 1491/2549/277 2021/2550/277 2022/2551/277
f 1526/2552/273 1498/2553/273 2028/2554/273 2050/2538/273
f 1493/2555/278 1492/2548/278 2022/2551/278 2023/2556/278
f 1469/2557/279 1506/2558/279 1998/2559/279 1999/2560/279
f 1494/2561/280 1493/2562/280 2023/2563/280 2024/2564/280
f 1482/2565/266 1468/2566/266 1537/2509/266 1536/2508/266
f 1495/2567/281 1494/2561/281 2024/2564/281 2025/2568/281
f 1512/2569/282 1497/2570/282 1572/2571/282 2027/2572/282
f 1496/2573/283 1495/2567/283 2025/2568/283 2026/2574/283
f 1467/2575/284 1470/2576/284 2011/2577/284 2001/2578/284
f 1529/2579/285 1496/2573/285 2026/2574/285 2052/2580/285
f 1497/2581/285 1529/2579/285 2052/2580/285 1572/2582/285
f 1468/2583/286 1472/2584/286 1541/2585/286 1537/2586/286
f 1498/2587/282 1512/2569/282 2027/2572/282 2028/2588/282
f 1472/2589/287 1473/2590/287 1542/2591/287 1541/2592/287
f 1499/2593/273 1526/2552/273 2050/2538/273 1576/2531/273
f 1506/2594/288 1474/2595/288 2002/2596/288 1998/2597/288
f 1475/2598/289 1530/2599/289 2054/2600/289 2053/2601/289
f 1500/2602/271 1499/2593/271 1576/2531/271 2029/2530/271
f 1533/2603/290 1475/2604/290 2053/2605/290 1544/2606/290
f 1479/2607/291 1531/2608/291 2007/2609/291 2006/2610/291
f 1501/2611/292 1500/2602/292 2029/2530/292 2030/2612/292
f 1530/2599/289 1476/2613/289 2003/2614/289 2054/2600/289
f 1502/2615/293 1501/2611/293 2030/2612/293 2031/2616/293
f 1476/2617/294 1477/2618/294 2004/2619/294 2003/2620/294
f 1503/2621/295 1502/2622/295 2031/2623/295 2032/2624/295
f 1477/2625/296 1478/2626/296 2005/2627/296 2004/2628/296
f 1480/2629/297 1532/2630/297 1600/2631/297 2008/2632/297
f 1504/2633/267 1511/2634/267 1581/2513/267 1582/2512/267
f 1478/2635/298 1479/2636/298 2006/2637/298 2005/2638/298
f 1531/2608/291 1480/2639/291 2008/2640/291 2007/2609/291
f 1532/2641/299 1533/2642/299 1544/2643/299 1600/2644/299
f 1473/2645/300 1482/2646/300 1536/2647/300 1542/2648/300
f 1474/2649/301 1481/2650/301 2009/2651/301 2002/2652/301
f 1471/2653/302 1467/2575/302 2001/2578/302 1553/2654/302
f 1483/2655/303 1471/2653/303 1553/2654/303 2012/2656/303
f 1481/2657/304 1469/2658/304 1999/2659/304 2009/2660/304
f 1470/2576/305 1505/2661/305 2010/2662/305 2011/2577/305
f 1505/2663/306 1488/2664/306 2016/2665/306 2010/2666/306
f 1484/2667/307 1483/2668/307 2012/2669/307 2013/2670/307
f 1507/2671/268 1510/2672/268 1584/2517/268 1585/2516/268
f 1485/2673/308 1484/2674/308 2013/2675/308 1554/2676/308
f 1486/2677/309 1485/2678/309 1554/2679/309 2000/2680/309
f 1525/2681/310 1507/2671/310 1585/2516/310 2049/2682/310
f 1487/2683/311 1486/2684/311 2000/2685/311 2015/2686/311
f 1509/2687/312 1489/2688/312 2018/2689/312 2019/2690/312
f 1488/2691/230 1487/2683/230 2015/2686/230 2016/2692/230
f 1510/2672/268 1504/2693/268 1582/2694/268 1584/2517/268
f 1489/2688/313 1508/2695/313 2017/2696/313 2018/2689/313
f 1490/2697/312 1509/2687/312 2019/2690/312 2020/2698/312
f 1508/2699/310 1525/2681/310 2049/2682/310 2017/2700/310
f 1511/2634/267 1503/2621/267 2032/2624/267 1581/2513/267
f 1491/2701/314 1490/2702/314 2020/2703/314 2021/2704/314
f 1537/2586/286 1541/2585/286 2057/2705/286 2056/2706/286
f 1541/2592/287 1542/2591/287 2058/2707/287 2057/2708/287
f 1542/2648/300 1536/2647/300 2055/2709/300 2058/2710/300
f 2053/2605/315 2008/2632/315 2089/2711/315 2060/2712/315
f 1544/2606/290 2053/2605/290 2060/2712/290 2059/2713/290
f 2031/2616/293 2030/2612/293 2070/2714/293 2071/2715/293
f 2008/2632/297 1600/2631/297 2090/2716/297 2089/2711/297
f 2044/2717/316 2029/2718/316 2069/2719/316 1627/2720/316
f 1600/2644/299 1544/2643/299 2059/2721/299 2090/2722/299
f 1581/2513/267 2032/2624/267 2075/2723/267 2076/2724/267
f 2030/2725/317 2045/2726/317 2086/2727/317 2070/2728/317
f 2023/2556/318 2033/2540/318 2072/2541/318 2063/2729/318
f 2045/2730/319 2044/2731/319 1627/2732/319 2086/2733/319
f 2022/2551/277 2021/2550/277 2061/2734/277 2062/2735/277
f 2021/2704/320 2037/2736/320 2077/2737/320 2061/2738/320
f 2051/2739/321 2041/2740/321 1625/2741/321 2088/2742/321
f 1589/2521/322 1581/2520/322 2076/2743/322 2087/2744/322
f 2039/2745/323 2024/2746/323 2064/2747/323 2079/2748/323
f 2050/2749/324 2051/2750/324 2088/2751/324 2067/2752/324
f 2035/2544/325 2031/2616/325 2071/2715/325 2073/2547/325
f 2024/2564/280 2023/2563/280 2063/2753/280 2064/2754/280
f 2032/2755/326 2037/2736/326 2077/2737/326 2075/2756/326
f 2027/2572/282 1572/2571/282 2066/2757/282 2080/2758/282
f 2052/2759/327 2040/2760/327 2081/2761/327 2065/2762/327
f 1572/2582/285 2052/2580/285 2065/2763/285 2066/2764/285
f 2040/2765/328 2027/2766/328 2080/2767/328 2081/2768/328
f 2037/2524/329 1589/2769/329 2087/2770/329 2077/2527/329
f 2047/2542/330 1588/2771/330 2104/2772/330 2103/2543/330
f 2054/2600/289 2003/2614/289 2095/2773/289 2094/2774/289
f 2049/2682/310 1585/2516/310 2100/2519/310 2101/2775/310
f 2003/2614/331 2006/2610/331 2105/2776/331 2095/2773/331
f 2000/2680/332 2001/2777/332 2092/2778/332 2091/2779/332
f 1588/2780/333 2049/2781/333 2101/2782/333 2104/2783/333
f 1584/2517/268 1582/2694/268 2098/2784/268 2099/2518/268
f 2001/2578/284 2011/2577/284 2093/2785/284 2092/2786/284
f 2006/2610/291 2007/2609/291 2106/2787/291 2105/2776/291
f 2011/2788/334 2015/2789/334 2096/2790/334 2093/2791/334
f 2015/2686/311 2000/2685/311 2091/2792/311 2096/2793/311
f 2007/2609/335 2054/2600/335 2094/2774/335 2106/2787/335
f 1929/2794/221 1944/2205/221 1660/2208/221 1352/2795/221
f 1943/2191/216 1659/2187/216 1661/2180/216 1955/2194/216
f 1657/2136/204 1334/2135/204 2108/2135/204 2109/2796/204
f 1353/2184/33 1352/2101/33 2113/2101/33 2114/2184/33
f 1306/2797/198 1651/2160/198 1933/2161/198 1928/2798/198
f 1318/2173/204 1652/2133/204 1657/2136/204 1335/2174/204
f 1943/2108/33 1335/2112/33 2110/2112/33 2111/2108/33
f 1309/2183/31 1310/2799/31 1652/2111/31 1655/2110/31
f 1308/2184/31 1309/2183/31 1655/2110/31 1654/2105/31
f 1307/2101/31 1308/2184/31 1654/2105/31 1653/2102/31
f 1319/2085/31 1651/2099/31 1653/2102/31 1323/2086/31
f 1364/2106/33 1955/2108/33 2118/2108/33 2117/2106/33
f 1659/2187/342 1943/2191/342 2111/2191/342 2112/2800/342
f 1334/2799/33 1333/2183/33 2107/2183/33 2108/2799/33
f 1660/2208/221 1954/2207/221 2116/2207/221 2119/2801/221
f 1335/2174/204 1657/2136/204 2109/2796/204 2110/2174/204
f 1352/2795/221 1660/2208/221 2119/2801/221 2113/2795/221
f 1955/2194/216 1661/2180/216 2120/2182/216 2118/2194/216
f 1333/2188/342 1659/2187/342 2112/2800/342 2107/2188/342
f 1388/2802/253 1678/2376/253 1680/2379/253 1436/2803/253
f 1384/2377/229 1677/2354/229 1679/2264/229 1427/2378/229
f 1427/2378/229 1679/2264/229 2125/2266/229 2122/2378/229
f 1393/2804/31 1677/2233/31 1678/2236/31 1388/2805/31
f 1426/2235/33 1427/2234/33 2122/2234/33 2121/2235/33
f 1436/2803/253 1680/2379/253 2126/2806/253 2124/2803/253
f 1435/2804/33 1436/2805/33 2124/2805/33 2123/2804/33
f 1680/2379/253 1426/2378/253 2121/2378/253 2126/2806/253
f 930/1257/33 929/1258/33 1687/1258/33 1688/1257/33
f 935/1299/33 934/1265/33 1689/1265/33 1690/1299/33
f 936/1298/33 935/1299/33 1690/1299/33 1691/1298/33
f 944/1303/33 943/1302/33 1692/1302/33 1693/1303/33
f 951/1290/33 950/1291/33 1694/1291/33 1695/1290/33
f 952/1289/33 951/1290/33 1695/1290/33 1696/1289/33
f 953/1288/33 952/1289/33 1696/1289/33 1697/1288/33
f 954/1287/33 953/1288/33 1697/1288/33 1698/1287/33
f 959/1279/33 958/1280/33 1699/1280/33 1700/1279/33
f 960/1277/33 959/1279/33 1700/1279/33 1701/1277/33
f 961/1276/33 960/1277/33 1701/1277/33 1702/1276/33
f 962/1274/33 961/1276/33 1702/1276/33 1703/1274/33
f 1707/1248/33 969/1256/33 1704/1256/33 1706/1248/33
f 971/1247/33 970/1248/33 1706/1248/33 1705/1247/33
f 972/1250/33 971/1247/33 1705/1247/33 1708/1250/33
f 929/1258/33 1707/1248/33 1706/1248/33 1687/1258/33
f 969/1256/33 930/1257/33 1688/1257/33 1704/1256/33
f 974/1267/33 936/1298/33 1691/1298/33 1709/1267/33
f 940/1275/33 962/1274/33 1703/1274/33 1710/1275/33
f 943/1302/33 1713/1281/33 1712/1281/33 1692/1302/33
f 978/1286/33 944/1303/33 1693/1303/33 1711/1286/33
f 950/1291/33 980/1292/33 1714/1292/33 1694/1291/33
f 927/1249/33 972/1250/33 1708/1250/33 1715/1249/33
f 970/1248/33 927/1249/33 1715/1249/33 1706/1248/33
f 934/1265/33 974/1267/33 1709/1267/33 1689/1265/33
f 1716/1278/33 940/1275/33 1710/1275/33 981/1278/33
f 958/1280/33 977/1281/33 1712/1281/33 1699/1280/33
f 976/1282/33 1716/1278/33 981/1278/33 1717/1282/33
f 977/1281/33 976/1282/33 1717/1282/33 1712/1281/33
f 1713/1281/33 978/1286/33 1711/1286/33 1712/1281/33
f 979/1293/33 954/1287/33 1698/1287/33 1718/1293/33
f 980/1292/33 979/1293/33 1718/1293/33 1714/1292/33
f 983/1297/33 982/1249/33 1719/1249/33 1720/1297/33
f 985/1262/33 984/1257/33 1721/1257/33 1722/1262/33
f 986/1261/33 985/1262/33 1722/1262/33 1723/1261/33
f 987/1260/33 986/1261/33 1723/1261/33 1724/1260/33
f 1727/1275/33 988/1253/33 1725/1253/33 1726/1275/33
f 990/1301/33 989/1275/33 1726/1275/33 1728/1301/33
f 991/1300/33 990/1301/33 1728/1301/33 1729/1300/33
f 993/1304/33 992/1303/33 1730/1303/33 1731/1304/33
f 995/1295/33 994/1296/33 1732/1296/33 1733/1295/33
f 996/1294/33 995/1295/33 1733/1295/33 1734/1294/33
f 997/1291/33 996/1294/33 1734/1294/33 1735/1291/33
f 999/1252/33 998/1274/33 1736/1274/33 1737/1252/33
f 1001/1272/33 1000/1251/33 1738/1251/33 1739/1272/33
f 1000/1251/33 1002/1255/33 1740/1255/33 1738/1251/33
f 1004/1256/33 1003/1259/33 1741/1259/33 1742/1256/33
f 1005/1258/33 983/1297/33 1720/1297/33 1743/1258/33
f 1006/1248/33 1005/1258/33 1743/1258/33 1744/1248/33
f 984/1257/33 1004/1256/33 1742/1256/33 1721/1257/33
f 1003/1259/33 987/1260/33 1724/1260/33 1741/1259/33
f 1008/1264/33 1007/1266/33 1745/1266/33 1746/1264/33
f 1009/1265/33 1008/1264/33 1746/1264/33 1747/1265/33
f 1002/1255/33 1010/1273/33 1748/1273/33 1740/1255/33
f 1010/1273/33 1001/1272/33 1739/1272/33 1748/1273/33
f 988/1253/33 999/1252/33 1737/1252/33 1725/1253/33
f 998/1274/33 1727/1275/33 1726/1275/33 1736/1274/33
f 1011/1282/33 991/1300/33 1729/1300/33 1749/1282/33
f 992/1303/33 1012/1293/33 1750/1293/33 1730/1303/33
f 1752/1292/33 997/1291/33 1735/1291/33 1751/1292/33
f 982/1249/33 1006/1248/33 1744/1248/33 1719/1249/33
f 1007/1266/33 1014/1267/33 1753/1267/33 1745/1266/33
f 1014/1267/33 1009/1265/33 1747/1265/33 1753/1267/33
f 989/1275/33 1015/1278/33 1754/1278/33 1726/1275/33
f 1015/1278/33 1011/1282/33 1749/1282/33 1754/1278/33
f 1013/1292/33 993/1304/33 1731/1304/33 1751/1292/33
f 1012/1293/33 1013/1292/33 1751/1292/33 1750/1293/33
f 994/1296/33 1752/1292/33 1751/1292/33 1732/1296/33
f 1017/1265/33 1016/1260/33 1755/1260/33 1756/1265/33
f 1019/1263/33 1018/1264/33 1757/1264/33 1758/1263/33
f 1020/1259/33 1019/1263/33 1758/1263/33 1759/1259/33
f 1016/1260/33 1020/1259/33 1759/1259/33 1755/1260/33
f 1018/1264/33 1017/1265/33 1756/1265/33 1757/1264/33
f 1022/1254/33 1021/1255/33 1760/1255/33 1761/1254/33
f 1023/1253/33 1022/1254/33 1761/1254/33 1762/1253/33
f 1025/1251/33 1024/1252/33 1763/1252/33 1764/1251/33
f 1021/1255/33 1025/1251/33 1764/1251/33 1760/1255/33
f 1024/1252/33 1023/1253/33 1762/1253/33 1763/1252/33
f 1027/1302/33 1026/1300/33 1765/1300/33 1766/1302/33
f 1026/1300/33 1028/1282/33 1767/1282/33 1765/1300/33
f 1029/1281/33 1027/1302/33 1766/1302/33 1768/1281/33
f 1028/1282/33 1029/1281/33 1768/1281/33 1767/1282/33
f 1031/1284/33 1030/1285/33 1769/1285/33 1770/1284/33
f 1032/1283/33 1031/1284/33 1770/1284/33 1771/1283/33
f 1033/1280/33 1032/1283/33 1771/1283/33 1772/1280/33
f 1030/1285/33 1034/1286/33 1773/1286/33 1769/1285/33
f 1035/1281/33 1033/1280/33 1772/1280/33 1774/1281/33
f 1034/1286/33 1035/1281/33 1774/1281/33 1773/1286/33
f 1037/1305/33 1036/1304/33 1775/1304/33 1776/1305/33
f 1036/1304/33 1038/1292/33 1777/1292/33 1775/1304/33
f 1039/1296/33 1037/1305/33 1776/1305/33 1778/1296/33
f 1038/1292/33 1039/1296/33 1778/1296/33 1777/1292/33
f 1086/1622/33 1780/1622/33 1779/1593/33 1085/1593/33
f 1092/1620/33 1782/1620/33 1781/1601/33 1091/1601/33
f 1101/1607/33 1784/1607/33 1783/1609/33 1100/1609/33
f 1117/1618/33 1785/1618/33 1782/1620/33 1092/1620/33
f 1119/1602/33 1786/1602/33 1785/1618/33 1117/1618/33
f 1120/1619/33 1788/1619/33 1787/1604/33 1121/1604/33
f 1093/1616/33 1789/1616/33 1788/1619/33 1120/1619/33
f 1792/1606/33 1791/1606/33 1789/1616/33 1093/1616/33
f 1100/1609/33 1783/1609/33 1790/1608/33 1095/1608/33
f 1114/1621/33 1794/1621/33 1793/1623/33 1123/1623/33
f 1124/1614/33 1796/1614/33 1795/1599/33 1103/1599/33
f 1798/1615/33 1797/1615/33 1794/1621/33 1114/1621/33
f 1123/1623/33 1793/1623/33 1780/1622/33 1086/1622/33
f 1122/1606/33 1791/1606/33 1784/1607/33 1101/1607/33
f 1095/1608/33 1790/1608/33 1791/1606/33 1122/1606/33
f 1121/1604/33 1787/1604/33 1791/1606/33 1792/1606/33
f 1091/1601/33 1781/1601/33 1786/1602/33 1119/1602/33
f 1125/1615/33 1797/1615/33 1796/1614/33 1124/1614/33
f 1103/1599/33 1795/1599/33 1799/1600/33 1127/1600/33
f 1127/1600/33 1799/1600/33 1797/1615/33 1125/1615/33
f 1128/1594/33 1801/1594/33 1126/1596/33 1800/1596/33
f 1800/1596/33 1126/1596/33 1797/1615/33 1798/1615/33
f 1085/1593/33 1779/1593/33 1801/1594/33 1128/1594/33
f 1131/1624/33 1803/1624/33 1802/1592/33 1130/1592/33
f 1132/1593/33 1804/1593/33 1805/1622/33 1133/1622/33
f 1134/1601/33 1806/1601/33 1807/1620/33 1135/1620/33
f 1137/1617/33 1809/1617/33 1808/1616/33 1136/1616/33
f 1138/1608/33 1810/1608/33 1809/1617/33 1137/1617/33
f 1140/1612/33 1812/1612/33 1811/1610/33 1139/1610/33
f 1141/1613/33 1813/1613/33 1812/1612/33 1140/1612/33
f 1142/1611/33 1814/1611/33 1813/1613/33 1141/1613/33
f 1144/1599/33 1816/1599/33 1815/1603/33 1143/1603/33
f 1146/1598/33 1818/1598/33 1817/1597/33 1145/1597/33
f 1147/1595/33 1819/1595/33 1818/1598/33 1146/1598/33
f 1149/1583/33 1821/1583/33 1820/1582/33 1148/1582/33
f 1150/1579/33 1822/1579/33 1821/1583/33 1149/1583/33
f 1152/1625/33 1824/1625/33 1823/1627/33 1151/1627/33
f 1133/1622/33 1805/1622/33 1803/1624/33 1131/1624/33
f 1135/1620/33 1807/1620/33 1825/1621/33 1153/1621/33
f 1154/1586/33 1826/1586/33 1824/1625/33 1152/1625/33
f 1156/1618/33 1829/1618/33 1827/1602/33 1828/1602/33
f 1157/1619/33 1830/1619/33 1829/1618/33 1156/1618/33
f 1158/1604/33 1831/1604/33 1830/1619/33 1157/1619/33
f 1136/1616/33 1808/1616/33 1832/1606/33 1159/1606/33
f 1139/1610/33 1811/1610/33 1814/1611/33 1142/1611/33
f 1153/1621/33 1825/1621/33 1833/1615/33 1834/1615/33
f 1145/1597/33 1817/1597/33 1835/1614/33 1161/1614/33
f 1143/1603/33 1815/1603/33 1827/1602/33 1155/1602/33
f 1159/1606/33 1832/1606/33 1810/1608/33 1138/1608/33
f 1828/1602/33 1827/1602/33 1831/1604/33 1158/1604/33
f 1155/1602/33 1827/1602/33 1806/1601/33 1134/1601/33
f 1161/1614/33 1835/1614/33 1833/1615/33 1160/1615/33
f 1836/1600/33 1162/1600/33 1816/1599/33 1144/1599/33
f 1164/1594/33 1837/1594/33 1819/1595/33 1147/1595/33
f 1834/1615/33 1833/1615/33 1162/1600/33 1836/1600/33
f 1838/1596/33 1163/1596/33 1837/1594/33 1164/1594/33
f 1160/1615/33 1833/1615/33 1163/1596/33 1838/1596/33
f 1130/1592/33 1802/1592/33 1804/1593/33 1132/1593/33
f 1165/1580/33 1839/1580/33 1822/1579/33 1150/1579/33
f 1148/1582/33 1820/1582/33 1840/1581/33 1166/1581/33
f 1166/1581/33 1840/1581/33 1839/1580/33 1165/1580/33
f 1151/1627/33 1823/1627/33 1841/1585/33 1167/1585/33
f 1167/1585/33 1841/1585/33 1826/1586/33 1154/1586/33
f 1169/1603/33 1843/1603/33 1842/1605/33 1168/1605/33
f 1168/1605/33 1842/1605/33 1844/1604/33 1170/1604/33
f 1171/1602/33 1845/1602/33 1843/1603/33 1169/1603/33
f 1170/1604/33 1844/1604/33 1845/1602/33 1171/1602/33
f 1173/1591/33 1847/1591/33 1846/1595/33 1172/1595/33
f 1172/1595/33 1846/1595/33 1848/1594/33 1174/1594/33
f 1175/1592/33 1849/1592/33 1847/1591/33 1173/1591/33
f 1174/1594/33 1848/1594/33 1850/1593/33 1176/1593/33
f 1176/1593/33 1850/1593/33 1849/1592/33 1175/1592/33
f 1178/1584/33 1852/1584/33 1851/1579/33 1177/1579/33
f 1179/1585/33 1853/1585/33 1852/1584/33 1178/1584/33
f 1177/1579/33 1851/1579/33 1854/1580/33 1180/1580/33
f 1180/1580/33 1854/1580/33 1855/1586/33 1181/1586/33
f 1181/1586/33 1855/1586/33 1853/1585/33 1179/1585/33
f 1183/1605/33 1857/1605/33 1856/1607/33 1182/1607/33
f 1182/1607/33 1856/1607/33 1858/1606/33 1184/1606/33
f 1185/1604/33 1859/1604/33 1857/1605/33 1183/1605/33
f 1184/1606/33 1858/1606/33 1859/1604/33 1185/1604/33
f 1186/1581/33 1860/1581/33 1861/1626/33 1187/1626/33
f 1187/1626/33 1861/1626/33 1862/1625/33 1188/1625/33
f 1188/1625/33 1862/1625/33 1863/1586/33 1189/1586/33
f 1190/1580/33 1864/1580/33 1860/1581/33 1186/1581/33
f 1189/1586/33 1863/1586/33 1864/1580/33 1190/1580/33
f 1192/1610/33 1866/1610/33 1865/1608/33 1191/1608/33
f 1194/1609/33 1868/1609/33 1867/1611/33 1193/1611/33
f 1191/1608/33 1865/1608/33 1868/1609/33 1194/1609/33
f 1193/1611/33 1867/1611/33 1866/1610/33 1192/1610/33
f 1235/1898/33 1869/1898/33 1870/1878/33 1871/1878/33
f 1236/1881/33 1872/1881/33 1873/1877/33 1237/1877/33
f 1238/1899/33 1874/1899/33 1869/1898/33 1235/1898/33
f 1239/1879/33 1875/1879/33 1874/1899/33 1238/1899/33
f 1244/1903/33 1876/1903/33 1877/1902/33 1245/1902/33
f 1245/1902/33 1877/1902/33 1878/1901/33 1246/1901/33
f 1246/1901/33 1878/1901/33 1879/1889/33 1247/1889/33
f 1249/1904/33 1880/1904/33 1881/1867/33 1250/1867/33
f 1250/1867/33 1881/1867/33 1882/1871/33 1251/1871/33
f 1251/1871/33 1882/1871/33 1883/1870/33 1252/1870/33
f 1252/1870/33 1883/1870/33 1884/1893/33 1253/1893/33
f 1258/1892/33 1885/1892/33 1886/1891/33 1259/1891/33
f 1260/1890/33 1887/1890/33 1888/1887/33 1261/1887/33
f 1261/1887/33 1888/1887/33 1889/1883/33 1262/1883/33
f 1268/1885/33 1890/1885/33 1876/1903/33 1244/1903/33
f 1270/1888/33 1891/1888/33 1880/1904/33 1249/1904/33
f 1253/1893/33 1884/1893/33 1885/1892/33 1258/1892/33
f 1237/1877/33 1873/1877/33 1870/1878/33 1234/1878/33
f 1267/1882/33 1892/1882/33 1872/1881/33 1236/1881/33
f 1871/1878/33 1870/1878/33 1875/1879/33 1239/1879/33
f 1234/1878/33 1870/1878/33 1892/1882/33 1267/1882/33
f 1262/1883/33 1889/1883/33 1269/1884/33 1893/1884/33
f 1893/1884/33 1269/1884/33 1890/1885/33 1268/1885/33
f 1894/1868/33 1271/1868/33 1887/1890/33 1260/1890/33
f 1259/1891/33 1886/1891/33 1272/1869/33 1895/1869/33
f 1895/1869/33 1272/1869/33 1271/1868/33 1894/1868/33
f 1247/1889/33 1879/1889/33 1891/1888/33 1270/1888/33
f 1273/1894/33 1896/1894/33 1897/1897/33 1274/1897/33
f 1274/1897/33 1897/1897/33 1898/1896/33 1275/1896/33
f 1275/1896/33 1898/1896/33 1899/1895/33 1276/1895/33
f 1276/1895/33 1899/1895/33 1896/1894/33 1273/1894/33
f 1277/1891/33 1900/1891/33 1901/1890/33 1278/1890/33
f 1278/1890/33 1901/1890/33 1902/1868/33 1279/1868/33
f 1280/1869/33 1903/1869/33 1900/1891/33 1277/1891/33
f 1279/1868/33 1902/1868/33 1903/1869/33 1280/1869/33
f 1281/1883/33 1904/1883/33 1905/1886/33 1282/1886/33
f 1283/1884/33 1906/1884/33 1904/1883/33 1281/1883/33
f 1282/1886/33 1905/1886/33 1907/1885/33 1284/1885/33
f 1284/1885/33 1907/1885/33 1906/1884/33 1283/1884/33
f 1285/1878/33 1908/1878/33 1909/1898/33 1286/1898/33
f 1286/1898/33 1909/1898/33 1910/1900/33 1287/1900/33
f 1287/1900/33 1910/1900/33 1911/1882/33 1288/1882/33
f 1288/1882/33 1911/1882/33 1908/1878/33 1285/1878/33
f 1290/1880/33 1913/1880/33 1912/1879/33 1289/1879/33
f 1291/1877/33 1914/1877/33 1913/1880/33 1290/1880/33
f 1292/1878/33 1915/1878/33 1914/1877/33 1291/1877/33
f 1289/1879/33 1912/1879/33 1915/1878/33 1292/1878/33
f 1293/1875/33 1916/1875/33 1917/1874/33 1294/1874/33
f 1295/1872/33 1918/1872/33 1919/1876/33 1296/1876/33
f 1296/1876/33 1919/1876/33 1916/1875/33 1293/1875/33
f 1297/1873/33 1920/1873/33 1918/1872/33 1295/1872/33
f 1294/1874/33 1917/1874/33 1920/1873/33 1297/1873/33
f 1298/1889/33 1921/1889/33 1922/1905/33 1299/1905/33
f 1299/1905/33 1922/1905/33 1923/1904/33 1300/1904/33
f 1300/1904/33 1923/1904/33 1924/1888/33 1301/1888/33
f 1301/1888/33 1924/1888/33 1921/1889/33 1298/1889/33
f 1326/2096/33 1327/2097/33 1926/2097/33 1925/2096/33
f 1327/2097/33 1328/2098/33 1927/2098/33 1926/2097/33
f 1330/2100/33 1331/2101/33 1929/2101/33 1928/2100/33
f 1337/2109/33 1338/2107/33 1931/2107/33 1930/2109/33
f 1338/2107/33 1339/2087/33 1932/2087/33 1931/2107/33
f 1656/2099/33 1330/2100/33 1928/2100/33 1933/2099/33
f 1342/2091/33 1343/2088/33 1935/2088/33 1934/2091/33
f 1343/2088/33 1344/2089/33 1936/2089/33 1935/2088/33
f 1344/2089/33 1345/2103/33 1937/2103/33 1936/2089/33
f 1345/2103/33 1326/2096/33 1925/2096/33 1937/2103/33
f 1938/2090/33 1342/2091/33 1934/2091/33 1346/2090/33
f 1941/2086/33 1341/2085/33 1939/2085/33 1940/2086/33
f 1347/2086/33 1348/2106/33 1942/2106/33 1940/2086/33
f 1348/2106/33 1349/2108/33 1943/2108/33 1942/2106/33
f 1328/2098/33 1938/2090/33 1346/2090/33 1927/2098/33
f 1331/2101/33 1658/2102/33 1944/2102/33 1929/2101/33
f 1339/2087/33 1347/2086/33 1940/2086/33 1932/2087/33
f 1349/2108/33 1337/2109/33 1930/2109/33 1943/2108/33
f 1350/2098/33 1351/2104/33 1946/2104/33 1945/2098/33
f 1356/2113/33 1357/2109/33 1948/2109/33 1947/2113/33
f 1358/2087/33 1359/2084/33 1950/2084/33 1949/2087/33
f 1359/2084/33 1360/2085/33 1951/2085/33 1950/2084/33
f 1351/2104/33 1361/2091/33 1952/2091/33 1946/2104/33
f 1361/2091/33 1362/2090/33 1953/2090/33 1952/2091/33
f 1360/2085/33 1363/2086/33 1954/2086/33 1951/2085/33
f 1365/2108/33 1355/2112/33 1956/2112/33 1955/2108/33
f 1362/2090/33 1350/2098/33 1945/2098/33 1953/2090/33
f 1363/2086/33 1358/2087/33 1949/2087/33 1954/2086/33
f 1366/2220/33 1367/2219/33 1958/2219/33 1957/2220/33
f 1959/2218/33 1960/2217/33 1369/2217/33 1368/2218/33
f 1367/2219/33 1356/2113/33 1947/2113/33 1958/2219/33
f 1357/2109/33 1959/2218/33 1368/2218/33 1948/2109/33
f 1960/2217/33 1365/2108/33 1955/2108/33 1369/2217/33
f 1355/2112/33 1366/2220/33 1957/2220/33 1956/2112/33
f 1408/2230/33 1407/2231/33 1961/2231/33 1962/2230/33
f 1407/2231/33 1411/2232/33 1963/2232/33 1961/2231/33
f 1416/2227/33 1417/2228/33 1965/2228/33 1964/2227/33
f 1417/2228/33 1418/2229/33 1966/2229/33 1965/2228/33
f 1420/2241/33 1419/2237/33 1967/2237/33 1968/2241/33
f 1429/2239/33 1428/2240/33 1969/2240/33 1970/2239/33
f 1430/2245/33 1431/2242/33 1972/2242/33 1971/2245/33
f 1434/2243/33 1433/2244/33 1973/2244/33 1974/2243/33
f 1418/2229/33 1408/2230/33 1962/2230/33 1966/2229/33
f 1433/2244/33 1430/2245/33 1971/2245/33 1973/2244/33
f 1431/2242/33 1434/2243/33 1974/2243/33 1972/2242/33
f 1411/2232/33 1416/2227/33 1964/2227/33 1963/2232/33
f 1447/2260/33 1446/2261/33 1975/2261/33 1976/2260/33
f 1449/2255/33 1448/2256/33 1977/2256/33 1978/2255/33
f 1450/2254/33 1449/2255/33 1978/2255/33 1979/2254/33
f 1981/2401/33 1453/2405/33 1980/2405/33 1444/2401/33
f 1455/2257/33 1454/2258/33 1982/2258/33 1983/2257/33
f 1457/2262/33 1456/2263/33 1984/2263/33 1985/2262/33
f 1446/2261/33 1457/2262/33 1985/2262/33 1975/2261/33
f 1453/2405/33 1986/2404/33 1452/2404/33 1980/2405/33
f 1988/2403/33 1987/2402/33 1445/2402/33 1451/2403/33
f 1454/2258/33 1450/2254/33 1979/2254/33 1982/2258/33
f 1458/2259/33 1447/2260/33 1976/2260/33 1989/2259/33
f 1456/2263/33 1458/2259/33 1989/2259/33 1984/2263/33
f 1448/2256/33 1455/2257/33 1983/2257/33 1977/2256/33
f 1428/2240/33 1988/2403/33 1451/2403/33 1969/2240/33
f 1987/2402/33 1420/2241/33 1968/2241/33 1445/2402/33
f 1986/2404/33 1429/2239/33 1970/2239/33 1452/2404/33
f 1419/2237/33 1981/2401/33 1444/2401/33 1967/2237/33
f 1460/2252/33 1459/2253/33 1990/2253/33 1991/2252/33
f 1461/2251/33 1460/2252/33 1991/2252/33 1992/2251/33
f 1462/2246/33 1463/2247/33 1994/2247/33 1993/2246/33
f 1463/2247/33 1464/2248/33 1995/2248/33 1994/2247/33
f 1465/2250/33 1461/2251/33 1992/2251/33 1996/2250/33
f 1459/2253/33 1462/2246/33 1993/2246/33 1990/2253/33
f 1464/2248/33 1466/2249/33 1997/2249/33 1995/2248/33
f 1466/2249/33 1465/2250/33 1996/2250/33 1997/2249/33
f 1534/2440/33 1535/2437/33 1999/2437/33 1998/2440/33
f 1538/2460/33 1539/2459/33 2001/2459/33 2000/2460/33
f 1543/2439/33 1534/2440/33 1998/2440/33 2002/2439/33
f 1548/2496/33 1547/2497/33 2003/2497/33 2004/2496/33
f 1549/2495/33 1548/2496/33 2004/2496/33 2005/2495/33
f 1550/2494/33 1549/2495/33 2005/2495/33 2006/2494/33
f 1552/2500/33 1551/2498/33 2007/2498/33 2008/2500/33
f 1535/2437/33 1555/2438/33 2009/2438/33 1999/2437/33
f 1556/2463/33 1540/2461/33 2011/2461/33 2010/2463/33
f 1557/2442/33 1558/2443/33 2013/2443/33 2012/2442/33
f 1558/2443/33 2014/2444/33 1554/2444/33 2013/2443/33
f 2014/2444/33 1538/2460/33 2000/2460/33 1554/2444/33
f 1559/2462/33 1560/2464/33 2016/2464/33 2015/2462/33
f 1561/2491/33 1562/2492/33 2018/2492/33 2017/2491/33
f 1563/2490/33 1564/2487/33 2020/2487/33 2019/2490/33
f 1564/2487/33 1565/2488/33 2021/2488/33 2020/2487/33
f 1566/2489/33 1567/2450/33 2023/2450/33 2022/2489/33
f 1568/2445/33 1569/2486/33 2025/2486/33 2024/2445/33
f 1569/2486/33 1570/2479/33 2026/2479/33 2025/2486/33
f 1573/2483/33 1574/2484/33 2028/2484/33 2027/2483/33
f 1577/2474/33 1578/2473/33 2030/2473/33 2029/2474/33
f 1579/2455/33 1580/2456/33 2032/2456/33 2031/2455/33
f 1567/2450/33 1583/2449/33 2033/2449/33 2023/2450/33
f 1539/2459/33 2034/2441/33 1553/2441/33 2001/2459/33
f 2034/2441/33 1557/2442/33 2012/2442/33 1553/2441/33
f 1540/2461/33 1559/2462/33 2015/2462/33 2011/2461/33
f 1560/2464/33 1556/2463/33 2010/2463/33 2016/2464/33
f 2036/2458/33 1566/2489/33 2022/2489/33 2035/2458/33
f 1562/2492/33 1563/2490/33 2019/2490/33 2018/2492/33
f 1565/2488/33 2038/2457/33 2037/2457/33 2021/2488/33
f 1591/2446/33 1568/2445/33 2024/2445/33 2039/2446/33
f 1594/2481/33 1573/2483/33 2027/2483/33 2040/2481/33
f 1593/2477/33 2042/2476/33 1592/2476/33 2041/2477/33
f 1596/2475/33 1591/2446/33 2039/2446/33 2043/2475/33
f 2042/2476/33 1596/2475/33 2043/2475/33 1592/2476/33
f 1595/2447/33 1577/2474/33 2029/2474/33 2044/2447/33
f 1578/2473/33 1597/2448/33 2045/2448/33 2030/2473/33
f 1597/2448/33 1595/2447/33 2044/2447/33 2045/2448/33
f 1586/2458/33 1579/2455/33 2031/2455/33 2035/2458/33
f 1580/2456/33 1590/2457/33 2037/2457/33 2032/2456/33
f 2038/2457/33 2046/2472/33 1589/2472/33 2037/2457/33
f 1583/2449/33 2036/2458/33 2035/2458/33 2033/2449/33
f 2046/2472/33 1598/2469/33 2047/2469/33 1589/2472/33
f 1590/2457/33 1586/2458/33 2035/2458/33 2037/2457/33
f 1598/2469/33 2048/2468/33 1588/2468/33 2047/2469/33
f 1587/2467/33 1561/2491/33 2017/2491/33 2049/2467/33
f 2048/2468/33 1587/2467/33 2049/2467/33 1588/2468/33
f 1574/2484/33 1575/2485/33 2050/2485/33 2028/2484/33
f 1599/2482/33 1593/2477/33 2041/2477/33 2051/2482/33
f 1575/2485/33 1599/2482/33 2051/2482/33 2050/2485/33
f 1570/2479/33 1571/2480/33 2052/2480/33 2026/2479/33
f 1571/2480/33 1594/2481/33 2040/2481/33 2052/2480/33
f 1547/2497/33 1550/2494/33 2006/2494/33 2003/2497/33
f 1546/2499/33 1545/2501/33 2053/2501/33 2054/2499/33
f 1551/2498/33 1546/2499/33 2054/2499/33 2007/2498/33
f 1545/2501/33 1552/2500/33 2008/2500/33 2053/2501/33
f 1555/2438/33 1543/2439/33 2002/2439/33 2009/2438/33
f 1602/2454/33 1601/2451/33 2055/2451/33 2056/2454/33
f 1603/2453/33 1602/2454/33 2056/2454/33 2057/2453/33
f 1604/2452/33 1603/2453/33 2057/2453/33 2058/2452/33
f 1601/2451/33 1604/2452/33 2058/2452/33 2055/2451/33
f 1606/2501/33 1605/2503/33 2059/2503/33 2060/2501/33
f 1607/2488/33 1608/2489/33 2062/2489/33 2061/2488/33
f 1609/2450/33 1610/2445/33 2064/2445/33 2063/2450/33
f 1611/2480/33 1612/2493/33 2066/2493/33 2065/2480/33
f 1613/2485/33 1614/2478/33 2068/2478/33 2067/2485/33
f 1614/2478/33 1615/2474/33 2069/2474/33 2068/2478/33
f 1616/2473/33 1617/2455/33 2071/2455/33 2070/2473/33
f 1618/2449/33 1609/2450/33 2063/2450/33 2072/2449/33
f 1608/2489/33 2074/2458/33 2073/2458/33 2062/2489/33
f 1620/2456/33 1621/2470/33 2076/2470/33 2075/2456/33
f 2078/2457/33 1607/2488/33 2061/2488/33 2077/2457/33
f 1610/2445/33 1623/2446/33 2079/2446/33 2064/2445/33
f 1612/2493/33 1624/2483/33 2080/2483/33 2066/2493/33
f 1624/2483/33 1626/2481/33 2081/2481/33 2080/2483/33
f 1628/2476/33 2082/2477/33 1625/2477/33 2083/2476/33
f 1623/2446/33 1629/2475/33 2084/2475/33 2079/2446/33
f 1629/2475/33 1628/2476/33 2083/2476/33 2084/2475/33
f 1615/2474/33 2085/2447/33 1627/2447/33 2069/2474/33
f 1630/2448/33 1616/2473/33 2070/2473/33 2086/2448/33
f 2085/2447/33 1630/2448/33 2086/2448/33 1627/2447/33
f 1621/2470/33 1631/2472/33 2087/2472/33 2076/2470/33
f 1617/2455/33 1619/2458/33 2073/2458/33 2071/2455/33
f 1622/2457/33 1620/2456/33 2075/2456/33 2077/2457/33
f 1631/2472/33 1622/2457/33 2077/2457/33 2087/2472/33
f 1619/2458/33 1618/2449/33 2072/2449/33 2073/2458/33
f 2074/2458/33 2078/2457/33 2077/2457/33 2073/2458/33
f 2082/2477/33 1632/2482/33 2088/2482/33 1625/2477/33
f 1632/2482/33 1613/2485/33 2067/2485/33 2088/2482/33
f 1626/2481/33 1611/2480/33 2065/2480/33 2081/2481/33
f 1633/2500/33 1606/2501/33 2060/2501/33 2089/2500/33
f 1634/2502/33 1633/2500/33 2089/2500/33 2090/2502/33
f 1605/2503/33 1634/2502/33 2090/2502/33 2059/2503/33
f 1636/2459/33 1635/2460/33 2091/2460/33 2092/2459/33
f 1637/2461/33 1636/2459/33 2092/2459/33 2093/2461/33
f 1639/2497/33 1638/2499/33 2094/2499/33 2095/2497/33
f 1635/2460/33 1640/2462/33 2096/2462/33 2091/2460/33
f 1641/2470/33 1642/2471/33 2098/2471/33 2097/2470/33
f 1640/2462/33 1637/2461/33 2093/2461/33 2096/2462/33
f 1643/2465/33 1644/2466/33 2100/2466/33 2099/2465/33
f 1644/2466/33 1645/2467/33 2101/2467/33 2100/2466/33
f 1642/2471/33 1643/2465/33 2099/2465/33 2098/2471/33
f 1646/2472/33 1641/2470/33 2097/2470/33 2102/2472/33
f 1647/2469/33 1646/2472/33 2102/2472/33 2103/2469/33
f 1648/2468/33 1647/2469/33 2103/2469/33 2104/2468/33
f 1645/2467/33 1648/2468/33 2104/2468/33 2101/2467/33
f 1649/2494/33 1639/2497/33 2095/2497/33 2105/2494/33
f 1650/2498/33 1649/2494/33 2105/2494/33 2106/2498/33
f 1638/2499/33 1650/2498/33 2106/2498/33 2094/2499/33
f 1341/2085/33 1656/2099/33 1933/2099/33 1939/2085/33
f 1658/2102/33 1941/2086/33 1940/2086/33 1944/2102/33
f 1662/2183/33 1663/2799/33 2108/2799/33 2107/2183/33
f 1664/2111/33 1665/2112/33 2110/2112/33 2109/2111/33
f 1665/2112/33 1666/2108/33 2111/2108/33 2110/2112/33
f 1667/2110/33 1662/2183/33 2107/2183/33 2112/2110/33
f 1668/2101/33 1669/2184/33 2114/2184/33 2113/2101/33
f 1669/2184/33 1670/2183/33 2115/2183/33 2114/2184/33
f 1672/2106/33 1671/2086/33 2116/2086/33 2117/2106/33
f 1673/2108/33 1672/2106/33 2117/2106/33 2118/2108/33
f 1674/2102/33 1668/2101/33 2113/2101/33 2119/2102/33
f 1670/2183/33 1676/2110/33 2120/2110/33 2115/2183/33
f 1663/2799/33 1664/2111/33 2109/2111/33 2108/2799/33
f 1666/2108/33 1667/2110/33 2112/2110/33 2111/2108/33
f 1671/2086/33 1674/2102/33 2119/2102/33 2116/2086/33
f 1676/2110/33 1673/2108/33 2118/2108/33 2120/2110/33
f 1682/2234/33 1681/2235/33 2121/2235/33 2122/2234/33
f 1684/2805/33 1683/2804/33 2123/2804/33 2124/2805/33
f 1685/2233/33 1682/2234/33 2122/2234/33 2125/2233/33
f 1681/2235/33 1686/2236/33 2126/2236/33 2121/2235/33
f 1683/2804/33 1685/2233/33 2125/2233/33 2123/2804/33
f 1686/2236/33 1684/2805/33 2124/2805/33 2126/2236/33
usemtl Material
f 971/1247/33 972/1250/33 927/1249/33 970/1248/33
f 1707/1248/33 929/1258/33 930/1257/33 969/1256/33
f 962/1274/33 940/1275/33 1716/1278/33 960/1277/33 961/1276/33
f 960/1277/33 1716/1278/33 976/1282/33 977/1281/33 958/1280/33 959/1279/33
f 954/1287/33 979/1293/33 980/1292/33 950/1291/33 951/1290/33 952/1289/33 953/1288/33
f 974/1267/33 934/1265/33 935/1299/33 936/1298/33
f 978/1286/33 1713/1281/33 943/1302/33 944/1303/33
f 1004/1256/33 984/1257/33 985/1262/33 986/1261/33 987/1260/33 1003/1259/33
f 1008/1264/33 1009/1265/33 1014/1267/33 1007/1266/33
f 1001/1272/33 1010/1273/33 1002/1255/33 1000/1251/33
f 999/1252/33 988/1253/33 1727/1275/33 998/1274/33
f 997/1291/82 1752/1292/82 994/1296/82 995/1295/82 996/1294/82
f 1006/1248/33 982/1249/33 983/1297/33 1005/1258/33
f 1015/1278/33 989/1275/33 990/1301/33 991/1300/33 1011/1282/33
f 1013/1292/33 1012/1293/33 992/1303/33 993/1304/33
f 1020/1259/33 1016/1260/33 1017/1265/33 1018/1264/33 1019/1263/33
f 1025/1251/33 1021/1255/33 1022/1254/33 1023/1253/33 1024/1252/33
f 1029/1281/33 1028/1282/33 1026/1300/33 1027/1302/33
f 1033/1280/33 1035/1281/33 1034/1286/33 1030/1285/33 1031/1284/33 1032/1283/33
f 1039/1296/33 1038/1292/33 1036/1304/33 1037/1305/33
f 1101/1607/33 1100/1609/33 1095/1608/33 1122/1606/33
f 1124/1614/33 1103/1599/33 1127/1600/33 1125/1615/33
f 1792/1606/33 1093/1616/33 1120/1619/33 1121/1604/33
f 1119/1602/33 1117/1618/33 1092/1620/33 1091/1601/33
f 1800/1596/33 1123/1623/33 1086/1622/33 1085/1593/33 1128/1594/33
f 1798/1615/33 1114/1621/33 1123/1623/33 1800/1596/33
f 1150/1579/33 1149/1583/33 1148/1582/33 1166/1581/33 1165/1580/33
f 1147/1595/33 1146/1598/33 1145/1597/33 1838/1596/33 1164/1594/33
f 1144/1599/33 1143/1603/33 1155/1602/33 1134/1601/33 1836/1600/33
f 1142/1611/33 1141/1613/33 1140/1612/33 1139/1610/33
f 1145/1597/33 1161/1614/33 1160/1615/33 1838/1596/33
f 1138/1608/33 1137/1617/33 1136/1616/33 1159/1606/33
f 1158/1604/134 1157/1619/134 1156/1618/134 1828/1602/134
f 1836/1600/33 1134/1601/33 1135/1620/33 1153/1621/33 1834/1615/33
f 1132/1593/33 1133/1622/33 1131/1624/33 1130/1592/33
f 1154/1586/33 1152/1625/33 1151/1627/33 1167/1585/33
f 1169/1603/33 1168/1605/33 1170/1604/33 1171/1602/33
f 1173/1591/33 1172/1595/33 1174/1594/33 1176/1593/33 1175/1592/33
f 1178/1584/33 1177/1579/33 1180/1580/33 1181/1586/33 1179/1585/33
f 1183/1605/152 1182/1607/152 1184/1606/152 1185/1604/152
f 1186/1581/33 1187/1626/33 1188/1625/33 1189/1586/33 1190/1580/33
f 1194/1609/33 1193/1611/33 1192/1610/33 1191/1608/33
f 1250/1867/33 1251/1871/33 1252/1870/33 1895/1869/33 1894/1868/33
f 1236/1881/33 1237/1877/33 1234/1878/33 1267/1882/33
f 1261/1887/33 1262/1883/33 1893/1884/33 1247/1889/33 1270/1888/33
f 1260/1890/33 1261/1887/33 1270/1888/33 1894/1868/33
f 1252/1870/33 1253/1893/33 1258/1892/33 1259/1891/33 1895/1869/33
f 1239/1879/33 1238/1899/33 1235/1898/33 1871/1878/33
f 1268/1885/33 1244/1903/33 1245/1902/33 1246/1901/33 1247/1889/33 1893/1884/33
f 1270/1888/33 1249/1904/33 1250/1867/33 1894/1868/33
f 1273/1894/33 1274/1897/33 1275/1896/33 1276/1895/33
f 1280/1869/33 1277/1891/33 1278/1890/33 1279/1868/33
f 1281/1883/33 1282/1886/33 1284/1885/33 1283/1884/33
f 1285/1878/33 1286/1898/33 1287/1900/33 1288/1882/33
f 1291/1877/33 1290/1880/33 1289/1879/33 1292/1878/33
f 1295/1872/33 1296/1876/33 1293/1875/33 1294/1874/33 1297/1873/33
f 1298/1889/33 1299/1905/33 1300/1904/33 1301/1888/33
f 1343/2088/33 1342/2091/33 1938/2090/33 1344/2089/33
f 1326/2096/33 1938/2090/33 1328/2098/33 1327/2097/33
f 1656/2099/33 1658/2102/33 1331/2101/33 1330/2100/33
f 1344/2089/33 1938/2090/33 1326/2096/33 1345/2103/33
f 1347/2086/33 1339/2087/33 1338/2107/33 1348/2106/33
f 1348/2106/33 1338/2107/33 1337/2109/33 1349/2108/33
f 1359/2084/33 1358/2087/33 1363/2086/33 1360/2085/33
f 1350/2098/33 1362/2090/33 1361/2091/33 1351/2104/33
f 1357/2127/217 1356/2126/217 1367/2185/217 1959/2186/217
f 1960/2217/225 1959/2218/225 1367/2219/225 1366/2220/225
f 1416/2227/33 1411/2232/33 1407/2231/33 1408/2230/33 1418/2229/33 1417/2228/33
f 1431/2242/33 1430/2245/33 1433/2244/33 1434/2243/33
f 1981/2401/260 1987/2402/260 1988/2403/260 1986/2404/260 1453/2405/260
f 1450/2254/33 1454/2258/33 1455/2257/33 1448/2256/33 1449/2255/33
f 1458/2259/33 1456/2263/33 1457/2262/33 1446/2261/33 1447/2260/33
f 1428/2359/261 1429/2358/261 1986/2415/261 1988/2416/261
f 1419/2319/264 1420/2318/264 1987/2422/264 1981/2423/264
f 1462/2246/33 1459/2253/33 1460/2252/33 1461/2251/33 1465/2250/33 1466/2249/33 1464/2248/33 1463/2247/33
f 2034/2441/33 2014/2444/33 1558/2443/33 1557/2442/33
f 1535/2437/33 1534/2440/33 1543/2439/33 1555/2438/33
f 1579/2455/33 1586/2458/33 1590/2457/33 1580/2456/33
f 1539/2459/33 1538/2460/33 2014/2444/33 2034/2441/33
f 1556/2463/33 1560/2464/33 1559/2462/33 1540/2461/33
f 1570/2479/33 2042/2476/33 1593/2477/33 1599/2482/33 1594/2481/33 1571/2480/33
f 1573/2483/33 1594/2481/33 1599/2482/33 1575/2485/33 1574/2484/33
f 1591/2446/33 1596/2475/33 1569/2486/33 1568/2445/33
f 1569/2486/33 1596/2475/33 2042/2476/33 1570/2479/33
f 1595/2447/33 1597/2448/33 1578/2473/33 1577/2474/33
f 2046/2472/33 2038/2457/33 1565/2488/33 1564/2487/33
f 2036/2458/33 1583/2449/33 1567/2450/33 1566/2489/33
f 1598/2469/33 2046/2472/33 1564/2487/33 1563/2490/33 2048/2468/33
f 1587/2467/33 2048/2468/33 1563/2490/33 1562/2492/33 1561/2491/33
f 1550/2494/33 1547/2497/33 1548/2496/33 1549/2495/33
f 1552/2500/33 1545/2501/33 1546/2499/33 1551/2498/33
f 1601/2451/33 1602/2454/33 1603/2453/33 1604/2452/33
f 1610/2445/33 1609/2450/33 1618/2449/33 1630/2448/33 2085/2447/33 1623/2446/33
f 1620/2456/33 1622/2457/33 1631/2472/33 1621/2470/33
f 1616/2473/33 1630/2448/33 1618/2449/33 1619/2458/33 1617/2455/33
f 1615/2474/33 1614/2478/33 2082/2477/33 1628/2476/33 1629/2475/33 1623/2446/33 2085/2447/33
f 2078/2457/33 2074/2458/33 1608/2489/33 1607/2488/33
f 1613/2485/33 1632/2482/33 2082/2477/33 1614/2478/33
f 1611/2480/33 1626/2481/33 1624/2483/33 1612/2493/33
f 1634/2502/33 1605/2503/33 1606/2501/33 1633/2500/33
f 1637/2461/33 1640/2462/33 1635/2460/33 1636/2459/33
f 1643/2465/33 1647/2469/33 1648/2468/33 1645/2467/33 1644/2466/33
f 1641/2470/33 1646/2472/33 1647/2469/33 1643/2465/33 1642/2471/33
f 1650/2498/33 1638/2499/33 1639/2497/33 1649/2494/33
f 1341/2085/33 1941/2086/33 1658/2102/33 1656/2099/33
f 1667/2110/336 1666/2108/336 1665/2112/336 1664/2111/336
f 1674/2102/337 1671/2086/337 1672/2106/337 1675/2105/337
f 1675/2105/338 1672/2106/338 1673/2108/338 1676/2110/338
f 1669/2184/339 1675/2105/339 1676/2110/339 1670/2183/339
f 1668/2101/340 1674/2102/340 1675/2105/340 1669/2184/340
f 1662/2183/341 1667/2110/341 1664/2111/341 1663/2799/341
f 1685/2233/343 1686/2236/343 1681/2235/343 1682/2234/343
f 1683/2804/344 1684/2805/344 1686/2236/344 1685/2233/344
o Cylinder.048
v 92.143013 -8.111953 37.609150
v 93.450333 12.457660 37.609150
v 92.255501 -8.111953 36.467091
v 93.537689 12.457660 36.722137
v 92.588623 -8.111953 35.368919
v 93.796417 12.457660 35.869205
v 93.129593 -8.111953 34.356846
v 94.216591 12.457660 35.083149
v 93.857613 -8.111953 33.469749
v 94.782028 12.457660 34.394157
v 94.744713 -8.111953 32.741730
v 95.471016 12.457660 33.828720
v 95.756798 -8.111953 32.200760
v 96.257080 12.457660 33.408558
v 96.854958 -8.111953 31.867636
v 97.110001 12.457660 33.149826
v 97.997025 -8.111953 31.755154
v 97.997025 12.457660 33.062462
v 99.139084 -8.111953 31.867636
v 98.884041 12.457660 33.149826
v 100.237244 -8.111953 32.200764
v 99.736961 12.457660 33.408562
v 101.249329 -8.111953 32.741734
v 100.523026 12.457660 33.828724
v 102.136429 -8.111953 33.469753
v 101.212013 12.457660 34.394161
v 102.864449 -8.111953 34.356850
v 101.777451 12.457660 35.083153
v 103.405403 -8.111953 35.368923
v 102.197609 12.457660 35.869209
v 103.738525 -8.111953 36.467094
v 102.456337 12.457660 36.722141
v 103.851013 -8.111953 37.609154
v 102.543694 12.457660 37.609154
v 103.738525 -8.111953 38.751213
v 102.456337 12.457660 38.496166
v 103.405403 -8.111953 39.849384
v 102.197609 12.457660 39.349098
v 102.864441 -8.111953 40.861458
v 101.777443 12.457660 40.135155
v 102.136421 -8.111953 41.748554
v 101.212006 12.457660 40.824146
v 101.249321 -8.111953 42.476574
v 100.523018 12.457660 41.389584
v 100.237236 -8.111953 43.017544
v 99.736954 12.457660 41.809742
v 99.139076 -8.111953 43.350666
v 98.884033 12.457660 42.068474
v 97.997017 -8.111953 43.463146
v 97.997017 12.457660 42.155838
v 96.854950 -8.111953 43.350666
v 97.109993 12.457660 42.068474
v 95.756790 -8.111953 43.017540
v 96.257072 12.457660 41.809738
v 94.744705 -8.111953 42.476570
v 95.471008 12.457660 41.389580
v 93.857605 -8.111953 41.748550
v 94.782021 12.457660 40.824142
v 93.129585 -8.111953 40.861454
v 94.216583 12.457660 40.135151
v 92.588623 -8.111953 39.849380
v 93.796417 12.457660 39.349094
v 92.255501 -8.111953 38.751209
v 93.537689 12.457660 38.496162
v 92.255501 12.457660 36.467091
v 92.143013 12.457660 37.609150
v 92.588623 12.457660 35.368919
v 93.129593 12.457660 34.356846
v 93.857613 12.457660 33.469749
v 94.744713 12.457660 32.741730
v 95.756798 12.457660 32.200760
v 96.854958 12.457660 31.867636
v 97.997025 12.457660 31.755154
v 99.139084 12.457660 31.867636
v 100.237244 12.457660 32.200764
v 101.249329 12.457660 32.741734
v 102.136429 12.457660 33.469753
v 102.864449 12.457660 34.356850
v 103.405403 12.457660 35.368923
v 103.738525 12.457660 36.467094
v 103.851013 12.457660 37.609154
v 103.738525 12.457660 38.751213
v 103.405403 12.457660 39.849384
v 102.864441 12.457660 40.861458
v 102.136421 12.457660 41.748554
v 101.249321 12.457660 42.476574
v 100.237236 12.457660 43.017544
v 99.139076 12.457660 43.350666
v 97.997017 12.457660 43.463146
v 96.854950 12.457660 43.350666
v 95.756790 12.457660 43.017540
v 94.744705 12.457660 42.476570
v 93.857605 12.457660 41.748550
v 93.129585 12.457660 40.861454
v 92.588623 12.457660 39.849380
v 92.255501 12.457660 38.751209
v 92.255501 14.898792 36.467091
v 92.143013 14.898792 37.609150
v 93.857613 14.898792 33.469749
v 93.129593 14.898792 34.356846
v 94.744713 14.898792 32.741730
v 97.997025 14.898792 31.755154
v 96.854958 14.898792 31.867636
v 99.139084 14.898792 31.867636
v 102.136429 14.898792 33.469753
v 101.249329 14.898792 32.741734
v 102.864449 14.898792 34.356850
v 103.851013 14.898792 37.609154
v 103.738525 14.898792 36.467094
v 103.738525 14.898792 38.751213
v 102.136421 14.898792 41.748554
v 102.864441 14.898792 40.861458
v 101.249321 14.898792 42.476574
v 97.997017 14.898792 43.463146
v 99.139076 14.898792 43.350666
v 96.854950 14.898792 43.350666
v 93.857605 14.898792 41.748550
v 94.744705 14.898792 42.476570
v 93.129585 14.898792 40.861454
v 92.255501 14.898792 38.751209
v 93.537689 14.898792 36.722137
v 93.450333 14.898792 37.609150
v 94.782028 14.898792 34.394157
v 94.216591 14.898792 35.083149
v 95.471016 14.898792 33.828720
v 97.997025 14.898792 33.062462
v 97.110001 14.898792 33.149826
v 98.884041 14.898792 33.149826
v 101.212013 14.898792 34.394161
v 100.523026 14.898792 33.828724
v 101.777451 14.898792 35.083153
v 102.543694 14.898792 37.609154
v 102.456337 14.898792 36.722141
v 102.456337 14.898792 38.496166
v 101.212006 14.898792 40.824146
v 101.777443 14.898792 40.135155
v 100.523018 14.898792 41.389584
v 97.997017 14.898792 42.155838
v 98.884033 14.898792 42.068474
v 97.109993 14.898792 42.068474
v 94.782021 14.898792 40.824142
v 95.471008 14.898792 41.389580
v 94.216583 14.898792 40.135151
v 93.537689 14.898792 38.496162
v 93.537689 -6.851114 36.722137
v 93.450333 -6.851114 37.609158
v 93.796417 -6.851114 35.869213
v 94.216591 -6.851114 35.083149
v 94.782028 -6.851114 34.394161
v 95.471016 -6.851114 33.828724
v 96.257080 -6.851114 33.408562
v 97.110001 -6.851114 33.149826
v 97.997025 -6.851114 33.062469
v 98.884041 -6.851114 33.149826
v 99.736961 -6.851114 33.408566
v 100.523026 -6.851114 33.828728
v 101.212013 -6.851114 34.394165
v 101.777451 -6.851114 35.083153
v 102.197609 -6.851114 35.869217
v 102.456337 -6.851114 36.722141
v 102.543694 -6.851114 37.609161
v 102.456337 -6.851114 38.496174
v 102.197609 -6.851114 39.349098
v 101.777443 -6.851114 40.135155
v 101.212006 -6.851114 40.824154
v 100.523018 -6.851114 41.389591
v 99.736954 -6.851114 41.809746
v 98.884033 -6.851114 42.068478
v 97.997017 -6.851114 42.155838
v 97.109993 -6.851114 42.068478
v 96.257072 -6.851114 41.809742
v 95.471008 -6.851114 41.389587
v 94.782021 -6.851114 40.824150
v 94.216583 -6.851114 40.135151
v 93.796417 -6.851114 39.349094
v 93.537689 -6.851114 38.496170
v -33.366444 -9.988456 -95.414131
v -31.820612 14.334155 -95.414131
v -33.233440 -9.988456 -96.764542
v -31.717308 14.334155 -96.462982
v -32.839539 -9.988456 -98.063080
v -31.411369 14.334155 -97.471527
v -32.199860 -9.988456 -99.259834
v -30.914555 14.334155 -98.401001
v -31.339016 -9.988456 -100.308777
v -30.245947 14.334155 -99.215706
v -30.290073 -9.988456 -101.169624
v -29.431248 14.334155 -99.884308
v -29.093332 -9.988456 -101.809303
v -28.501766 14.334155 -100.381126
v -27.794792 -9.988456 -102.203201
v -27.493221 14.334155 -100.687065
v -26.444368 -9.988456 -102.336205
v -26.444368 14.334155 -100.790375
v -25.093943 -9.988456 -102.203201
v -25.395515 14.334155 -100.687065
v -23.795404 -9.988456 -101.809303
v -24.386969 14.334155 -100.381126
v -22.598663 -9.988456 -101.169624
v -23.457487 14.334155 -99.884308
v -21.549721 -9.988456 -100.308777
v -22.642790 14.334155 -99.215706
v -20.688875 -9.988456 -99.259834
v -21.974182 14.334155 -98.401001
v -20.049196 -9.988456 -98.063080
v -21.477367 14.334155 -97.471527
v -19.655296 -9.988456 -96.764542
v -21.171432 14.334155 -96.462982
v -19.522293 -9.988456 -95.414131
v -21.068129 14.334155 -95.414131
v -19.655298 -9.988456 -94.063690
v -21.171432 14.334155 -94.365273
v -20.049198 -9.988456 -92.765152
v -21.477369 14.334155 -93.356720
v -20.688877 -9.988456 -91.568413
v -21.974184 14.334155 -92.427238
v -21.549725 -9.988456 -90.519470
v -22.642792 14.334155 -91.612541
v -22.598667 -9.988456 -89.658623
v -23.457489 14.334155 -90.943932
v -23.795408 -9.988456 -89.018944
v -24.386972 14.334155 -90.447113
v -25.093946 -9.988456 -88.625046
v -25.395519 14.334155 -90.141182
v -26.444372 -9.988456 -88.492043
v -26.444372 14.334155 -90.037872
v -27.794796 -9.988456 -88.625046
v -27.493225 14.334155 -90.141182
v -29.093336 -9.988456 -89.018944
v -28.501770 14.334155 -90.447113
v -30.290077 -9.988456 -89.658623
v -29.431250 14.334155 -90.943932
v -31.339020 -9.988456 -90.519470
v -30.245949 14.334155 -91.612541
v -32.199860 -9.988456 -91.568413
v -30.914557 14.334155 -92.427238
v -32.839539 -9.988456 -92.765152
v -31.411371 14.334155 -93.356720
v -33.233440 -9.988456 -94.063690
v -31.717308 14.334155 -94.365273
v -33.233440 14.334155 -96.764542
v -33.366444 14.334155 -95.414131
v -32.839539 14.334155 -98.063080
v -32.199860 14.334155 -99.259834
v -31.339016 14.334155 -100.308777
v -30.290073 14.334155 -101.169624
v -29.093332 14.334155 -101.809303
v -27.794792 14.334155 -102.203201
v -26.444368 14.334155 -102.336205
v -25.093943 14.334155 -102.203201
v -23.795404 14.334155 -101.809303
v -22.598663 14.334155 -101.169624
v -21.549721 14.334155 -100.308777
v -20.688875 14.334155 -99.259834
v -20.049196 14.334155 -98.063080
v -19.655296 14.334155 -96.764542
v -19.522293 14.334155 -95.414131
v -19.655298 14.334155 -94.063690
v -20.049198 14.334155 -92.765152
v -20.688877 14.334155 -91.568413
v -21.549725 14.334155 -90.519470
v -22.598667 14.334155 -89.658623
v -23.795408 14.334155 -89.018944
v -25.093946 14.334155 -88.625046
v -26.444372 14.334155 -88.492043
v -27.794796 14.334155 -88.625046
v -29.093336 14.334155 -89.018944
v -30.290077 14.334155 -89.658623
v -31.339020 14.334155 -90.519470
v -32.199860 14.334155 -91.568413
v -32.839539 14.334155 -92.765152
v -33.233440 14.334155 -94.063690
v -33.233440 17.220695 -96.764542
v -33.366444 17.220695 -95.414131
v -31.339016 17.220695 -100.308777
v -32.199860 17.220695 -99.259834
v -30.290073 17.220695 -101.169624
v -26.444368 17.220695 -102.336205
v -27.794792 17.220695 -102.203201
v -25.093943 17.220695 -102.203201
v -21.549721 17.220695 -100.308777
v -22.598663 17.220695 -101.169624
v -20.688875 17.220695 -99.259834
v -19.522293 17.220695 -95.414131
v -19.655296 17.220695 -96.764542
v -19.655298 17.220695 -94.063690
v -21.549725 17.220695 -90.519470
v -20.688877 17.220695 -91.568413
v -22.598667 17.220695 -89.658623
v -26.444372 17.220695 -88.492043
v -25.093946 17.220695 -88.625046
v -27.794796 17.220695 -88.625046
v -31.339020 17.220695 -90.519470
v -30.290077 17.220695 -89.658623
v -32.199860 17.220695 -91.568413
v -33.233440 17.220695 -94.063690
v -31.717308 17.220695 -96.462982
v -31.820612 17.220695 -95.414131
v -30.245947 17.220695 -99.215706
v -30.914555 17.220695 -98.401001
v -29.431248 17.220695 -99.884308
v -26.444368 17.220695 -100.790375
v -27.493221 17.220695 -100.687065
v -25.395515 17.220695 -100.687065
v -22.642790 17.220695 -99.215706
v -23.457487 17.220695 -99.884308
v -21.974182 17.220695 -98.401001
v -21.068129 17.220695 -95.414131
v -21.171432 17.220695 -96.462982
v -21.171432 17.220695 -94.365273
v -22.642792 17.220695 -91.612541
v -21.974184 17.220695 -92.427238
v -23.457489 17.220695 -90.943932
v -26.444372 17.220695 -90.037872
v -25.395519 17.220695 -90.141182
v -27.493225 17.220695 -90.141182
v -30.245949 17.220695 -91.612541
v -29.431250 17.220695 -90.943932
v -30.914557 17.220695 -92.427238
v -31.717308 17.220695 -94.365273
v -31.717308 -8.497568 -96.462982
v -31.820612 -8.497568 -95.414131
v -31.411369 -8.497568 -97.471527
v -30.914555 -8.497568 -98.401001
v -30.245947 -8.497568 -99.215706
v -29.431248 -8.497568 -99.884308
v -28.501766 -8.497568 -100.381126
v -27.493221 -8.497568 -100.687065
v -26.444368 -8.497568 -100.790375
v -25.395515 -8.497568 -100.687065
v -24.386969 -8.497568 -100.381126
v -23.457487 -8.497568 -99.884308
v -22.642790 -8.497568 -99.215706
v -21.974182 -8.497568 -98.401001
v -21.477367 -8.497568 -97.471527
v -21.171432 -8.497568 -96.462982
v -21.068129 -8.497568 -95.414131
v -21.171432 -8.497568 -94.365273
v -21.477369 -8.497568 -93.356720
v -21.974184 -8.497568 -92.427238
v -22.642792 -8.497568 -91.612541
v -23.457489 -8.497568 -90.943932
v -24.386972 -8.497568 -90.447113
v -25.395519 -8.497568 -90.141182
v -26.444372 -8.497568 -90.037872
v -27.493225 -8.497568 -90.141182
v -28.501770 -8.497568 -90.447113
v -29.431250 -8.497568 -90.943932
v -30.245949 -8.497568 -91.612541
v -30.914557 -8.497568 -92.427238
v -31.411371 -8.497568 -93.356720
v -31.717308 -8.497568 -94.365273
v -48.793827 -8.111953 99.579483
v -47.486511 12.457660 99.579483
v -48.681339 -8.111953 98.437416
v -47.399151 12.457660 98.692467
v -48.348213 -8.111953 97.339233
v -47.140419 12.457660 97.839523
v -47.807240 -8.111953 96.327164
v -46.720253 12.457660 97.053467
v -47.079231 -8.111953 95.440079
v -46.154816 12.457660 96.364479
v -46.192131 -8.111953 94.712059
v -45.465832 12.457660 95.799042
v -45.180046 -8.111953 94.171082
v -44.679760 12.457660 95.378891
v -44.081886 -8.111953 93.837959
v -43.826843 12.457660 95.120148
v -42.939823 -8.111953 93.725471
v -42.939823 12.457660 95.032776
v -41.797760 -8.111953 93.837959
v -42.052803 12.457660 95.120148
v -40.699600 -8.111953 94.171082
v -41.199886 12.457660 95.378891
v -39.687515 -8.111953 94.712059
v -40.413815 12.457660 95.799042
v -38.800419 -8.111953 95.440079
v -39.724831 12.457660 96.364479
v -38.072407 -8.111953 96.327164
v -39.159393 12.457660 97.053467
v -37.531433 -8.111953 97.339233
v -38.739231 12.457660 97.839523
v -37.198307 -8.111953 98.437416
v -38.480499 12.457660 98.692467
v -37.085831 -8.111953 99.579483
v -38.393147 12.457660 99.579483
v -37.198311 -8.111953 100.721527
v -38.480503 12.457660 100.466476
v -37.531437 -8.111953 101.819710
v -38.739235 12.457660 101.319420
v -38.072411 -8.111953 102.831779
v -39.159397 12.457660 102.105476
v -38.800423 -8.111953 103.718864
v -39.724834 12.457660 102.794464
v -39.687519 -8.111953 104.446884
v -40.413818 12.457660 103.359917
v -40.699604 -8.111953 104.987862
v -41.199890 12.457660 103.780052
v -41.797764 -8.111953 105.320999
v -42.052807 12.457660 104.038803
v -42.939827 -8.111953 105.433479
v -42.939827 12.457660 104.126167
v -44.081890 -8.111953 105.320999
v -43.826847 12.457660 104.038803
v -45.180050 -8.111953 104.987862
v -44.679764 12.457660 103.780052
v -46.192135 -8.111953 104.446884
v -45.465836 12.457660 103.359917
v -47.079235 -8.111953 103.718864
v -46.154819 12.457660 102.794464
v -47.807243 -8.111953 102.831779
v -46.720257 12.457660 102.105476
v -48.348217 -8.111953 101.819710
v -47.140423 12.457660 101.319420
v -48.681343 -8.111953 100.721527
v -47.399155 12.457660 100.466476
v -48.681339 12.457660 98.437416
v -48.793827 12.457660 99.579483
v -48.348213 12.457660 97.339233
v -47.807240 12.457660 96.327164
v -47.079231 12.457660 95.440079
v -46.192131 12.457660 94.712059
v -45.180046 12.457660 94.171082
v -44.081886 12.457660 93.837959
v -42.939823 12.457660 93.725471
v -41.797760 12.457660 93.837959
v -40.699600 12.457660 94.171082
v -39.687515 12.457660 94.712059
v -38.800419 12.457660 95.440079
v -38.072407 12.457660 96.327164
v -37.531433 12.457660 97.339233
v -37.198307 12.457660 98.437416
v -37.085831 12.457660 99.579483
v -37.198311 12.457660 100.721527
v -37.531437 12.457660 101.819710
v -38.072411 12.457660 102.831779
v -38.800423 12.457660 103.718864
v -39.687519 12.457660 104.446884
v -40.699604 12.457660 104.987862
v -41.797764 12.457660 105.320999
v -42.939827 12.457660 105.433479
v -44.081890 12.457660 105.320999
v -45.180050 12.457660 104.987862
v -46.192135 12.457660 104.446884
v -47.079235 12.457660 103.718864
v -47.807243 12.457660 102.831779
v -48.348217 12.457660 101.819710
v -48.681343 12.457660 100.721527
v -48.681339 14.898792 98.437416
v -48.793827 14.898792 99.579483
v -47.079231 14.898792 95.440079
v -47.807240 14.898792 96.327164
v -46.192131 14.898792 94.712059
v -42.939823 14.898792 93.725471
v -44.081886 14.898792 93.837959
v -41.797760 14.898792 93.837959
v -38.800419 14.898792 95.440079
v -39.687515 14.898792 94.712059
v -38.072407 14.898792 96.327164
v -37.085831 14.898792 99.579483
v -37.198307 14.898792 98.437416
v -37.198311 14.898792 100.721527
v -38.800423 14.898792 103.718864
v -38.072411 14.898792 102.831779
v -39.687519 14.898792 104.446884
v -42.939827 14.898792 105.433479
v -41.797764 14.898792 105.320999
v -44.081890 14.898792 105.320999
v -47.079235 14.898792 103.718864
v -46.192135 14.898792 104.446884
v -47.807243 14.898792 102.831779
v -48.681343 14.898792 100.721527
v -47.399151 14.898792 98.692467
v -47.486511 14.898792 99.579483
v -46.154816 14.898792 96.364479
v -46.720253 14.898792 97.053467
v -45.465832 14.898792 95.799042
v -42.939823 14.898792 95.032776
v -43.826843 14.898792 95.120148
v -42.052803 14.898792 95.120148
v -39.724831 14.898792 96.364479
v -40.413815 14.898792 95.799042
v -39.159393 14.898792 97.053467
v -38.393147 14.898792 99.579483
v -38.480499 14.898792 98.692467
v -38.480503 14.898792 100.466476
v -39.724834 14.898792 102.794464
v -39.159397 14.898792 102.105476
v -40.413818 14.898792 103.359917
v -42.939827 14.898792 104.126167
v -42.052807 14.898792 104.038803
v -43.826847 14.898792 104.038803
v -46.154819 14.898792 102.794464
v -45.465836 14.898792 103.359917
v -46.720257 14.898792 102.105476
v -47.399155 14.898792 100.466476
v -47.399151 -6.851114 98.692467
v -47.486511 -6.851114 99.579483
v -47.140419 -6.851114 97.839531
v -46.720253 -6.851114 97.053467
v -46.154816 -6.851114 96.364479
v -45.465832 -6.851114 95.799049
v -44.679760 -6.851114 95.378891
v -43.826843 -6.851114 95.120163
v -42.939823 -6.851114 95.032791
v -42.052803 -6.851114 95.120163
v -41.199886 -6.851114 95.378891
v -40.413815 -6.851114 95.799049
v -39.724831 -6.851114 96.364479
v -39.159393 -6.851114 97.053467
v -38.739231 -6.851114 97.839531
v -38.480499 -6.851114 98.692467
v -38.393147 -6.851114 99.579483
v -38.480503 -6.851114 100.466499
v -38.739235 -6.851114 101.319420
v -39.159397 -6.851114 102.105476
v -39.724834 -6.851114 102.794464
v -40.413818 -6.851114 103.359917
v -41.199890 -6.851114 103.780075
v -42.052807 -6.851114 104.038803
v -42.939827 -6.851114 104.126167
v -43.826847 -6.851114 104.038803
v -44.679764 -6.851114 103.780075
v -45.465836 -6.851114 103.359917
v -46.154819 -6.851114 102.794464
v -46.720257 -6.851114 102.105476
v -47.140423 -6.851114 101.319420
v -47.399155 -6.851114 100.466499
v 8.928212 -9.988456 -94.819016
v 10.474047 14.334155 -94.819016
v 9.061218 -9.988456 -96.169434
v 10.577353 14.334155 -95.867867
v 9.455124 -9.988456 -97.467972
v 10.883290 14.334155 -96.876411
v 10.094792 -9.988456 -98.664719
v 11.380110 14.334155 -97.805885
v 10.955644 -9.988456 -99.713661
v 12.048712 14.334155 -98.620590
v 12.004591 -9.988456 -100.574501
v 12.863411 14.334155 -99.289185
v 13.201327 -9.988456 -101.214180
v 13.792892 14.334155 -99.786011
v 14.499861 -9.988456 -101.608078
v 14.801437 14.334155 -100.091949
v 15.850291 -9.988456 -101.741089
v 15.850290 14.334155 -100.195251
v 17.200720 -9.988456 -101.608078
v 16.899141 14.334155 -100.091949
v 18.499252 -9.988456 -101.214180
v 17.907686 14.334155 -99.786011
v 19.695988 -9.988456 -100.574501
v 18.837168 14.334155 -99.289185
v 20.744936 -9.988456 -99.713654
v 19.651867 14.334155 -98.620590
v 21.605789 -9.988456 -98.664711
v 20.320469 14.334155 -97.805878
v 22.245455 -9.988456 -97.467964
v 20.817289 14.334155 -96.876404
v 22.639359 -9.988456 -96.169426
v 21.123226 14.334155 -95.867859
v 22.772364 -9.988456 -94.819008
v 21.226530 14.334155 -94.819008
v 22.639359 -9.988456 -93.468575
v 21.123226 14.334155 -93.770142
v 22.245453 -9.988456 -92.170036
v 20.817287 14.334155 -92.761597
v 21.605787 -9.988456 -90.973289
v 20.320467 14.334155 -91.832115
v 20.744932 -9.988456 -89.924347
v 19.651865 14.334155 -91.017418
v 19.695984 -9.988456 -89.063499
v 18.837164 14.334155 -90.348808
v 18.499249 -9.988456 -88.423828
v 17.907682 14.334155 -89.851997
v 17.200716 -9.988456 -88.029922
v 16.899137 14.334155 -89.546059
v 15.850286 -9.988456 -87.896919
v 15.850287 14.334155 -89.442757
v 14.499856 -9.988456 -88.029922
v 14.801435 14.334155 -89.546059
v 13.201323 -9.988456 -88.423828
v 13.792890 14.334155 -89.851997
v 12.004587 -9.988456 -89.063499
v 12.863408 14.334155 -90.348808
v 10.955641 -9.988456 -89.924355
v 12.048709 14.334155 -91.017418
v 10.094790 -9.988456 -90.973297
v 11.380108 14.334155 -91.832123
v 9.455122 -9.988456 -92.170044
v 10.883289 14.334155 -92.761604
v 9.061217 -9.988456 -93.468582
v 10.577352 14.334155 -93.770149
v 9.061218 14.334155 -96.169434
v 8.928212 14.334155 -94.819016
v 9.455124 14.334155 -97.467972
v 10.094792 14.334155 -98.664719
v 10.955644 14.334155 -99.713661
v 12.004591 14.334155 -100.574501
v 13.201327 14.334155 -101.214180
v 14.499861 14.334155 -101.608078
v 15.850291 14.334155 -101.741089
v 17.200720 14.334155 -101.608078
v 18.499252 14.334155 -101.214180
v 19.695988 14.334155 -100.574501
v 20.744936 14.334155 -99.713654
v 21.605789 14.334155 -98.664711
v 22.245455 14.334155 -97.467964
v 22.639359 14.334155 -96.169426
v 22.772364 14.334155 -94.819008
v 22.639359 14.334155 -93.468575
v 22.245453 14.334155 -92.170036
v 21.605787 14.334155 -90.973289
v 20.744932 14.334155 -89.924347
v 19.695984 14.334155 -89.063499
v 18.499249 14.334155 -88.423828
v 17.200716 14.334155 -88.029922
v 15.850286 14.334155 -87.896919
v 14.499856 14.334155 -88.029922
v 13.201323 14.334155 -88.423828
v 12.004587 14.334155 -89.063499
v 10.955641 14.334155 -89.924355
v 10.094790 14.334155 -90.973297
v 9.455122 14.334155 -92.170044
v 9.061217 14.334155 -93.468582
v 9.061218 17.220695 -96.169434
v 8.928212 17.220695 -94.819016
v 10.955644 17.220695 -99.713661
v 10.094792 17.220695 -98.664719
v 12.004591 17.220695 -100.574501
v 15.850291 17.220695 -101.741089
v 14.499861 17.220695 -101.608078
v 17.200720 17.220695 -101.608078
v 20.744936 17.220695 -99.713654
v 19.695988 17.220695 -100.574501
v 21.605789 17.220695 -98.664711
v 22.772364 17.220695 -94.819008
v 22.639359 17.220695 -96.169426
v 22.639359 17.220695 -93.468575
v 20.744932 17.220695 -89.924347
v 21.605787 17.220695 -90.973289
v 19.695984 17.220695 -89.063499
v 15.850286 17.220695 -87.896919
v 17.200716 17.220695 -88.029922
v 14.499856 17.220695 -88.029922
v 10.955641 17.220695 -89.924355
v 12.004587 17.220695 -89.063499
v 10.094790 17.220695 -90.973297
v 9.061217 17.220695 -93.468582
v 10.577353 17.220695 -95.867867
v 10.474047 17.220695 -94.819016
v 12.048712 17.220695 -98.620590
v 11.380110 17.220695 -97.805885
v 12.863411 17.220695 -99.289185
v 15.850290 17.220695 -100.195251
v 14.801437 17.220695 -100.091949
v 16.899141 17.220695 -100.091949
v 19.651867 17.220695 -98.620590
v 18.837168 17.220695 -99.289185
v 20.320469 17.220695 -97.805878
v 21.226530 17.220695 -94.819008
v 21.123226 17.220695 -95.867859
v 21.123226 17.220695 -93.770142
v 19.651865 17.220695 -91.017418
v 20.320467 17.220695 -91.832115
v 18.837164 17.220695 -90.348808
v 15.850287 17.220695 -89.442757
v 16.899137 17.220695 -89.546059
v 14.801435 17.220695 -89.546059
v 12.048709 17.220695 -91.017418
v 12.863408 17.220695 -90.348808
v 11.380108 17.220695 -91.832123
v 10.577352 17.220695 -93.770149
v 10.577353 -8.497568 -95.867867
v 10.474047 -8.497568 -94.819016
v 10.883290 -8.497568 -96.876411
v 11.380110 -8.497568 -97.805885
v 12.048712 -8.497568 -98.620590
v 12.863411 -8.497568 -99.289185
v 13.792892 -8.497568 -99.786011
v 14.801437 -8.497568 -100.091949
v 15.850290 -8.497568 -100.195251
v 16.899141 -8.497568 -100.091949
v 17.907686 -8.497568 -99.786011
v 18.837168 -8.497568 -99.289185
v 19.651867 -8.497568 -98.620590
v 20.320469 -8.497568 -97.805878
v 20.817289 -8.497568 -96.876404
v 21.123226 -8.497568 -95.867859
v 21.226530 -8.497568 -94.819008
v 21.123226 -8.497568 -93.770142
v 20.817287 -8.497568 -92.761597
v 20.320467 -8.497568 -91.832115
v 19.651865 -8.497568 -91.017418
v 18.837164 -8.497568 -90.348808
v 17.907682 -8.497568 -89.851997
v 16.899137 -8.497568 -89.546059
v 15.850287 -8.497568 -89.442757
v 14.801435 -8.497568 -89.546059
v 13.792890 -8.497568 -89.851997
v 12.863408 -8.497568 -90.348808
v 12.048709 -8.497568 -91.017418
v 11.380108 -8.497568 -91.832123
v 10.883289 -8.497568 -92.761604
v 10.577352 -8.497568 -93.770149
v 20.503614 -8.111953 98.091652
v 21.810923 12.457660 98.091652
v 20.616096 -8.111953 96.949600
v 21.898289 12.457660 97.204643
v 20.949224 -8.111953 95.851418
v 22.157026 12.457660 96.351707
v 21.490192 -8.111953 94.839348
v 22.577183 12.457660 95.565643
v 22.218214 -8.111953 93.952263
v 23.142168 12.461210 94.886177
v 23.105305 -8.111953 93.224236
v 23.827665 12.488674 94.394150
v 24.117386 -8.111953 92.683266
v 24.609297 12.523469 94.067017
v 25.215557 -8.111953 92.350136
v 25.460123 12.540010 93.852509
v 26.357615 -8.111953 92.237656
v 26.349213 12.523680 93.721466
v 27.499672 -8.111953 92.350136
v 27.240646 12.488919 93.715919
v 28.597845 -8.111953 92.683266
v 28.097090 12.461324 93.900879
v 29.609924 -8.111953 93.224236
v 28.883617 12.457660 94.311226
v 30.497015 -8.111953 93.952263
v 29.572607 12.457660 94.876663
v 31.225035 -8.111953 94.839348
v 30.138046 12.457660 95.565643
v 31.766003 -8.111953 95.851418
v 30.558203 12.457660 96.351707
v 32.099129 -8.111953 96.949600
v 30.816935 12.457660 97.204643
v 32.211613 -8.111953 98.091652
v 30.904301 12.457660 98.091652
v 32.099129 -8.111953 99.233704
v 30.816935 12.457660 98.978661
v 31.766001 -8.111953 100.331886
v 30.558201 12.457660 99.831604
v 31.225033 -8.111953 101.343964
v 30.138044 12.457660 100.617661
v 30.497013 -8.111953 102.231049
v 29.572605 12.457660 101.306648
v 29.609921 -8.111953 102.959068
v 28.883615 12.457660 101.872093
v 28.597841 -8.111953 103.500046
v 28.097555 12.457660 102.292236
v 27.499668 -8.111953 103.833183
v 27.244623 12.457660 102.550987
v 26.357611 -8.111953 103.945663
v 26.357611 12.457660 102.638344
v 25.215553 -8.111953 103.833183
v 25.470598 12.457660 102.550987
v 24.117382 -8.111953 103.500046
v 24.617670 12.457660 102.292236
v 23.105301 -8.111953 102.959068
v 23.831610 12.457660 101.872093
v 22.218212 -8.111953 102.231049
v 23.142618 12.457660 101.306648
v 21.490191 -8.111953 101.343964
v 22.577181 12.457660 100.617661
v 20.949223 -8.111953 100.331886
v 22.157024 12.457660 99.831604
v 20.616096 -8.111953 99.233704
v 21.898289 12.457660 98.978661
v 20.616096 12.457660 96.949600
v 20.503614 12.457660 98.091652
v 20.949224 12.457660 95.851418
v 21.490192 12.457660 94.839348
v 22.218214 12.457660 93.952263
v 23.104155 12.466708 93.248421
v 24.112806 12.493647 92.779488
v 25.209152 12.507967 92.484642
v 26.353008 12.493828 92.334366
v 27.498501 12.466870 92.374771
v 28.597845 12.457660 92.683266
v 29.609924 12.457660 93.224236
v 30.497015 12.457660 93.952263
v 31.225035 12.457660 94.839348
v 31.766003 12.457660 95.851418
v 32.099129 12.457660 96.949600
v 32.211613 12.457660 98.091652
v 32.099129 12.457660 99.233704
v 31.766001 12.457660 100.331886
v 31.225033 12.457660 101.343964
v 30.497013 12.457660 102.231049
v 29.609921 12.457660 102.959068
v 28.597841 12.457660 103.500046
v 27.499668 12.457660 103.833183
v 26.357611 12.457660 103.945663
v 25.215553 12.457660 103.833183
v 24.117382 12.457660 103.500046
v 23.105301 12.457660 102.959068
v 22.218212 12.457660 102.231049
v 21.490191 12.457660 101.343964
v 20.949223 12.457660 100.331886
v 20.616096 12.457660 99.233704
v 20.616096 14.898792 96.949600
v 20.503614 14.898792 98.091652
v 22.218214 14.898792 93.952263
v 21.490192 14.898792 94.839348
v 23.105305 14.898792 93.224236
v 26.357000 14.903638 92.250595
v 25.214294 14.908713 92.376656
v 27.499672 14.898792 92.350136
v 30.497015 14.898792 93.952263
v 29.609924 14.898792 93.224236
v 31.225035 14.898792 94.839348
v 32.211613 14.898792 98.091652
v 32.099129 14.898792 96.949600
v 32.099129 14.898792 99.233704
v 30.497013 14.898792 102.231049
v 31.225033 14.898792 101.343964
v 29.609921 14.898792 102.959068
v 26.357611 14.898792 103.945663
v 27.499668 14.898792 103.833183
v 25.215553 14.898792 103.833183
v 22.218212 14.898792 102.231049
v 23.105301 14.898792 102.959068
v 21.490191 14.898792 101.343964
v 20.616096 14.898792 99.233704
v 21.898289 14.898792 97.204643
v 21.810923 14.898792 98.091652
v 23.142620 14.898792 94.876663
v 22.577183 14.898792 95.565643
v 23.831200 14.902044 94.319901
v 26.355543 14.915045 93.588417
v 25.467665 14.921891 93.694069
v 27.244204 14.902118 93.641205
v 29.572607 14.898792 94.876663
v 28.883617 14.898792 94.311226
v 30.138046 14.898792 95.565643
v 30.904301 14.898792 98.091652
v 30.816935 14.898792 97.204643
v 30.816935 14.898792 98.978661
v 29.572605 14.898792 101.306648
v 30.138044 14.898792 100.617661
v 28.883615 14.898792 101.872093
v 26.357611 14.898792 102.638344
v 27.244623 14.898792 102.550987
v 25.470598 14.898792 102.550987
v 23.142618 14.898792 101.306648
v 23.831610 14.898792 101.872093
v 22.577181 14.898792 100.617661
v 21.898289 14.898792 98.978661
v 21.898289 -6.851114 97.204643
v 21.810923 -6.851114 98.091667
v 22.157026 -6.851114 96.351715
v 22.577183 -6.851114 95.565643
v 23.142620 -6.851114 94.876663
v 23.831612 -6.851114 94.311234
v 24.617672 -6.851114 93.891075
v 25.470602 -6.851114 93.632339
v 26.357615 -6.851114 93.544968
v 27.244627 -6.851114 93.632339
v 28.097557 -6.851114 93.891075
v 28.883617 -6.851114 94.311234
v 29.572607 -6.851114 94.876663
v 30.138046 -6.851114 95.565643
v 30.558203 -6.851114 96.351715
v 30.816935 -6.851114 97.204643
v 30.904301 -6.851114 98.091667
v 30.816935 -6.851114 98.978683
v 30.558201 -6.851114 99.831604
v 30.138044 -6.851114 100.617661
v 29.572605 -6.851114 101.306648
v 28.883615 -6.851114 101.872093
v 28.097555 -6.851114 102.292259
v 27.244623 -6.851114 102.550987
v 26.357611 -6.851114 102.638344
v 25.470598 -6.851114 102.550987
v 24.617670 -6.851114 102.292259
v 23.831610 -6.851114 101.872093
v 23.142618 -6.851114 101.306648
v 22.577181 -6.851114 100.617661
v 22.157024 -6.851114 99.831604
v 21.898289 -6.851114 98.978683
v 101.141296 -8.111953 -23.567911
v 102.448608 12.457660 -23.567909
v 101.253777 -8.111953 -24.709969
v 102.535973 12.457660 -24.454922
v 101.586906 -8.111953 -25.808142
v 102.794701 12.457660 -25.307852
v 102.127876 -8.111953 -26.820221
v 103.214859 12.457660 -26.093912
v 102.855888 -8.111953 -27.707310
v 103.780296 12.457660 -26.782902
v 103.742981 -8.111953 -28.435329
v 104.469284 12.457660 -27.348341
v 104.755066 -8.111953 -28.976297
v 105.255356 12.457660 -27.768497
v 105.853241 -8.111953 -29.309423
v 106.108276 12.457660 -28.027231
v 106.995293 -8.111953 -29.421907
v 106.995293 12.457660 -28.114597
v 108.137344 -8.111953 -29.309423
v 107.882309 12.457660 -28.027231
v 109.235519 -8.111953 -28.976295
v 108.735229 12.457660 -27.768496
v 110.247604 -8.111953 -28.435328
v 109.521301 12.457660 -27.348339
v 111.134689 -8.111953 -27.707308
v 110.210289 12.457660 -26.782900
v 111.862709 -8.111953 -26.820217
v 110.775726 12.457660 -26.093910
v 112.403679 -8.111953 -25.808138
v 111.195885 12.457660 -25.307850
v 112.736809 -8.111953 -24.709965
v 111.454613 12.457660 -24.454920
v 112.849289 -8.111953 -23.567907
v 111.541977 12.457660 -23.567907
v 112.736809 -8.111953 -22.425850
v 111.454613 12.457660 -22.680895
v 112.403679 -8.111953 -21.327679
v 111.195885 12.457660 -21.827965
v 111.862709 -8.111953 -20.315599
v 110.775726 12.457660 -21.041906
v 111.134689 -8.111953 -19.428509
v 110.210289 12.457660 -20.352915
v 110.247604 -8.111953 -18.700489
v 109.521301 12.457660 -19.787477
v 109.235519 -8.111953 -18.159519
v 108.735229 12.457660 -19.367321
v 108.137344 -8.111953 -17.826395
v 107.882309 12.457660 -19.108587
v 106.995293 -8.111953 -17.713913
v 106.995293 12.457660 -19.021223
v 105.853241 -8.111953 -17.826395
v 106.108276 12.457660 -19.108587
v 104.755066 -8.111953 -18.159521
v 105.255356 12.457660 -19.367323
v 103.742981 -8.111953 -18.700491
v 104.469284 12.457660 -19.787479
v 102.855888 -8.111953 -19.428511
v 103.780296 12.457660 -20.352917
v 102.127876 -8.111953 -20.315603
v 103.214859 12.457660 -21.041908
v 101.586906 -8.111953 -21.327682
v 102.794701 12.457660 -21.827967
v 101.253777 -8.111953 -22.425854
v 102.535973 12.457660 -22.680897
v 101.253777 12.457660 -24.709969
v 101.141296 12.457660 -23.567911
v 101.586906 12.457660 -25.808142
v 102.127876 12.457660 -26.820221
v 102.855888 12.457660 -27.707310
v 103.742981 12.457660 -28.435329
v 104.755066 12.457660 -28.976297
v 105.853241 12.457660 -29.309423
v 106.995293 12.457660 -29.421907
v 108.137344 12.457660 -29.309423
v 109.235519 12.457660 -28.976295
v 110.247604 12.457660 -28.435328
v 111.134689 12.457660 -27.707308
v 111.862709 12.457660 -26.820217
v 112.403679 12.457660 -25.808138
v 112.736809 12.457660 -24.709965
v 112.849289 12.457660 -23.567907
v 112.736809 12.457660 -22.425850
v 112.403679 12.457660 -21.327679
v 111.862709 12.457660 -20.315599
v 111.134689 12.457660 -19.428509
v 110.247604 12.457660 -18.700489
v 109.235519 12.457660 -18.159519
v 108.137344 12.457660 -17.826395
v 106.995293 12.457660 -17.713913
v 105.853241 12.457660 -17.826395
v 104.755066 12.457660 -18.159521
v 103.742981 12.457660 -18.700491
v 102.855888 12.457660 -19.428511
v 102.127876 12.457660 -20.315603
v 101.586906 12.457660 -21.327682
v 101.253777 12.457660 -22.425854
v 101.253777 14.898792 -24.709969
v 101.141296 14.898792 -23.567911
v 102.855888 14.898792 -27.707310
v 102.127876 14.898792 -26.820221
v 103.742981 14.898792 -28.435329
v 106.995293 14.898792 -29.421907
v 105.853241 14.898792 -29.309423
v 108.137344 14.898792 -29.309423
v 111.134689 14.898792 -27.707308
v 110.247604 14.898792 -28.435328
v 111.862709 14.898792 -26.820217
v 112.849289 14.898792 -23.567907
v 112.736809 14.898792 -24.709965
v 112.736809 14.898792 -22.425850
v 111.134689 14.898792 -19.428509
v 111.862709 14.898792 -20.315599
v 110.247604 14.898792 -18.700489
v 106.995293 14.898792 -17.713913
v 108.137344 14.898792 -17.826395
v 105.853241 14.898792 -17.826395
v 102.855888 14.898792 -19.428511
v 103.742981 14.898792 -18.700491
v 102.127876 14.898792 -20.315603
v 101.253777 14.898792 -22.425854
v 102.535973 14.898792 -24.454922
v 102.448608 14.898792 -23.567909
v 103.780296 14.898792 -26.782902
v 103.214859 14.898792 -26.093912
v 104.469284 14.898792 -27.348341
v 106.995293 14.898792 -28.114597
v 106.108276 14.898792 -28.027231
v 107.882309 14.898792 -28.027231
v 110.210289 14.898792 -26.782900
v 109.521301 14.898792 -27.348339
v 110.775726 14.898792 -26.093910
v 111.541977 14.898792 -23.567907
v 111.454613 14.898792 -24.454920
v 111.454613 14.898792 -22.680895
v 110.210289 14.898792 -20.352915
v 110.775726 14.898792 -21.041906
v 109.521301 14.898792 -19.787477
v 106.995293 14.898792 -19.021223
v 107.882309 14.898792 -19.108587
v 106.108276 14.898792 -19.108587
v 103.780296 14.898792 -20.352917
v 104.469284 14.898792 -19.787479
v 103.214859 14.898792 -21.041908
v 102.535973 14.898792 -22.680897
v 102.535973 -6.851114 -24.454922
v 102.448608 -6.851114 -23.567904
v 102.794701 -6.851114 -25.307846
v 103.214859 -6.851114 -26.093912
v 103.780296 -6.851114 -26.782898
v 104.469284 -6.851114 -27.348335
v 105.255356 -6.851114 -27.768497
v 106.108276 -6.851114 -28.027227
v 106.995293 -6.851114 -28.114592
v 107.882309 -6.851114 -28.027227
v 108.735229 -6.851114 -27.768496
v 109.521301 -6.851114 -27.348333
v 110.210289 -6.851114 -26.782896
v 110.775726 -6.851114 -26.093910
v 111.195885 -6.851114 -25.307844
v 111.454613 -6.851114 -24.454920
v 111.541977 -6.851114 -23.567902
v 111.454613 -6.851114 -22.680891
v 111.195885 -6.851114 -21.827965
v 110.775726 -6.851114 -21.041901
v 110.210289 -6.851114 -20.352915
v 109.521301 -6.851114 -19.787477
v 108.735229 -6.851114 -19.367315
v 107.882309 -6.851114 -19.108587
v 106.995293 -6.851114 -19.021223
v 106.108276 -6.851114 -19.108587
v 105.255356 -6.851114 -19.367317
v 104.469284 -6.851114 -19.787479
v 103.780296 -6.851114 -20.352917
v 103.214859 -6.851114 -21.041903
v 102.794701 -6.851114 -21.827967
v 102.535973 -6.851114 -22.680893
v -126.394348 -8.111953 45.321949
v -125.087036 12.457660 45.321949
v -126.281868 -8.111953 44.179890
v -124.999672 12.457660 44.434937
v -125.948730 -8.111953 43.081718
v -124.740944 12.457660 43.582005
v -125.407776 -8.111953 42.069645
v -124.320786 12.457660 42.795948
v -124.679756 -8.111953 41.182549
v -123.755333 12.457660 42.106956
v -123.792648 -8.111953 40.454529
v -123.066345 12.457660 41.541519
v -122.780579 -8.111953 39.913563
v -122.280289 12.457660 41.121365
v -121.682411 -8.111953 39.580437
v -121.427368 12.457660 40.862629
v -120.540352 -8.111953 39.467957
v -120.540352 12.457660 40.775265
v -119.398285 -8.111953 39.580437
v -119.653336 12.457660 40.862629
v -118.300125 -8.111953 39.913563
v -118.800415 12.457660 41.121365
v -117.288055 -8.111953 40.454533
v -118.014351 12.457660 41.541523
v -116.400948 -8.111953 41.182552
v -117.325371 12.457660 42.106960
v -115.672928 -8.111953 42.069649
v -116.759918 12.457660 42.795952
v -115.131973 -8.111953 43.081722
v -116.339760 12.457660 43.582008
v -114.798836 -8.111953 44.179893
v -116.081032 12.457660 44.434940
v -114.686356 -8.111953 45.321953
v -115.993668 12.457660 45.321953
v -114.798836 -8.111953 46.464012
v -116.081032 12.457660 46.208965
v -115.131973 -8.111953 47.562183
v -116.339760 12.457660 47.061897
v -115.672928 -8.111953 48.574257
v -116.759918 12.457660 47.847954
v -116.400948 -8.111953 49.461353
v -117.325371 12.457660 48.536942
v -117.288055 -8.111953 50.189373
v -118.014351 12.457660 49.102379
v -118.300125 -8.111953 50.730335
v -118.800415 12.457660 49.522541
v -119.398285 -8.111953 51.063461
v -119.653336 12.457660 49.781269
v -120.540352 -8.111953 51.175945
v -120.540352 12.457660 49.868641
v -121.682411 -8.111953 51.063461
v -121.427368 12.457660 49.781269
v -122.780579 -8.111953 50.730335
v -122.280289 12.457660 49.522541
v -123.792648 -8.111953 50.189369
v -123.066345 12.457660 49.102375
v -124.679756 -8.111953 49.461349
v -123.755333 12.457660 48.536938
v -125.407776 -8.111953 48.574253
v -124.320786 12.457660 47.847950
v -125.948730 -8.111953 47.562180
v -124.740944 12.457660 47.061893
v -126.281868 -8.111953 46.464008
v -124.999672 12.457660 46.208961
v -126.281868 12.457660 44.179890
v -126.394348 12.457660 45.321949
v -125.948730 12.457660 43.081718
v -125.407776 12.457660 42.069645
v -124.679756 12.457660 41.182549
v -123.792648 12.457660 40.454529
v -122.780579 12.457660 39.913563
v -121.682411 12.457660 39.580437
v -120.540352 12.457660 39.467957
v -119.398285 12.457660 39.580437
v -118.300125 12.457660 39.913563
v -117.288055 12.457660 40.454533
v -116.400948 12.457660 41.182552
v -115.672928 12.457660 42.069649
v -115.131973 12.457660 43.081722
v -114.798836 12.457660 44.179893
v -114.686356 12.457660 45.321953
v -114.798836 12.457660 46.464012
v -115.131973 12.457660 47.562183
v -115.672928 12.457660 48.574257
v -116.400948 12.457660 49.461353
v -117.288055 12.457660 50.189373
v -118.300125 12.457660 50.730335
v -119.398285 12.457660 51.063461
v -120.540352 12.457660 51.175945
v -121.682411 12.457660 51.063461
v -122.780579 12.457660 50.730335
v -123.792648 12.457660 50.189369
v -124.679756 12.457660 49.461349
v -125.407776 12.457660 48.574253
v -125.948730 12.457660 47.562180
v -126.281868 12.457660 46.464008
v -126.281868 14.898792 44.179890
v -126.394348 14.898792 45.321949
v -124.679756 14.898792 41.182549
v -125.407776 14.898792 42.069645
v -123.792648 14.898792 40.454529
v -120.540352 14.898792 39.467957
v -121.682411 14.898792 39.580437
v -119.398285 14.898792 39.580437
v -116.400948 14.898792 41.182552
v -117.288055 14.898792 40.454533
v -115.672928 14.898792 42.069649
v -114.686356 14.898792 45.321953
v -114.798836 14.898792 44.179893
v -114.798836 14.898792 46.464012
v -116.400948 14.898792 49.461353
v -115.672928 14.898792 48.574257
v -117.288055 14.898792 50.189373
v -120.540352 14.898792 51.175945
v -119.398285 14.898792 51.063461
v -121.682411 14.898792 51.063461
v -124.679756 14.898792 49.461349
v -123.792648 14.898792 50.189369
v -125.407776 14.898792 48.574253
v -126.281868 14.898792 46.464008
v -124.999672 14.898792 44.434937
v -125.087036 14.898792 45.321949
v -123.755333 14.898792 42.106956
v -124.320786 14.898792 42.795948
v -123.066345 14.898792 41.541519
v -120.540352 14.898792 40.775265
v -121.427368 14.898792 40.862629
v -119.653336 14.898792 40.862629
v -117.325371 14.898792 42.106960
v -118.014351 14.898792 41.541523
v -116.759918 14.898792 42.795952
v -115.993668 14.898792 45.321953
v -116.081032 14.898792 44.434940
v -116.081032 14.898792 46.208965
v -117.325371 14.898792 48.536942
v -116.759918 14.898792 47.847954
v -118.014351 14.898792 49.102379
v -120.540352 14.898792 49.868641
v -119.653336 14.898792 49.781269
v -121.427368 14.898792 49.781269
v -123.755333 14.898792 48.536938
v -123.066345 14.898792 49.102375
v -124.320786 14.898792 47.847950
v -124.999672 14.898792 46.208961
v -124.999672 -6.851114 44.434937
v -125.087036 -6.851114 45.321953
v -124.740944 -6.851114 43.582012
v -124.320786 -6.851114 42.795948
v -123.755333 -6.851114 42.106960
v -123.066345 -6.851114 41.541523
v -122.280289 -6.851114 41.121365
v -121.427368 -6.851114 40.862637
v -120.540352 -6.851114 40.775269
v -119.653336 -6.851114 40.862637
v -118.800415 -6.851114 41.121365
v -118.014351 -6.851114 41.541527
v -117.325371 -6.851114 42.106964
v -116.759918 -6.851114 42.795952
v -116.339760 -6.851114 43.582016
v -116.081032 -6.851114 44.434940
v -115.993668 -6.851114 45.321957
v -116.081032 -6.851114 46.208965
v -116.339760 -6.851114 47.061897
v -116.759918 -6.851114 47.847954
v -117.325371 -6.851114 48.536942
v -118.014351 -6.851114 49.102390
v -118.800415 -6.851114 49.522541
v -119.653336 -6.851114 49.781281
v -120.540352 -6.851114 49.868641
v -121.427368 -6.851114 49.781281
v -122.280289 -6.851114 49.522541
v -123.066345 -6.851114 49.102386
v -123.755333 -6.851114 48.536938
v -124.320786 -6.851114 47.847950
v -124.740944 -6.851114 47.061893
v -124.999672 -6.851114 46.208961
v -120.395531 -8.111953 -21.853964
v -119.088219 12.457660 -21.853962
v -120.283051 -8.111953 -22.996023
v -119.000854 12.457660 -22.740976
v -119.949913 -8.111953 -24.094191
v -118.742126 12.457660 -23.593904
v -119.408958 -8.111953 -25.106270
v -118.321968 12.457660 -24.379963
v -118.680939 -8.111953 -25.993361
v -117.756516 12.457660 -25.068954
v -117.793831 -8.111953 -26.721382
v -117.067535 12.457660 -25.634392
v -116.781761 -8.111953 -27.262350
v -116.281471 12.457660 -26.054548
v -115.683601 -8.111953 -27.595476
v -115.428551 12.457660 -26.313284
v -114.541534 -8.111953 -27.707958
v -114.541534 12.457660 -26.400650
v -113.399475 -8.111953 -27.595474
v -113.654518 12.457660 -26.313282
v -112.301308 -8.111953 -27.262348
v -112.801598 12.457660 -26.054546
v -111.289238 -8.111953 -26.721380
v -112.015541 12.457660 -25.634390
v -110.402130 -8.111953 -25.993359
v -111.326553 12.457660 -25.068953
v -109.674110 -8.111953 -25.106268
v -110.761101 12.457660 -24.379961
v -109.133156 -8.111953 -24.094189
v -110.340942 12.457660 -23.593903
v -108.800018 -8.111953 -22.996019
v -110.082214 12.457660 -22.740974
v -108.687538 -8.111953 -21.853960
v -109.994850 12.457660 -21.853960
v -108.800018 -8.111953 -20.711903
v -110.082214 12.457660 -20.966948
v -109.133156 -8.111953 -19.613731
v -110.340942 12.457660 -20.114017
v -109.674110 -8.111953 -18.601652
v -110.761101 12.457660 -19.327959
v -110.402130 -8.111953 -17.714560
v -111.326553 12.457660 -18.638968
v -111.289238 -8.111953 -16.986540
v -112.015541 12.457660 -18.073528
v -112.301308 -8.111953 -16.445570
v -112.801598 12.457660 -17.653372
v -113.399475 -8.111953 -16.112444
v -113.654518 12.457660 -17.394636
v -114.541534 -8.111953 -15.999964
v -114.541534 12.457660 -17.307274
v -115.683601 -8.111953 -16.112446
v -115.428551 12.457660 -17.394638
v -116.781761 -8.111953 -16.445572
v -116.281471 12.457660 -17.653374
v -117.793831 -8.111953 -16.986542
v -117.067535 12.457660 -18.073530
v -118.680939 -8.111953 -17.714561
v -117.756516 12.457660 -18.638969
v -119.408958 -8.111953 -18.601654
v -118.321968 12.457660 -19.327961
v -119.949913 -8.111953 -19.613733
v -118.742126 12.457660 -20.114019
v -120.283051 -8.111953 -20.711906
v -119.000854 12.457660 -20.966949
v -120.283051 12.457660 -22.996023
v -120.395531 12.457660 -21.853964
v -119.949913 12.457660 -24.094191
v -119.408958 12.457660 -25.106270
v -118.680939 12.457660 -25.993361
v -117.793831 12.457660 -26.721382
v -116.781761 12.457660 -27.262350
v -115.683601 12.457660 -27.595476
v -114.541534 12.457660 -27.707958
v -113.399475 12.457660 -27.595474
v -112.301308 12.457660 -27.262348
v -111.289238 12.457660 -26.721380
v -110.402130 12.457660 -25.993359
v -109.674110 12.457660 -25.106268
v -109.133156 12.457660 -24.094189
v -108.800018 12.457660 -22.996019
v -108.687538 12.457660 -21.853960
v -108.800018 12.457660 -20.711903
v -109.133156 12.457660 -19.613731
v -109.674110 12.457660 -18.601652
v -110.402130 12.457660 -17.714560
v -111.289238 12.457660 -16.986540
v -112.301308 12.457660 -16.445570
v -113.399475 12.457660 -16.112444
v -114.541534 12.457660 -15.999964
v -115.683601 12.457660 -16.112446
v -116.781761 12.457660 -16.445572
v -117.793831 12.457660 -16.986542
v -118.680939 12.457660 -17.714561
v -119.408958 12.457660 -18.601654
v -119.949913 12.457660 -19.613733
v -120.283051 12.457660 -20.711906
v -120.283051 14.898792 -22.996023
v -120.395531 14.898792 -21.853964
v -118.680939 14.898792 -25.993361
v -119.408958 14.898792 -25.106270
v -117.793831 14.898792 -26.721382
v -114.541534 14.898792 -27.707958
v -115.683601 14.898792 -27.595476
v -113.399475 14.898792 -27.595474
v -110.402130 14.898792 -25.993359
v -111.289238 14.898792 -26.721380
v -109.674110 14.898792 -25.106268
v -108.687538 14.898792 -21.853960
v -108.800018 14.898792 -22.996019
v -108.800018 14.898792 -20.711903
v -110.402130 14.898792 -17.714560
v -109.674110 14.898792 -18.601652
v -111.289238 14.898792 -16.986540
v -114.541534 14.898792 -15.999964
v -113.399475 14.898792 -16.112444
v -115.683601 14.898792 -16.112446
v -118.680939 14.898792 -17.714561
v -117.793831 14.898792 -16.986542
v -119.408958 14.898792 -18.601654
v -120.283051 14.898792 -20.711906
v -119.000854 14.898792 -22.740976
v -119.088219 14.898792 -21.853962
v -117.756516 14.898792 -25.068954
v -118.321968 14.898792 -24.379963
v -117.067535 14.898792 -25.634392
v -114.541534 14.898792 -26.400650
v -115.428551 14.898792 -26.313284
v -113.654518 14.898792 -26.313282
v -111.326553 14.898792 -25.068953
v -112.015541 14.898792 -25.634390
v -110.761101 14.898792 -24.379961
v -109.994850 14.898792 -21.853960
v -110.082214 14.898792 -22.740974
v -110.082214 14.898792 -20.966948
v -111.326553 14.898792 -18.638968
v -110.761101 14.898792 -19.327959
v -112.015541 14.898792 -18.073528
v -114.541534 14.898792 -17.307274
v -113.654518 14.898792 -17.394636
v -115.428551 14.898792 -17.394638
v -117.756516 14.898792 -18.638969
v -117.067535 14.898792 -18.073530
v -118.321968 14.898792 -19.327961
v -119.000854 14.898792 -20.966949
v -119.000854 -6.851114 -22.740976
v -119.088219 -6.851114 -21.853958
v -118.742126 -6.851114 -23.593899
v -118.321968 -6.851114 -24.379963
v -117.756516 -6.851114 -25.068949
v -117.067535 -6.851114 -25.634386
v -116.281471 -6.851114 -26.054548
v -115.428551 -6.851114 -26.313278
v -114.541534 -6.851114 -26.400644
v -113.654518 -6.851114 -26.313276
v -112.801598 -6.851114 -26.054546
v -112.015541 -6.851114 -25.634384
v -111.326553 -6.851114 -25.068947
v -110.761101 -6.851114 -24.379961
v -110.340942 -6.851114 -23.593897
v -110.082214 -6.851114 -22.740974
v -109.994850 -6.851114 -21.853956
v -110.082214 -6.851114 -20.966942
v -110.340942 -6.851114 -20.114017
v -110.761101 -6.851114 -19.327953
v -111.326553 -6.851114 -18.638968
v -112.015541 -6.851114 -18.073528
v -112.801598 -6.851114 -17.653366
v -113.654518 -6.851114 -17.394636
v -114.541534 -6.851114 -17.307274
v -115.428551 -6.851114 -17.394638
v -116.281471 -6.851114 -17.653368
v -117.067535 -6.851114 -18.073530
v -117.756516 -6.851114 -18.638969
v -118.321968 -6.851114 -19.327955
v -118.742126 -6.851114 -20.114019
v -119.000854 -6.851114 -20.966944
v -115.464767 -9.988456 92.866852
v -113.918938 14.334155 92.866852
v -115.331764 -9.988456 91.516426
v -113.815628 14.334155 91.817993
v -114.937866 -9.988456 90.217888
v -113.509689 14.334155 90.809448
v -114.298187 -9.988456 89.021156
v -113.012863 14.334155 89.879967
v -113.437340 -9.988456 87.972198
v -112.344269 14.334155 89.065269
v -112.388397 -9.988456 87.111359
v -111.529579 14.334155 88.396675
v -111.191666 -9.988456 86.471687
v -110.600090 14.334155 87.899849
v -109.893127 -9.988456 86.077774
v -109.591545 14.334155 87.593910
v -108.542694 -9.988456 85.944771
v -108.542694 14.334155 87.490608
v -107.192253 -9.988456 86.077774
v -107.493835 14.334155 87.593910
v -105.893715 -9.988456 86.471687
v -106.485291 14.334155 87.899849
v -104.696983 -9.988456 87.111366
v -105.555801 14.334155 88.396675
v -103.648041 -9.988456 87.972206
v -104.741112 14.334155 89.065277
v -102.787193 -9.988456 89.021164
v -104.072517 14.334155 89.879974
v -102.147522 -9.988456 90.217896
v -103.575691 14.334155 90.809456
v -101.753616 -9.988456 91.516434
v -103.269753 14.334155 91.818001
v -101.620613 -9.988456 92.866859
v -103.166451 14.334155 92.866859
v -101.753616 -9.988456 94.217293
v -103.269753 14.334155 93.915710
v -102.147522 -9.988456 95.515823
v -103.575691 14.334155 94.924255
v -102.787193 -9.988456 96.712563
v -104.072517 14.334155 95.853737
v -103.648041 -9.988456 97.761505
v -104.741112 14.334155 96.668434
v -104.696983 -9.988456 98.622353
v -105.555801 14.334155 97.337029
v -105.893715 -9.988456 99.262024
v -106.485291 14.334155 97.833847
v -107.192253 -9.988456 99.655922
v -107.493835 14.334155 98.139786
v -108.542694 -9.988456 99.788925
v -108.542694 14.334155 98.243095
v -109.893127 -9.988456 99.655922
v -109.591545 14.334155 98.139786
v -111.191666 -9.988456 99.262024
v -110.600090 14.334155 97.833847
v -112.388397 -9.988456 98.622345
v -111.529579 14.334155 97.337029
v -113.437340 -9.988456 97.761497
v -112.344269 14.334155 96.668427
v -114.298187 -9.988456 96.712555
v -113.012863 14.334155 95.853729
v -114.937866 -9.988456 95.515816
v -113.509689 14.334155 94.924248
v -115.331764 -9.988456 94.217285
v -113.815628 14.334155 93.915703
v -115.331764 14.334155 91.516426
v -115.464767 14.334155 92.866852
v -114.937866 14.334155 90.217888
v -114.298187 14.334155 89.021156
v -113.437340 14.334155 87.972198
v -112.388397 14.334155 87.111359
v -111.191666 14.334155 86.471687
v -109.893127 14.334155 86.077774
v -108.542694 14.334155 85.944771
v -107.192253 14.334155 86.077774
v -105.893715 14.334155 86.471687
v -104.696983 14.334155 87.111366
v -103.648041 14.334155 87.972206
v -102.787193 14.334155 89.021164
v -102.147522 14.334155 90.217896
v -101.753616 14.334155 91.516434
v -101.620613 14.334155 92.866859
v -101.753616 14.334155 94.217293
v -102.147522 14.334155 95.515823
v -102.787193 14.334155 96.712563
v -103.648041 14.334155 97.761505
v -104.696983 14.334155 98.622353
v -105.893715 14.334155 99.262024
v -107.192253 14.334155 99.655922
v -108.542694 14.334155 99.788925
v -109.893127 14.334155 99.655922
v -111.191666 14.334155 99.262024
v -112.388397 14.334155 98.622345
v -113.437340 14.334155 97.761497
v -114.298187 14.334155 96.712555
v -114.937866 14.334155 95.515816
v -115.331764 14.334155 94.217285
v -115.331764 17.220695 91.516426
v -115.464767 17.220695 92.866852
v -113.437340 17.220695 87.972198
v -114.298187 17.220695 89.021156
v -112.388397 17.220695 87.111359
v -108.542694 17.220695 85.944771
v -109.893127 17.220695 86.077774
v -107.192253 17.220695 86.077774
v -103.648041 17.220695 87.972206
v -104.696983 17.220695 87.111366
v -102.787193 17.220695 89.021164
v -101.620613 17.220695 92.866859
v -101.753616 17.220695 91.516434
v -101.753616 17.220695 94.217293
v -103.648041 17.220695 97.761505
v -102.787193 17.220695 96.712563
v -104.696983 17.220695 98.622353
v -108.542694 17.220695 99.788925
v -107.192253 17.220695 99.655922
v -109.893127 17.220695 99.655922
v -113.437340 17.220695 97.761497
v -112.388397 17.220695 98.622345
v -114.298187 17.220695 96.712555
v -115.331764 17.220695 94.217285
v -113.815628 17.220695 91.817993
v -113.918938 17.220695 92.866852
v -112.344269 17.220695 89.065269
v -113.012863 17.220695 89.879967
v -111.529579 17.220695 88.396675
v -108.542694 17.220695 87.490608
v -109.591545 17.220695 87.593910
v -107.493835 17.220695 87.593910
v -104.741112 17.220695 89.065277
v -105.555801 17.220695 88.396675
v -104.072517 17.220695 89.879974
v -103.166451 17.220695 92.866859
v -103.269753 17.220695 91.818001
v -103.269753 17.220695 93.915710
v -104.741112 17.220695 96.668434
v -104.072517 17.220695 95.853737
v -105.555801 17.220695 97.337029
v -108.542694 17.220695 98.243095
v -107.493835 17.220695 98.139786
v -109.591545 17.220695 98.139786
v -112.344269 17.220695 96.668427
v -111.529579 17.220695 97.337029
v -113.012863 17.220695 95.853729
v -113.815628 17.220695 93.915703
v -113.815628 -8.497568 91.818008
v -113.918938 -8.497568 92.866859
v -113.509689 -8.497568 90.809448
v -113.012863 -8.497568 89.879967
v -112.344269 -8.497568 89.065285
v -111.529579 -8.497568 88.396675
v -110.600090 -8.497568 87.899857
v -109.591545 -8.497568 87.593910
v -108.542694 -8.497568 87.490608
v -107.493835 -8.497568 87.593910
v -106.485291 -8.497568 87.899857
v -105.555801 -8.497568 88.396675
v -104.741112 -8.497568 89.065292
v -104.072517 -8.497568 89.879974
v -103.575691 -8.497568 90.809456
v -103.269753 -8.497568 91.818016
v -103.166451 -8.497568 92.866867
v -103.269753 -8.497568 93.915710
v -103.575691 -8.497568 94.924255
v -104.072517 -8.497568 95.853745
v -104.741112 -8.497568 96.668434
v -105.555801 -8.497568 97.337036
v -106.485291 -8.497568 97.833847
v -107.493835 -8.497568 98.139786
v -108.542694 -8.497568 98.243095
v -109.591545 -8.497568 98.139786
v -110.600090 -8.497568 97.833847
v -111.529579 -8.497568 97.337036
v -112.344269 -8.497568 96.668427
v -113.012863 -8.497568 95.853737
v -113.509689 -8.497568 94.924248
v -113.815628 -8.497568 93.915703
v 65.132744 -9.988456 90.295937
v 66.678581 14.334155 90.295937
v 65.265747 -9.988456 88.945511
v 66.781876 14.334155 89.247086
v 65.659653 -9.988456 87.646973
v 67.087822 14.334155 88.238541
v 66.299324 -9.988456 86.450241
v 67.584641 14.334155 87.309059
v 67.160172 -9.988456 85.401291
v 68.253242 14.334155 86.494362
v 68.209122 -9.988456 84.540443
v 69.067940 14.334155 85.825760
v 69.405861 -9.988456 83.900780
v 69.997421 14.334155 85.328934
v 70.704391 -9.988456 83.506866
v 71.005966 14.334155 85.023003
v 72.054825 -9.988456 83.373863
v 72.054825 14.334155 84.919693
v 73.405251 -9.988456 83.506866
v 73.103676 14.334155 85.023003
v 74.703789 -9.988456 83.900780
v 74.112228 14.334155 85.328934
v 75.900520 -9.988456 84.540443
v 75.041702 14.334155 85.825760
v 76.949471 -9.988456 85.401291
v 75.856400 14.334155 86.494362
v 77.810326 -9.988456 86.450241
v 76.525002 14.334155 87.309059
v 78.449989 -9.988456 87.646973
v 77.021820 14.334155 88.238541
v 78.843895 -9.988456 88.945511
v 77.327766 14.334155 89.247086
v 78.976898 -9.988456 90.295937
v 77.431068 14.334155 90.295937
v 78.843895 -9.988456 91.646378
v 77.327766 14.334155 91.344788
v 78.449989 -9.988456 92.944901
v 77.021820 14.334155 92.353340
v 77.810326 -9.988456 94.141647
v 76.525002 14.334155 93.282822
v 76.949471 -9.988456 95.190582
v 75.856400 14.334155 94.097519
v 75.900520 -9.988456 96.051430
v 75.041702 14.334155 94.766113
v 74.703789 -9.988456 96.691109
v 74.112228 14.334155 95.262939
v 73.405251 -9.988456 97.085014
v 73.103676 14.334155 95.568878
v 72.054825 -9.988456 97.218018
v 72.054825 14.334155 95.672180
v 70.704391 -9.988456 97.085014
v 71.005966 14.334155 95.568878
v 69.405861 -9.988456 96.691109
v 69.997421 14.334155 95.262939
v 68.209122 -9.988456 96.051430
v 69.067940 14.334155 94.766113
v 67.160172 -9.988456 95.190582
v 68.253242 14.334155 94.097519
v 66.299324 -9.988456 94.141647
v 67.584641 14.334155 93.282822
v 65.659653 -9.988456 92.944901
v 67.087822 14.334155 92.353340
v 65.265747 -9.988456 91.646378
v 66.781876 14.334155 91.344788
v 65.265747 14.334155 88.945511
v 65.132744 14.334155 90.295937
v 65.659653 14.334155 87.646973
v 66.299324 14.334155 86.450241
v 67.160172 14.334155 85.401291
v 68.209122 14.334155 84.540443
v 69.405861 14.334155 83.900780
v 70.704391 14.334155 83.506866
v 72.054825 14.334155 83.373863
v 73.405251 14.334155 83.506866
v 74.703789 14.334155 83.900780
v 75.900520 14.334155 84.540443
v 76.949471 14.334155 85.401291
v 77.810326 14.334155 86.450241
v 78.449989 14.334155 87.646973
v 78.843895 14.334155 88.945511
v 78.976898 14.334155 90.295937
v 78.843895 14.334155 91.646378
v 78.449989 14.334155 92.944901
v 77.810326 14.334155 94.141647
v 76.949471 14.334155 95.190582
v 75.900520 14.334155 96.051430
v 74.703789 14.334155 96.691109
v 73.405251 14.334155 97.085014
v 72.054825 14.334155 97.218018
v 70.704391 14.334155 97.085014
v 69.405861 14.334155 96.691109
v 68.209122 14.334155 96.051430
v 67.160172 14.334155 95.190582
v 66.299324 14.334155 94.141647
v 65.659653 14.334155 92.944901
v 65.265747 14.334155 91.646378
v 65.265747 17.220695 88.945511
v 65.132744 17.220695 90.295937
v 67.160172 17.220695 85.401291
v 66.299324 17.220695 86.450241
v 68.209122 17.220695 84.540443
v 72.054825 17.220695 83.373863
v 70.704391 17.220695 83.506866
v 73.405251 17.220695 83.506866
v 76.949471 17.220695 85.401291
v 75.900520 17.220695 84.540443
v 77.810326 17.220695 86.450241
v 78.976898 17.220695 90.295937
v 78.843895 17.220695 88.945511
v 78.843895 17.220695 91.646378
v 76.949471 17.220695 95.190582
v 77.810326 17.220695 94.141647
v 75.900520 17.220695 96.051430
v 72.054825 17.220695 97.218018
v 73.405251 17.220695 97.085014
v 70.704391 17.220695 97.085014
v 67.160172 17.220695 95.190582
v 68.209122 17.220695 96.051430
v 66.299324 17.220695 94.141647
v 65.265747 17.220695 91.646378
v 66.781876 17.220695 89.247086
v 66.678581 17.220695 90.295937
v 68.253242 17.220695 86.494362
v 67.584641 17.220695 87.309059
v 69.067940 17.220695 85.825760
v 72.054825 17.220695 84.919693
v 71.005966 17.220695 85.023003
v 73.103676 17.220695 85.023003
v 75.856400 17.220695 86.494362
v 75.041702 17.220695 85.825760
v 76.525002 17.220695 87.309059
v 77.431068 17.220695 90.295937
v 77.327766 17.220695 89.247086
v 77.327766 17.220695 91.344788
v 75.856400 17.220695 94.097519
v 76.525002 17.220695 93.282822
v 75.041702 17.220695 94.766113
v 72.054825 17.220695 95.672180
v 73.103676 17.220695 95.568878
v 71.005966 17.220695 95.568878
v 68.253242 17.220695 94.097519
v 69.067940 17.220695 94.766113
v 67.584641 17.220695 93.282822
v 66.781876 17.220695 91.344788
v 66.781876 -8.497568 89.247093
v 66.678581 -8.497568 90.295952
v 67.087822 -8.497568 88.238541
v 67.584641 -8.497568 87.309059
v 68.253242 -8.497568 86.494370
v 69.067940 -8.497568 85.825760
v 69.997421 -8.497568 85.328949
v 71.005966 -8.497568 85.023003
v 72.054825 -8.497568 84.919693
v 73.103676 -8.497568 85.023003
v 74.112228 -8.497568 85.328949
v 75.041702 -8.497568 85.825760
v 75.856400 -8.497568 86.494370
v 76.525002 -8.497568 87.309059
v 77.021820 -8.497568 88.238541
v 77.327766 -8.497568 89.247093
v 77.431068 -8.497568 90.295952
v 77.327766 -8.497568 91.344803
v 77.021820 -8.497568 92.353348
v 76.525002 -8.497568 93.282829
v 75.856400 -8.497568 94.097519
v 75.041702 -8.497568 94.766129
v 74.112228 -8.497568 95.262939
v 73.103676 -8.497568 95.568878
v 72.054825 -8.497568 95.672180
v 71.005966 -8.497568 95.568878
v 69.997421 -8.497568 95.262939
v 69.067940 -8.497568 94.766129
v 68.253242 -8.497568 94.097519
v 67.584641 -8.497568 93.282829
v 67.087822 -8.497568 92.353348
v 66.781876 -8.497568 91.344803
v -104.752518 -9.988456 -78.857811
v -103.206680 14.334155 -78.857811
v -104.619507 -9.988456 -80.208237
v -103.103378 14.334155 -79.906670
v -104.225609 -9.988456 -81.506775
v -102.797440 14.334155 -80.915215
v -103.585922 -9.988456 -82.703522
v -102.300613 14.334155 -81.844696
v -102.725075 -9.988456 -83.752464
v -101.632011 14.334155 -82.659393
v -101.676132 -9.988456 -84.613304
v -100.817322 14.334155 -83.328003
v -100.479408 -9.988456 -85.252983
v -99.887825 14.334155 -83.824814
v -99.180862 -9.988456 -85.646889
v -98.879280 14.334155 -84.130753
v -97.830429 -9.988456 -85.779892
v -97.830429 14.334155 -84.234055
v -96.479996 -9.988456 -85.646889
v -96.781578 14.334155 -84.130753
v -95.181458 -9.988456 -85.252983
v -95.773033 14.334155 -83.824814
v -93.984726 -9.988456 -84.613304
v -94.843536 14.334155 -83.328003
v -92.935776 -9.988456 -83.752464
v -94.028854 14.334155 -82.659393
v -92.074928 -9.988456 -82.703522
v -93.360252 14.334155 -81.844696
v -91.435257 -9.988456 -81.506775
v -92.863434 14.334155 -80.915215
v -91.041359 -9.988456 -80.208237
v -92.557495 14.334155 -79.906670
v -90.908356 -9.988456 -78.857811
v -92.454185 14.334155 -78.857811
v -91.041359 -9.988456 -77.507385
v -92.557495 14.334155 -77.808960
v -91.435257 -9.988456 -76.208847
v -92.863434 14.334155 -76.800415
v -92.074936 -9.988456 -75.012108
v -93.360252 14.334155 -75.870934
v -92.935783 -9.988456 -73.963165
v -94.028862 14.334155 -75.056236
v -93.984734 -9.988456 -73.102318
v -94.843544 14.334155 -74.387627
v -95.181465 -9.988456 -72.462639
v -95.773041 14.334155 -73.890816
v -96.480003 -9.988456 -72.068741
v -96.781586 14.334155 -73.584877
v -97.830437 -9.988456 -71.935738
v -97.830437 14.334155 -73.481567
v -99.180870 -9.988456 -72.068741
v -98.879288 14.334155 -73.584877
v -100.479416 -9.988456 -72.462639
v -99.887833 14.334155 -73.890816
v -101.676140 -9.988456 -73.102318
v -100.817329 14.334155 -74.387627
v -102.725082 -9.988456 -73.963165
v -101.632019 14.334155 -75.056236
v -103.585930 -9.988456 -75.012108
v -102.300613 14.334155 -75.870934
v -104.225609 -9.988456 -76.208847
v -102.797440 14.334155 -76.800415
v -104.619507 -9.988456 -77.507385
v -103.103378 14.334155 -77.808960
v -104.619507 14.334155 -80.208237
v -104.752518 14.334155 -78.857811
v -104.225609 14.334155 -81.506775
v -103.585922 14.334155 -82.703522
v -102.725075 14.334155 -83.752464
v -101.676132 14.334155 -84.613304
v -100.479408 14.334155 -85.252983
v -99.180862 14.334155 -85.646889
v -97.830429 14.334155 -85.779892
v -96.479996 14.334155 -85.646889
v -95.181458 14.334155 -85.252983
v -93.984726 14.334155 -84.613304
v -92.935776 14.334155 -83.752464
v -92.074928 14.334155 -82.703522
v -91.435257 14.334155 -81.506775
v -91.041359 14.334155 -80.208237
v -90.908356 14.334155 -78.857811
v -91.041359 14.334155 -77.507385
v -91.435257 14.334155 -76.208847
v -92.074936 14.334155 -75.012108
v -92.935783 14.334155 -73.963165
v -93.984734 14.334155 -73.102318
v -95.181465 14.334155 -72.462639
v -96.480003 14.334155 -72.068741
v -97.830437 14.334155 -71.935738
v -99.180870 14.334155 -72.068741
v -100.479416 14.334155 -72.462639
v -101.676140 14.334155 -73.102318
v -102.725082 14.334155 -73.963165
v -103.585930 14.334155 -75.012108
v -104.225609 14.334155 -76.208847
v -104.619507 14.334155 -77.507385
v -104.619507 17.220695 -80.208237
v -104.752518 17.220695 -78.857811
v -102.725075 17.220695 -83.752464
v -103.585922 17.220695 -82.703522
v -101.676132 17.220695 -84.613304
v -97.830429 17.220695 -85.779892
v -99.180862 17.220695 -85.646889
v -96.479996 17.220695 -85.646889
v -92.935776 17.220695 -83.752464
v -93.984726 17.220695 -84.613304
v -92.074928 17.220695 -82.703522
v -90.908356 17.220695 -78.857811
v -91.041359 17.220695 -80.208237
v -91.041359 17.220695 -77.507385
v -92.935783 17.220695 -73.963165
v -92.074936 17.220695 -75.012108
v -93.984734 17.220695 -73.102318
v -97.830437 17.220695 -71.935738
v -96.480003 17.220695 -72.068741
v -99.180870 17.220695 -72.068741
v -102.725082 17.220695 -73.963165
v -101.676140 17.220695 -73.102318
v -103.585930 17.220695 -75.012108
v -104.619507 17.220695 -77.507385
v -103.103378 17.220695 -79.906670
v -103.206680 17.220695 -78.857811
v -101.632011 17.220695 -82.659393
v -102.300613 17.220695 -81.844696
v -100.817322 17.220695 -83.328003
v -97.830429 17.220695 -84.234055
v -98.879280 17.220695 -84.130753
v -96.781578 17.220695 -84.130753
v -94.028854 17.220695 -82.659393
v -94.843536 17.220695 -83.328003
v -93.360252 17.220695 -81.844696
v -92.454185 17.220695 -78.857811
v -92.557495 17.220695 -79.906670
v -92.557495 17.220695 -77.808960
v -94.028862 17.220695 -75.056236
v -93.360252 17.220695 -75.870934
v -94.843544 17.220695 -74.387627
v -97.830437 17.220695 -73.481567
v -96.781586 17.220695 -73.584877
v -98.879288 17.220695 -73.584877
v -101.632019 17.220695 -75.056236
v -100.817329 17.220695 -74.387627
v -102.300613 17.220695 -75.870934
v -103.103378 17.220695 -77.808960
v -103.103378 -8.497568 -79.906670
v -103.206680 -8.497568 -78.857811
v -102.797440 -8.497568 -80.915215
v -102.300613 -8.497568 -81.844696
v -101.632011 -8.497568 -82.659393
v -100.817322 -8.497568 -83.327988
v -99.887825 -8.497568 -83.824814
v -98.879280 -8.497568 -84.130753
v -97.830429 -8.497568 -84.234055
v -96.781578 -8.497568 -84.130753
v -95.773033 -8.497568 -83.824814
v -94.843536 -8.497568 -83.327988
v -94.028854 -8.497568 -82.659393
v -93.360252 -8.497568 -81.844696
v -92.863434 -8.497568 -80.915215
v -92.557495 -8.497568 -79.906670
v -92.454185 -8.497568 -78.857811
v -92.557495 -8.497568 -77.808960
v -92.863434 -8.497568 -76.800415
v -93.360252 -8.497568 -75.870934
v -94.028862 -8.497568 -75.056236
v -94.843544 -8.497568 -74.387627
v -95.773041 -8.497568 -73.890816
v -96.781586 -8.497568 -73.584877
v -97.830437 -8.497568 -73.481567
v -98.879288 -8.497568 -73.584877
v -99.887833 -8.497568 -73.890816
v -100.817329 -8.497568 -74.387627
v -101.632019 -8.497568 -75.056236
v -102.300613 -8.497568 -75.870934
v -102.797440 -8.497568 -76.800415
v -103.103378 -8.497568 -77.808960
v 74.131027 -9.988456 -89.165344
v 75.676857 14.334155 -89.165344
v 74.264030 -9.988456 -90.515762
v 75.780159 14.334155 -90.214195
v 74.657936 -9.988456 -91.814301
v 76.086098 14.334155 -91.222740
v 75.297600 -9.988456 -93.011047
v 76.582916 14.334155 -92.152222
v 76.158455 -9.988456 -94.059990
v 77.251526 14.334155 -92.966919
v 77.207405 -9.988456 -94.920845
v 78.066223 14.334155 -93.635529
v 78.404137 -9.988456 -95.560524
v 78.995705 14.334155 -94.132339
v 79.702667 -9.988456 -95.954422
v 80.004250 14.334155 -94.438293
v 81.053101 -9.988456 -96.087433
v 81.053101 14.334155 -94.541595
v 82.403534 -9.988456 -95.954414
v 82.101952 14.334155 -94.438286
v 83.702065 -9.988456 -95.560516
v 83.110497 14.334155 -94.132332
v 84.898804 -9.988456 -94.920837
v 84.039978 14.334155 -93.635521
v 85.947746 -9.988456 -94.059982
v 84.854675 14.334155 -92.966911
v 86.808586 -9.988456 -93.011040
v 85.523285 14.334155 -92.152214
v 87.448265 -9.988456 -91.814293
v 86.020096 14.334155 -91.222733
v 87.842171 -9.988456 -90.515755
v 86.326035 14.334155 -90.214188
v 87.975174 -9.988456 -89.165337
v 86.429337 14.334155 -89.165337
v 87.842171 -9.988456 -87.814911
v 86.326035 14.334155 -88.116478
v 87.448265 -9.988456 -86.516373
v 86.020096 14.334155 -87.107933
v 86.808586 -9.988456 -85.319626
v 85.523285 14.334155 -86.178452
v 85.947746 -9.988456 -84.270683
v 84.854675 14.334155 -85.363754
v 84.898804 -9.988456 -83.409836
v 84.039978 14.334155 -84.695145
v 83.702065 -9.988456 -82.770164
v 83.110497 14.334155 -84.198334
v 82.403534 -9.988456 -82.376259
v 82.101952 14.334155 -83.892395
v 81.053101 -9.988456 -82.243263
v 81.053101 14.334155 -83.789101
v 79.702667 -9.988456 -82.376266
v 80.004250 14.334155 -83.892403
v 78.404137 -9.988456 -82.770172
v 78.995705 14.334155 -84.198341
v 77.207405 -9.988456 -83.409843
v 78.066223 14.334155 -84.695152
v 76.158455 -9.988456 -84.270691
v 77.251526 14.334155 -85.363762
v 75.297600 -9.988456 -85.319633
v 76.582916 14.334155 -86.178459
v 74.657936 -9.988456 -86.516380
v 76.086098 14.334155 -87.107941
v 74.264030 -9.988456 -87.814919
v 75.780159 14.334155 -88.116486
v 74.264030 14.334155 -90.515762
v 74.131027 14.334155 -89.165344
v 74.657936 14.334155 -91.814301
v 75.297600 14.334155 -93.011047
v 76.158455 14.334155 -94.059990
v 77.207405 14.334155 -94.920845
v 78.404137 14.334155 -95.560524
v 79.702667 14.334155 -95.954422
v 81.053101 14.334155 -96.087433
v 82.403534 14.334155 -95.954414
v 83.702065 14.334155 -95.560516
v 84.898804 14.334155 -94.920837
v 85.947746 14.334155 -94.059982
v 86.808586 14.334155 -93.011040
v 87.448265 14.334155 -91.814293
v 87.842171 14.334155 -90.515755
v 87.975174 14.334155 -89.165337
v 87.842171 14.334155 -87.814911
v 87.448265 14.334155 -86.516373
v 86.808586 14.334155 -85.319626
v 85.947746 14.334155 -84.270683
v 84.898804 14.334155 -83.409836
v 83.702065 14.334155 -82.770164
v 82.403534 14.334155 -82.376259
v 81.053101 14.334155 -82.243263
v 79.702667 14.334155 -82.376266
v 78.404137 14.334155 -82.770172
v 77.207405 14.334155 -83.409843
v 76.158455 14.334155 -84.270691
v 75.297600 14.334155 -85.319633
v 74.657936 14.334155 -86.516380
v 74.264030 14.334155 -87.814919
v 74.264030 17.220695 -90.515762
v 74.131027 17.220695 -89.165344
v 76.158455 17.220695 -94.059990
v 75.297600 17.220695 -93.011047
v 77.207405 17.220695 -94.920845
v 81.053101 17.220695 -96.087433
v 79.702667 17.220695 -95.954422
v 82.403534 17.220695 -95.954414
v 85.947746 17.220695 -94.059982
v 84.898804 17.220695 -94.920837
v 86.808586 17.220695 -93.011040
v 87.975174 17.220695 -89.165337
v 87.842171 17.220695 -90.515755
v 87.842171 17.220695 -87.814911
v 85.947746 17.220695 -84.270683
v 86.808586 17.220695 -85.319626
v 84.898804 17.220695 -83.409836
v 81.053101 17.220695 -82.243263
v 82.403534 17.220695 -82.376259
v 79.702667 17.220695 -82.376266
v 76.158455 17.220695 -84.270691
v 77.207405 17.220695 -83.409843
v 75.297600 17.220695 -85.319633
v 74.264030 17.220695 -87.814919
v 75.780159 17.220695 -90.214195
v 75.676857 17.220695 -89.165344
v 77.251526 17.220695 -92.966919
v 76.582916 17.220695 -92.152222
v 78.066223 17.220695 -93.635529
v 81.053101 17.220695 -94.541595
v 80.004250 17.220695 -94.438293
v 82.101952 17.220695 -94.438286
v 84.854675 17.220695 -92.966911
v 84.039978 17.220695 -93.635521
v 85.523285 17.220695 -92.152214
v 86.429337 17.220695 -89.165337
v 86.326035 17.220695 -90.214188
v 86.326035 17.220695 -88.116478
v 84.854675 17.220695 -85.363754
v 85.523285 17.220695 -86.178452
v 84.039978 17.220695 -84.695145
v 81.053101 17.220695 -83.789101
v 82.101952 17.220695 -83.892395
v 80.004250 17.220695 -83.892403
v 77.251526 17.220695 -85.363762
v 78.066223 17.220695 -84.695152
v 76.582916 17.220695 -86.178459
v 75.780159 17.220695 -88.116486
v 75.780159 -8.497568 -90.214195
v 75.676857 -8.497568 -89.165344
v 76.086098 -8.497568 -91.222740
v 76.582916 -8.497568 -92.152222
v 77.251526 -8.497568 -92.966919
v 78.066223 -8.497568 -93.635513
v 78.995705 -8.497568 -94.132339
v 80.004250 -8.497568 -94.438293
v 81.053101 -8.497568 -94.541595
v 82.101952 -8.497568 -94.438286
v 83.110497 -8.497568 -94.132332
v 84.039978 -8.497568 -93.635506
v 84.854675 -8.497568 -92.966911
v 85.523285 -8.497568 -92.152214
v 86.020096 -8.497568 -91.222733
v 86.326035 -8.497568 -90.214188
v 86.429337 -8.497568 -89.165337
v 86.326035 -8.497568 -88.116478
v 86.020096 -8.497568 -87.107933
v 85.523285 -8.497568 -86.178452
v 84.854675 -8.497568 -85.363754
v 84.039978 -8.497568 -84.695145
v 83.110497 -8.497568 -84.198334
v 82.101952 -8.497568 -83.892395
v 81.053101 -8.497568 -83.789101
v 80.004250 -8.497568 -83.892403
v 78.995705 -8.497568 -84.198341
v 78.066223 -8.497568 -84.695152
v 77.251526 -8.497568 -85.363762
v 76.582916 -8.497568 -86.178459
v 76.086098 -8.497568 -87.107941
v 75.780159 -8.497568 -88.116486
vn -0.9952 -0.0000 -0.0980
vn -0.9569 -0.0000 -0.2903
vn -0.8819 -0.0000 -0.4714
vn -0.7730 -0.0000 -0.6344
vn -0.6344 -0.0000 -0.7730
vn -0.4714 -0.0000 -0.8819
vn -0.2903 -0.0000 -0.9569
vn -0.0980 -0.0000 -0.9952
vn 0.0980 -0.0000 -0.9952
vn 0.2903 -0.0000 -0.9569
vn 0.4714 -0.0000 -0.8819
vn 0.6344 -0.0000 -0.7730
vn 0.7730 -0.0000 -0.6344
vn 0.8819 -0.0000 -0.4714
vn 0.9569 -0.0000 -0.2903
vn 0.9952 -0.0000 -0.0980
vn 0.9952 -0.0000 0.0980
vn 0.9569 -0.0000 0.2903
vn 0.8819 -0.0000 0.4714
vn 0.7730 -0.0000 0.6344
vn 0.6344 -0.0000 0.7730
vn 0.4714 -0.0000 0.8819
vn 0.2903 -0.0000 0.9569
vn 0.0980 -0.0000 0.9952
vn -0.0980 -0.0000 0.9952
vn -0.2903 -0.0000 0.9569
vn -0.4714 -0.0000 0.8819
vn -0.6344 -0.0000 0.7730
vn -0.7730 -0.0000 0.6344
vn -0.8819 -0.0000 0.4714
vn -0.9569 -0.0000 0.2903
vn -0.9952 -0.0000 0.0980
vn -0.0000 -1.0000 -0.0000
vn -0.0000 1.0000 -0.0000
vn 0.1951 -0.0000 -0.9808
vn 0.8315 -0.0000 0.5556
vn 0.5556 -0.0000 0.8315
vn -0.9808 -0.0000 -0.1951
vn -0.8315 -0.0000 -0.5556
vn -0.1951 -0.0000 -0.9808
vn -0.5556 -0.0000 -0.8315
vn -0.5556 -0.0000 0.8315
vn -0.1951 -0.0000 0.9808
vn 0.1951 -0.0000 0.9808
vn 0.8315 -0.0000 -0.5556
vn 0.5556 -0.0000 -0.8315
vn -0.9808 -0.0000 0.1951
vn -0.8315 -0.0000 0.5556
vn 0.9808 -0.0000 0.1951
vn 0.9808 -0.0000 -0.1951
vn -0.6283 0.0004 -0.7780
vn -0.4471 0.0026 -0.8945
vn -0.2751 0.0053 -0.9614
vn -0.1141 0.0055 -0.9934
vn 0.0667 0.0029 -0.9978
vn 0.2803 0.0006 -0.9599
vn -0.0359 0.9993 -0.0033
vn -0.0204 0.9996 -0.0175
vn 0.0199 0.9998 -0.0042
vn 0.0022 1.0000 -0.0004
vn 0.6065 0.0132 0.7950
vn 0.7710 0.0012 0.6369
vn -0.0020 1.0000 -0.0000
vn 0.0048 0.9999 -0.0097
vn 0.0091 0.9999 -0.0047
vn 0.1326 0.0600 0.9894
vn -0.1202 -0.0393 -0.9920
vn -0.0253 0.0432 0.9987
vn 0.8397 -0.0118 -0.5429
vn 0.0607 -0.0224 -0.9979
vn -0.6283 -0.0037 -0.7780
vn -0.9828 0.0129 0.1844
vn 0.9815 0.0030 0.1914
vn 0.7710 -0.0001 0.6369
vn 0.6098 -0.0018 0.7926
vn 0.4304 -0.0059 0.9026
vn 0.2677 -0.0097 0.9635
vn 0.1220 -0.0101 0.9925
vn -0.0461 -0.0067 0.9989
vn -0.2513 -0.0024 0.9679
vn -0.4670 -0.0002 0.8843
vt 0.759660 0.502403
vt 0.759660 0.762063
vt 0.743431 0.762063
vt 0.743431 0.502403
vt 0.727202 0.762063
vt 0.727202 0.502403
vt 0.710974 0.762063
vt 0.710974 0.502403
vt 0.694745 0.762063
vt 0.694745 0.502403
vt 0.678516 0.762063
vt 0.678516 0.502403
vt 0.662287 0.762063
vt 0.662287 0.502403
vt 0.646059 0.762063
vt 0.646059 0.502403
vt 0.629830 0.762063
vt 0.629830 0.502403
vt 0.613601 0.762063
vt 0.613601 0.502403
vt 0.597372 0.762063
vt 0.597372 0.502403
vt 0.581144 0.762063
vt 0.581144 0.502403
vt 0.564915 0.762063
vt 0.564915 0.502403
vt 0.548686 0.762063
vt 0.548686 0.502403
vt 0.532457 0.762063
vt 0.532457 0.502403
vt 0.516229 0.762063
vt 0.516229 0.502403
vt 0.500000 0.762063
vt 0.500000 0.502403
vt 0.483771 0.762063
vt 0.483771 0.502403
vt 0.467543 0.762063
vt 0.467543 0.502403
vt 0.451314 0.762063
vt 0.451314 0.502403
vt 0.435085 0.762063
vt 0.435085 0.502403
vt 0.418856 0.762063
vt 0.418856 0.502403
vt 0.402628 0.762063
vt 0.402628 0.502403
vt 0.386399 0.762063
vt 0.386399 0.502403
vt 0.370170 0.762063
vt 0.370170 0.502403
vt 0.353941 0.762063
vt 0.353941 0.502403
vt 0.337713 0.762063
vt 0.337713 0.502403
vt 0.321484 0.762063
vt 0.321484 0.502403
vt 0.305255 0.762063
vt 0.305255 0.502403
vt 0.289026 0.762063
vt 0.289026 0.502403
vt 0.272798 0.762063
vt 0.272798 0.502403
vt 2.276510 0.393189
vt 2.289028 0.393189
vt 2.289028 0.547540
vt 2.276510 0.547540
vt 0.256569 0.762063
vt 0.256569 0.502403
vt 0.240340 0.762063
vt 0.240340 0.502403
vt 0.629830 0.497210
vt 0.654145 0.494815
vt 0.677526 0.487723
vt 0.699074 0.476205
vt 0.717961 0.460705
vt 0.733462 0.441818
vt 0.744979 0.420270
vt 0.752072 0.396889
vt 0.754467 0.372573
vt 0.752072 0.348258
vt 0.744979 0.324877
vt 0.733462 0.303329
vt 0.717961 0.284442
vt 0.699074 0.268942
vt 0.677526 0.257424
vt 0.654145 0.250332
vt 0.629830 0.247937
vt 0.605515 0.250332
vt 0.582134 0.257424
vt 0.560585 0.268942
vt 0.541698 0.284442
vt 0.526198 0.303329
vt 0.514681 0.324877
vt 0.507588 0.348258
vt 0.505193 0.372573
vt 0.507588 0.396889
vt 0.514681 0.420270
vt 0.526198 0.441818
vt 0.541698 0.460705
vt 0.560585 0.476205
vt 0.582134 0.487723
vt 0.605515 0.494815
vt 0.656926 0.194474
vt 0.658967 0.173750
vt 0.689511 0.173750
vt 0.686883 0.200433
vt 0.656926 0.153025
vt 0.686883 0.147066
vt 0.822129 0.730151
vt 0.791584 0.730151
vt 0.791584 0.697687
vt 0.822129 0.697687
vt 0.656926 0.247841
vt 0.658967 0.227116
vt 0.689512 0.227116
vt 0.686883 0.253800
vt 0.656926 0.206392
vt 0.686884 0.200433
vt 0.316389 0.292085
vt 0.301720 0.304123
vt 0.652565 0.867899
vt 0.624347 0.867901
vt 0.624347 0.835437
vt 0.652565 0.835435
vt 0.123434 0.699308
vt 0.125475 0.678584
vt 0.156019 0.678584
vt 0.153391 0.705267
vt 0.123434 0.657859
vt 0.153391 0.651900
vt 0.350065 0.906286
vt 0.328466 0.906286
vt 0.328466 0.873822
vt 0.350065 0.873822
vt 0.286363 0.645941
vt 0.288404 0.625216
vt 0.318948 0.625216
vt 0.316320 0.651900
vt 0.286363 0.604492
vt 0.316320 0.598533
vt 0.351285 0.467516
vt 0.370170 0.469376
vt 0.612219 0.657859
vt 0.610178 0.678583
vt 0.579633 0.678583
vt 0.582261 0.651900
vt 0.612219 0.699308
vt 0.582261 0.705267
vt 0.438620 0.441023
vt 0.450659 0.426354
vt 0.722097 0.579959
vt 0.720056 0.600684
vt 0.689511 0.600684
vt 0.692140 0.574000
vt 0.722097 0.621408
vt 0.692139 0.627367
vt 0.304660 0.829495
vt 0.274115 0.829495
vt 0.274115 0.797031
vt 0.304660 0.797031
vt 0.644805 0.657859
vt 0.642764 0.678583
vt 0.612219 0.678583
vt 0.614847 0.651900
vt 0.644805 0.699308
vt 0.614847 0.705267
vt 0.423951 0.453062
vt 0.201055 0.867899
vt 0.172832 0.867907
vt 0.172832 0.835443
vt 0.201055 0.835435
vt 0.689511 0.259759
vt 0.687470 0.280483
vt 0.656926 0.280483
vt 0.659554 0.253800
vt 0.689511 0.301208
vt 0.659554 0.307167
vt 0.370170 0.275771
vt 0.351285 0.277631
vt 0.158061 0.678583
vt 0.156020 0.657859
vt 0.185977 0.651900
vt 0.188605 0.678583
vt 0.253777 0.645941
vt 0.255818 0.625216
vt 0.286363 0.625216
vt 0.283734 0.651900
vt 0.253777 0.604492
vt 0.283734 0.598533
vt 0.318949 0.645941
vt 0.320990 0.625216
vt 0.351534 0.625216
vt 0.348906 0.651900
vt 0.318949 0.604492
vt 0.348906 0.598533
vt 0.351534 0.645940
vt 0.353575 0.625216
vt 0.384120 0.625216
vt 0.381492 0.651900
vt 0.351534 0.604491
vt 0.381492 0.598532
vt 0.188605 0.699308
vt 0.190646 0.678584
vt 0.221191 0.678584
vt 0.218563 0.705267
vt 0.188605 0.657859
vt 0.218563 0.651900
vt 0.656926 0.366494
vt 0.654884 0.387219
vt 0.624340 0.387219
vt 0.626968 0.360535
vt 0.656926 0.407943
vt 0.626968 0.413902
vt 0.416706 0.604492
vt 0.414664 0.625216
vt 0.384120 0.625216
vt 0.386748 0.598533
vt 0.416706 0.645941
vt 0.386748 0.651900
vt 0.449291 0.604492
vt 0.447250 0.625216
vt 0.416705 0.625216
vt 0.419334 0.598533
vt 0.449291 0.645941
vt 0.419334 0.651900
vt 0.156020 0.699308
vt 0.185977 0.705267
vt 0.289681 0.318793
vt 0.709003 0.867899
vt 0.680783 0.867899
vt 0.680783 0.835435
vt 0.709003 0.835435
vt 0.465113 0.391459
vt 0.466973 0.372573
vt 0.134057 0.906286
vt 0.112453 0.906301
vt 0.112453 0.873837
vt 0.134057 0.873822
vt 0.465113 0.353688
vt 0.737222 0.867899
vt 0.737222 0.835435
vt 0.822129 0.762615
vt 0.791584 0.762615
vt 0.878719 0.385877
vt 0.850499 0.385877
vt 0.850499 0.353413
vt 0.878719 0.353413
vt 0.275227 0.353688
vt 0.273367 0.372573
vt 0.198867 0.906290
vt 0.177266 0.906286
vt 0.177266 0.873822
vt 0.198867 0.873826
vt 0.275227 0.391459
vt 0.878719 0.418341
vt 0.850499 0.418341
vt 0.450659 0.318793
vt 0.438620 0.304123
vt 0.423951 0.292085
vt 0.398588 0.867907
vt 0.370372 0.867899
vt 0.370372 0.835435
vt 0.398588 0.835443
vt 0.458055 0.906286
vt 0.436457 0.906286
vt 0.436457 0.873822
vt 0.458055 0.873822
vt 0.389055 0.467516
vt 0.289681 0.426354
vt 0.301720 0.441023
vt 0.335205 0.829495
vt 0.304660 0.829495
vt 0.335205 0.797031
vt 0.316389 0.453062
vt 0.539687 0.867901
vt 0.511467 0.867899
vt 0.511467 0.835435
vt 0.539687 0.835437
vt 0.389055 0.277631
vt 0.333125 0.462008
vt 0.280736 0.409618
vt 0.280736 0.335529
vt 0.333125 0.283139
vt 0.407215 0.283139
vt 0.459604 0.335529
vt 0.459604 0.409618
vt 0.407215 0.462008
vt 2.082147 0.000000
vt 2.092555 0.000000
vt 2.092555 0.154351
vt 2.082147 0.154351
vt 1.660784 0.730053
vt 1.672349 0.730053
vt 1.672349 0.884405
vt 1.660784 0.884405
vt 2.264233 0.393189
vt 2.264233 0.547540
vt 2.073296 0.000000
vt 2.073296 0.154351
vt 1.648507 0.730053
vt 1.648507 0.884405
vt 2.252668 0.393189
vt 2.252668 0.547540
vt 1.771070 0.730053
vt 1.781478 0.730053
vt 1.781478 0.884405
vt 1.771070 0.884405
vt 1.635989 0.730053
vt 1.635989 0.884405
vt 1.759505 0.730053
vt 1.759505 0.884405
vt 1.623712 0.730053
vt 1.623712 0.884405
vt 1.747228 0.730053
vt 1.747228 0.884405
vt 1.612147 0.730053
vt 1.612147 0.884405
vt 1.734710 0.730053
vt 1.734710 0.884405
vt 1.601739 0.730053
vt 1.601739 0.884405
vt 1.722433 0.730053
vt 1.722433 0.884405
vt 2.163166 -0.000000
vt 2.172017 0.000000
vt 2.172017 0.154351
vt 2.163166 0.154351
vt 1.710868 0.730053
vt 1.710868 0.884405
vt 2.152757 0.000000
vt 2.152757 0.154351
vt 1.700460 0.730053
vt 1.700460 0.884405
vt 2.141192 0.000000
vt 2.141192 0.154351
vt 1.691608 0.730053
vt 1.691608 0.884405
vt 2.128915 0.000000
vt 2.128915 0.154351
vt 2.312871 0.393189
vt 2.323278 0.393189
vt 2.323278 0.547540
vt 2.312871 0.547540
vt 2.116397 0.000000
vt 2.116397 0.154351
vt 2.242260 0.393189
vt 2.242260 0.547540
vt 2.301305 0.393189
vt 2.301305 0.547540
vt 2.104120 0.000000
vt 2.104120 0.154351
vt 1.682757 0.730053
vt 1.691608 0.884405
vt 1.682757 0.884405
vt 1.455262 0.547540
vt 1.470064 0.547540
vt 1.470064 0.730053
vt 1.455262 0.730053
vt 0.206442 0.275966
vt 0.208856 0.251460
vt 0.244973 0.251460
vt 0.241865 0.283012
vt 0.206442 0.226955
vt 0.241866 0.219908
vt 0.758215 0.208862
vt 0.722097 0.208862
vt 0.722097 0.170474
vt 0.758215 0.170474
vt 0.167911 0.149757
vt 0.170324 0.125252
vt 0.206442 0.125251
vt 0.203334 0.156804
vt 0.167911 0.100746
vt 0.203334 0.093699
vt 0.791581 0.324032
vt 0.758215 0.324034
vt 0.758215 0.285647
vt 0.791581 0.285645
vt 0.167911 0.212861
vt 0.170324 0.188356
vt 0.206442 0.188356
vt 0.203334 0.219908
vt 0.167911 0.163850
vt 0.203334 0.156804
vt 0.116387 0.873822
vt 0.090848 0.873822
vt 0.090848 0.835435
vt 0.116387 0.835435
vt 0.129380 0.149757
vt 0.131793 0.125252
vt 0.167911 0.125252
vt 0.164803 0.156804
vt 0.129380 0.100746
vt 0.164803 0.093700
vt 0.283505 0.163850
vt 0.281091 0.188356
vt 0.244973 0.188356
vt 0.248081 0.156804
vt 0.283505 0.212862
vt 0.248081 0.219908
vt 0.283505 0.226955
vt 0.281091 0.251460
vt 0.244973 0.251460
vt 0.248081 0.219908
vt 0.283505 0.275966
vt 0.248081 0.283012
vt 0.758215 0.247249
vt 0.722097 0.247249
vt 0.722097 0.208861
vt 0.758215 0.208861
vt 0.129379 0.290059
vt 0.126965 0.314565
vt 0.090848 0.314565
vt 0.093955 0.283013
vt 0.129379 0.339070
vt 0.093956 0.346117
vt 0.232572 0.797022
vt 0.199200 0.797031
vt 0.199200 0.758643
vt 0.232572 0.758634
vt 0.167910 0.290059
vt 0.165497 0.314565
vt 0.129379 0.314565
vt 0.132487 0.283013
vt 0.167910 0.339071
vt 0.132487 0.346117
vt 0.478574 0.503874
vt 0.476161 0.479368
vt 0.511584 0.472322
vt 0.514692 0.503874
vt 0.283503 0.528383
vt 0.285917 0.503877
vt 0.322035 0.503877
vt 0.318927 0.535428
vt 0.283503 0.479371
vt 0.318927 0.472325
vt 0.514692 0.149757
vt 0.517106 0.125251
vt 0.553223 0.125251
vt 0.550116 0.156803
vt 0.514692 0.100746
vt 0.550116 0.093699
vt 0.476161 0.339068
vt 0.478575 0.314563
vt 0.514692 0.314563
vt 0.511585 0.346114
vt 0.476161 0.290057
vt 0.511585 0.283011
vt 0.514692 0.212861
vt 0.517106 0.188355
vt 0.553223 0.188355
vt 0.550116 0.219907
vt 0.514692 0.163850
vt 0.550116 0.156803
vt 0.553221 0.542475
vt 0.550807 0.566981
vt 0.514690 0.566981
vt 0.517797 0.535429
vt 0.553221 0.591487
vt 0.517797 0.598533
vt 0.553223 0.226953
vt 0.550810 0.251459
vt 0.514692 0.251459
vt 0.517800 0.219907
vt 0.553223 0.275964
vt 0.517800 0.283010
vt 0.514690 0.542475
vt 0.512276 0.566981
vt 0.476159 0.566981
vt 0.479266 0.535429
vt 0.514690 0.591487
vt 0.479266 0.598533
vt 0.476161 0.528380
vt 0.511584 0.535426
vt 0.791583 0.439200
vt 0.758215 0.439200
vt 0.758215 0.400813
vt 0.791583 0.400813
vt 0.850499 0.132087
vt 0.824953 0.132104
vt 0.824953 0.093716
vt 0.850499 0.093699
vt 0.824953 0.208864
vt 0.791584 0.208864
vt 0.791584 0.170476
vt 0.824953 0.170476
vt 0.758215 0.132087
vt 0.722097 0.132087
vt 0.722097 0.093699
vt 0.758215 0.093699
vt 0.824953 0.247251
vt 0.791584 0.247251
vt 0.850494 0.362464
vt 0.824953 0.362460
vt 0.824953 0.324073
vt 0.850494 0.324077
vt 0.824953 0.400800
vt 0.791585 0.400800
vt 0.791585 0.362413
vt 0.824953 0.362413
vt 0.566255 0.797031
vt 0.532891 0.797022
vt 0.532891 0.758634
vt 0.566255 0.758643
vt 0.850492 0.592792
vt 0.824953 0.592792
vt 0.824953 0.554405
vt 0.850492 0.554405
vt 0.758214 0.285636
vt 0.722097 0.285636
vt 0.722097 0.247249
vt 0.758214 0.247249
vt 0.666358 0.797024
vt 0.632988 0.797022
vt 0.632988 0.758634
vt 0.666358 0.758636
vt 1.531496 0.182513
vt 1.543804 0.182513
vt 1.543804 0.365027
vt 1.531496 0.365027
vt 1.484581 0.365027
vt 1.498256 0.365027
vt 1.498256 0.547540
vt 1.484581 0.547540
vt 1.440745 0.547540
vt 1.440745 0.730053
vt 1.521030 0.182513
vt 1.521030 0.365027
vt 1.470064 0.365027
vt 1.470064 0.547540
vt 1.427070 0.547540
vt 1.427070 0.730053
vt 1.848456 0.000000
vt 1.860763 0.000000
vt 1.860763 0.182513
vt 1.848456 0.182513
vt 1.455263 0.365027
vt 1.455263 0.547540
vt 1.834781 0.000000
vt 1.834781 0.182513
vt 1.440745 0.365027
vt 1.440745 0.547540
vt 1.820263 0.000000
vt 1.820263 0.182513
vt 1.427070 0.365027
vt 1.427070 0.547540
vt 1.805462 0.000000
vt 1.805462 0.182513
vt 1.414763 0.365027
vt 1.414763 0.547540
vt 1.790944 0.000000
vt 1.790944 0.182513
vt 1.404297 0.365027
vt 1.404297 0.547540
vt 1.777270 0.000000
vt 1.777270 0.182513
vt 1.614990 0.182513
vt 1.627297 0.182513
vt 1.627297 0.365027
vt 1.614989 0.365027
vt 1.764962 0.000000
vt 1.764962 0.182513
vt 1.601315 0.182513
vt 1.601315 0.365027
vt 1.754496 0.000000
vt 1.754496 0.182513
vt 1.586797 0.182513
vt 1.586797 0.365027
vt 1.498256 0.547540
vt 1.510563 0.547540
vt 1.510563 0.730053
vt 1.498256 0.730053
vt 1.571996 0.182513
vt 1.571996 0.365027
vt 1.414763 0.547540
vt 1.414763 0.730053
vt 1.484581 0.547540
vt 1.484581 0.730053
vt 1.557478 0.182513
vt 1.557478 0.365027
vt 1.404297 0.547540
vt 1.404297 0.730053
vt 1.510563 0.365027
vt 1.510563 0.547540
vt 2.159866 0.547540
vt 2.172384 0.547540
vt 2.172384 0.701891
vt 2.159866 0.701891
vt 0.553223 0.576513
vt 0.555265 0.555788
vt 0.585809 0.555788
vt 0.583181 0.582472
vt 0.553223 0.535064
vt 0.583181 0.529105
vt 0.822129 0.795079
vt 0.791585 0.795079
vt 0.791585 0.762615
vt 0.822129 0.762615
vt 0.221191 0.699308
vt 0.223232 0.678583
vt 0.253776 0.678583
vt 0.251148 0.705267
vt 0.221191 0.657859
vt 0.251148 0.651900
vt 0.878717 0.645589
vt 0.850499 0.645591
vt 0.850499 0.613127
vt 0.878717 0.613125
vt 0.253776 0.699308
vt 0.255817 0.678583
vt 0.286362 0.678584
vt 0.283734 0.705267
vt 0.253776 0.657859
vt 0.283734 0.651900
vt 0.436457 0.906286
vt 0.414859 0.906286
vt 0.414859 0.873822
vt 0.436457 0.873822
vt 0.591754 0.461310
vt 0.593795 0.440586
vt 0.624340 0.440586
vt 0.621711 0.467269
vt 0.591754 0.419861
vt 0.621712 0.413902
vt 0.624340 0.473228
vt 0.622299 0.493953
vt 0.591754 0.493953
vt 0.594382 0.467269
vt 0.624340 0.514677
vt 0.594382 0.520636
vt 0.722097 0.526592
vt 0.720056 0.547317
vt 0.689512 0.547317
vt 0.692140 0.520633
vt 0.722097 0.568041
vt 0.692139 0.574000
vt 0.243571 0.829495
vt 0.213026 0.829495
vt 0.213026 0.797031
vt 0.243571 0.797031
vt 0.656925 0.526595
vt 0.654885 0.547320
vt 0.624340 0.547320
vt 0.626968 0.520636
vt 0.656925 0.568045
vt 0.626968 0.574004
vt 0.285724 0.867899
vt 0.257501 0.867907
vt 0.257501 0.835443
vt 0.285724 0.835435
vt 0.656926 0.419861
vt 0.654885 0.440586
vt 0.624340 0.440586
vt 0.626968 0.413902
vt 0.656926 0.461311
vt 0.626968 0.467270
vt 0.658967 0.600685
vt 0.656926 0.579960
vt 0.686883 0.574001
vt 0.689511 0.600685
vt 0.156019 0.752675
vt 0.158060 0.731950
vt 0.188605 0.731951
vt 0.185977 0.758634
vt 0.156019 0.711226
vt 0.185976 0.705267
vt 0.449291 0.645941
vt 0.451333 0.625216
vt 0.481877 0.625216
vt 0.479249 0.651900
vt 0.449291 0.604492
vt 0.479249 0.598533
vt 0.514459 0.752675
vt 0.516500 0.731950
vt 0.547045 0.731950
vt 0.544417 0.758633
vt 0.514459 0.711226
vt 0.544417 0.705267
vt 0.656926 0.674775
vt 0.658967 0.654051
vt 0.689511 0.654051
vt 0.686883 0.680734
vt 0.656926 0.633327
vt 0.686883 0.627368
vt 0.449289 0.711226
vt 0.447248 0.731950
vt 0.416704 0.731950
vt 0.419332 0.705267
vt 0.449289 0.752675
vt 0.419332 0.758634
vt 0.514463 0.604492
vt 0.512422 0.625216
vt 0.481877 0.625216
vt 0.484505 0.598533
vt 0.514463 0.645941
vt 0.484505 0.651900
vt 0.481874 0.711226
vt 0.479833 0.731951
vt 0.449289 0.731951
vt 0.451917 0.705267
vt 0.481874 0.752675
vt 0.451917 0.758634
vt 0.656926 0.621409
vt 0.686883 0.627368
vt 0.878719 0.288485
vt 0.850499 0.288485
vt 0.850499 0.256021
vt 0.878719 0.256021
vt 0.155662 0.906286
vt 0.134057 0.906301
vt 0.134057 0.873837
vt 0.155662 0.873822
vt 0.878719 0.742985
vt 0.850499 0.742985
vt 0.850499 0.710521
vt 0.878719 0.710521
vt 0.365749 0.829495
vt 0.365749 0.797031
vt 0.878719 0.256021
vt 0.850499 0.223557
vt 0.878719 0.223557
vt 0.285269 0.906290
vt 0.263669 0.906286
vt 0.263669 0.873822
vt 0.285269 0.873826
vt 0.878719 0.710521
vt 0.850499 0.678057
vt 0.878719 0.678057
vt 0.370372 0.867907
vt 0.342156 0.867899
vt 0.342156 0.835435
vt 0.370372 0.835443
vt 0.414859 0.906286
vt 0.393261 0.906286
vt 0.393261 0.873822
vt 0.414859 0.873822
vt 0.610105 0.829495
vt 0.579561 0.829495
vt 0.579561 0.797031
vt 0.610105 0.797031
vt 0.455025 0.867901
vt 0.426804 0.867899
vt 0.426804 0.835435
vt 0.455025 0.835437
vt 2.152390 0.393189
vt 2.162799 0.393189
vt 2.162799 0.547540
vt 2.152390 0.547540
vt 2.274531 0.547540
vt 2.286096 0.547540
vt 2.286096 0.701891
vt 2.274531 0.701891
vt 2.147589 0.547540
vt 2.147589 0.701891
vt 2.143539 0.393189
vt 2.143539 0.547540
vt 2.262254 0.547540
vt 2.262254 0.701891
vt 2.136024 0.547540
vt 2.136024 0.701891
vt 2.393888 0.393189
vt 2.404297 0.393189
vt 2.404297 0.547540
vt 2.393888 0.547540
vt 2.249735 0.547540
vt 2.249735 0.701891
vt 2.382324 0.393189
vt 2.382324 0.547540
vt 2.237458 0.547540
vt 2.237458 0.701891
vt 2.370047 0.393189
vt 2.370047 0.547540
vt 2.225894 0.547540
vt 2.225894 0.701891
vt 2.357529 0.393189
vt 2.357529 0.547540
vt 2.215485 0.547540
vt 2.215485 0.701891
vt 2.345252 0.393189
vt 2.345252 0.547540
vt 2.233409 0.393189
vt 2.242260 0.547540
vt 2.233409 0.547540
vt 2.333687 0.393189
vt 2.333687 0.547540
vt 2.223001 0.393189
vt 2.223001 0.547540
vt 2.323278 0.547540
vt 2.211436 0.393189
vt 2.211436 0.547540
vt 2.206634 0.547540
vt 2.206634 0.701891
vt 2.199159 0.393189
vt 2.199159 0.547540
vt 2.196226 0.547540
vt 2.196226 0.701891
vt 2.186641 0.393189
vt 2.186641 0.547540
vt 2.125616 0.547540
vt 2.125616 0.701891
vt 2.184661 0.547540
vt 2.184661 0.701891
vt 2.174364 0.393189
vt 2.174364 0.547540
vt 2.116764 0.547540
vt 2.116764 0.701891
vt 2.296504 0.547540
vt 2.296504 0.701891
vt 1.784529 0.365027
vt 1.799331 0.365027
vt 1.799331 0.547540
vt 1.784529 0.547540
vt 0.129379 0.402175
vt 0.131793 0.377669
vt 0.167910 0.377669
vt 0.164803 0.409221
vt 0.129379 0.353163
vt 0.164803 0.346117
vt 0.758215 0.746284
vt 0.722097 0.746284
vt 0.722097 0.707897
vt 0.758215 0.707897
vt 0.244973 0.339070
vt 0.247387 0.314564
vt 0.283504 0.314564
vt 0.280396 0.346116
vt 0.244973 0.290059
vt 0.280396 0.283012
vt 0.791581 0.362422
vt 0.758215 0.362424
vt 0.758215 0.324036
vt 0.791581 0.324034
vt 0.283505 0.149757
vt 0.285918 0.125251
vt 0.322036 0.125252
vt 0.318928 0.156803
vt 0.283505 0.100745
vt 0.318928 0.093699
vt 0.850492 0.631180
vt 0.824953 0.631180
vt 0.244973 0.149757
vt 0.247387 0.125252
vt 0.283504 0.125251
vt 0.280397 0.156804
vt 0.244973 0.100746
vt 0.280397 0.093699
vt 0.437630 0.226954
vt 0.435216 0.251460
vt 0.399099 0.251460
vt 0.402206 0.219908
vt 0.437630 0.275965
vt 0.402206 0.283012
vt 0.167910 0.416267
vt 0.165497 0.440773
vt 0.129379 0.440773
vt 0.132487 0.409221
vt 0.167910 0.465279
vt 0.132487 0.472325
vt 0.758215 0.324024
vt 0.722097 0.324024
vt 0.722097 0.285636
vt 0.758215 0.285636
vt 0.399099 0.290058
vt 0.396685 0.314564
vt 0.360567 0.314564
vt 0.363675 0.283012
vt 0.399099 0.339070
vt 0.363675 0.346116
vt 0.265945 0.797022
vt 0.232572 0.797031
vt 0.232572 0.758643
vt 0.265945 0.758634
vt 0.399098 0.226954
vt 0.396685 0.251460
vt 0.360567 0.251460
vt 0.363675 0.219908
vt 0.399098 0.275966
vt 0.363675 0.283012
vt 0.517106 0.314562
vt 0.514692 0.290056
vt 0.550116 0.283011
vt 0.553223 0.314562
vt 0.167910 0.465279
vt 0.170324 0.440773
vt 0.206441 0.440773
vt 0.203334 0.472325
vt 0.167910 0.416267
vt 0.203334 0.409221
vt 0.244973 0.465279
vt 0.247386 0.440773
vt 0.283504 0.440773
vt 0.280396 0.472325
vt 0.244973 0.416267
vt 0.280396 0.409221
vt 0.206442 0.465279
vt 0.208855 0.440773
vt 0.244973 0.440773
vt 0.241865 0.472325
vt 0.206442 0.416267
vt 0.241865 0.409221
vt 0.514692 0.402172
vt 0.517106 0.377666
vt 0.553223 0.377666
vt 0.550116 0.409218
vt 0.514692 0.353160
vt 0.550116 0.346114
vt 0.399097 0.479371
vt 0.396683 0.503877
vt 0.360566 0.503877
vt 0.363673 0.472325
vt 0.399097 0.528382
vt 0.363674 0.535429
vt 0.322035 0.416267
vt 0.319621 0.440773
vt 0.283504 0.440773
vt 0.286611 0.409221
vt 0.322035 0.465279
vt 0.286611 0.472325
vt 0.553223 0.416264
vt 0.550810 0.440770
vt 0.514692 0.440770
vt 0.517800 0.409218
vt 0.553223 0.465276
vt 0.517799 0.472322
vt 0.514692 0.339068
vt 0.550116 0.346114
vt 0.791583 0.746299
vt 0.758215 0.746299
vt 0.758215 0.707912
vt 0.791583 0.707912
vt 0.850499 0.170491
vt 0.824953 0.170508
vt 0.824953 0.132121
vt 0.850499 0.132104
vt 0.791583 0.285645
vt 0.758215 0.285645
vt 0.758215 0.247257
vt 0.791583 0.247257
vt 0.758215 0.132087
vt 0.824953 0.132087
vt 0.791584 0.132087
vt 0.791584 0.093699
vt 0.824953 0.093699
vt 0.850495 0.247290
vt 0.824953 0.247287
vt 0.824953 0.208899
vt 0.850495 0.208903
vt 0.791583 0.784687
vt 0.758215 0.784687
vt 0.791583 0.746299
vt 0.466162 0.797031
vt 0.432798 0.797022
vt 0.432798 0.758634
vt 0.466162 0.758643
vt 0.850492 0.669567
vt 0.824953 0.669567
vt 0.199200 0.797022
vt 0.163083 0.797022
vt 0.163083 0.758634
vt 0.199200 0.758634
vt 0.791584 0.132089
vt 0.758214 0.132087
vt 0.758214 0.093699
vt 0.791584 0.093702
vt 1.531496 0.547540
vt 1.543803 0.547540
vt 1.543803 0.730053
vt 1.531496 0.730053
vt 1.707581 0.365027
vt 1.721256 0.365027
vt 1.721256 0.547540
vt 1.707581 0.547540
vt 1.770012 0.365027
vt 1.770012 0.547540
vt 1.521030 0.547540
vt 1.521030 0.730053
vt 1.693064 0.365027
vt 1.693064 0.547540
vt 1.756337 0.365027
vt 1.756337 0.547540
vt 1.954722 0.000000
vt 1.967029 0.000000
vt 1.967029 0.182513
vt 1.954722 0.182513
vt 1.678262 0.365027
vt 1.678262 0.547540
vt 1.941047 0.000000
vt 1.941047 0.182513
vt 1.663745 0.365027
vt 1.663745 0.547540
vt 1.926530 0.000000
vt 1.926530 0.182513
vt 1.650070 0.365027
vt 1.650070 0.547540
vt 1.911728 0.000000
vt 1.911728 0.182513
vt 1.637763 0.365027
vt 1.637763 0.547540
vt 1.897211 0.000000
vt 1.897211 0.182513
vt 1.627297 0.547540
vt 1.883536 0.000000
vt 1.883536 0.182513
vt 1.614989 0.547540
vt 1.627296 0.547540
vt 1.627296 0.730053
vt 1.614989 0.730053
vt 1.871229 0.000000
vt 1.871229 0.182513
vt 1.601315 0.547540
vt 1.601315 0.730053
vt 1.586797 0.547540
vt 1.586797 0.730053
vt 1.827523 0.365027
vt 1.839830 0.365027
vt 1.839830 0.547540
vt 1.827523 0.547540
vt 1.571995 0.547540
vt 1.571995 0.730053
vt 1.744030 0.365027
vt 1.744030 0.547540
vt 1.813848 0.365027
vt 1.813848 0.547540
vt 1.557478 0.547540
vt 1.557478 0.730053
vt 1.733563 0.365027
vt 1.733563 0.547540
vt 2.249736 0.701891
vt 2.262253 0.701891
vt 2.262253 0.856243
vt 2.249736 0.856243
vt 0.591754 0.568045
vt 0.593795 0.547320
vt 0.624340 0.547320
vt 0.621712 0.574004
vt 0.591754 0.526596
vt 0.621712 0.520637
vt 0.396294 0.829495
vt 0.365749 0.829495
vt 0.365749 0.797031
vt 0.396294 0.797031
vt 0.553223 0.308022
vt 0.554727 0.288282
vt 0.586931 0.289819
vt 0.583954 0.315636
vt 0.553223 0.267836
vt 0.585403 0.263337
vt 0.878717 0.678055
vt 0.850499 0.678057
vt 0.850499 0.645593
vt 0.878717 0.645591
vt 0.553223 0.204935
vt 0.555977 0.184650
vt 0.586710 0.183341
vt 0.584736 0.209946
vt 0.553223 0.164106
vt 0.582882 0.156803
vt 0.371663 0.906286
vt 0.371663 0.873822
vt 0.188605 0.645941
vt 0.190646 0.625216
vt 0.221191 0.625216
vt 0.218563 0.651900
vt 0.188605 0.604492
vt 0.218563 0.598533
vt 0.656926 0.473228
vt 0.654884 0.493953
vt 0.624340 0.493953
vt 0.626968 0.467269
vt 0.656926 0.514677
vt 0.626968 0.520636
vt 0.514460 0.711226
vt 0.512419 0.731950
vt 0.481874 0.731951
vt 0.484503 0.705267
vt 0.514460 0.752675
vt 0.484502 0.758634
vt 0.274115 0.829495
vt 0.243571 0.829495
vt 0.243571 0.797031
vt 0.274115 0.797031
vt 0.221190 0.711226
vt 0.219149 0.731951
vt 0.188605 0.731951
vt 0.191232 0.705267
vt 0.221190 0.752675
vt 0.191233 0.758634
vt 0.229278 0.867899
vt 0.201055 0.867907
vt 0.201055 0.835443
vt 0.229278 0.835435
vt 0.253777 0.604492
vt 0.251736 0.625216
vt 0.221191 0.625216
vt 0.223819 0.598533
vt 0.253777 0.645941
vt 0.223819 0.651900
vt 0.691553 0.120383
vt 0.689512 0.099658
vt 0.719469 0.093699
vt 0.722097 0.120383
vt 0.553223 0.362945
vt 0.555333 0.342227
vt 0.585877 0.342328
vt 0.583161 0.369003
vt 0.553223 0.321646
vt 0.583337 0.315636
vt 0.553223 0.258335
vt 0.555074 0.237526
vt 0.586316 0.236563
vt 0.584166 0.263337
vt 0.553223 0.216809
vt 0.583197 0.209946
vt 0.253776 0.752675
vt 0.255817 0.731950
vt 0.286361 0.731950
vt 0.283733 0.758634
vt 0.253776 0.711226
vt 0.283733 0.705267
vt 0.689511 0.194474
vt 0.691553 0.173749
vt 0.722097 0.173749
vt 0.719469 0.200433
vt 0.689511 0.153025
vt 0.719469 0.147066
vt 0.722097 0.633326
vt 0.720056 0.654050
vt 0.689512 0.654050
vt 0.692140 0.627367
vt 0.722097 0.674775
vt 0.692140 0.680734
vt 0.318948 0.657859
vt 0.316907 0.678583
vt 0.286362 0.678583
vt 0.288990 0.651900
vt 0.318948 0.699308
vt 0.288990 0.705267
vt 0.123433 0.711226
vt 0.121392 0.731951
vt 0.090848 0.731951
vt 0.093476 0.705267
vt 0.123433 0.752675
vt 0.093476 0.758634
vt 0.689512 0.141107
vt 0.719469 0.147066
vt 0.878719 0.450805
vt 0.850499 0.450805
vt 0.850499 0.418341
vt 0.878719 0.418341
vt 0.872104 0.840370
vt 0.850499 0.840384
vt 0.850499 0.807920
vt 0.872104 0.807906
vt 0.878719 0.320949
vt 0.850499 0.320949
vt 0.850499 0.288485
vt 0.878719 0.288485
vt 0.518472 0.829495
vt 0.487927 0.829495
vt 0.487927 0.797031
vt 0.518472 0.797031
vt 0.878719 0.353413
vt 0.850499 0.353413
vt 0.873460 0.807906
vt 0.850499 0.807797
vt 0.850499 0.775449
vt 0.872298 0.775786
vt 0.878719 0.483269
vt 0.850499 0.483269
vt 0.821724 0.695764
vt 0.791585 0.697687
vt 0.792768 0.665822
vt 0.821724 0.663740
vt 0.393261 0.906286
vt 0.371663 0.906286
vt 0.371663 0.873822
vt 0.393261 0.873822
vt 0.823493 0.663740
vt 0.791585 0.663471
vt 0.791585 0.631124
vt 0.822330 0.631622
vt 0.596129 0.867901
vt 0.567908 0.867899
vt 0.567908 0.835435
vt 0.596129 0.835437
vt 2.270738 0.000000
vt 2.281146 0.000000
vt 2.281146 0.154351
vt 2.270738 0.154351
vt 2.218981 0.182513
vt 2.230546 0.182513
vt 2.230546 0.336865
vt 2.218981 0.336865
vt 2.237458 0.701891
vt 2.237458 0.856243
vt 2.206634 0.701891
vt 2.215485 0.701891
vt 2.215485 0.856243
vt 2.206634 0.856243
vt 2.206704 0.182513
vt 2.206704 0.336865
vt 2.225893 0.701891
vt 2.225893 0.856243
vt 2.196226 0.701891
vt 2.196226 0.856243
vt 2.194186 0.182513
vt 2.194186 0.336865
vt 2.184661 0.701891
vt 2.184661 0.856243
vt 2.181909 0.182513
vt 2.181909 0.336865
vt 2.172384 0.701891
vt 2.172384 0.856243
vt 2.170344 0.182513
vt 2.170344 0.336865
vt 2.159866 0.701891
vt 2.159866 0.856243
vt 2.159936 0.182513
vt 2.159936 0.336865
vt 2.147589 0.701891
vt 2.147589 0.856243
vt 2.151085 0.182513
vt 2.151085 0.336865
vt 2.136024 0.701891
vt 2.136024 0.856243
vt 2.341348 0.000000
vt 2.351756 0.000000
vt 2.351756 0.154351
vt 2.341348 0.154351
vt 2.125616 0.701891
vt 2.125616 0.856243
vt 2.329783 0.000000
vt 2.329783 0.154351
vt 2.116764 0.701891
vt 2.116764 0.856243
vt 2.317506 0.000000
vt 2.317506 0.154351
vt 2.286096 0.701891
vt 2.296504 0.701891
vt 2.296504 0.856243
vt 2.286096 0.856243
vt 2.304988 0.000000
vt 2.304988 0.154351
vt 2.274530 0.701891
vt 2.274530 0.856243
vt 2.292711 0.000000
vt 2.292711 0.154351
vt 2.240954 0.182513
vt 2.249805 0.182513
vt 2.249805 0.336865
vt 2.240954 0.336865
vt 2.330754 0.547540
vt 2.343272 0.547540
vt 2.343272 0.701891
vt 2.330754 0.701891
vt 0.591754 0.141108
vt 0.593796 0.120383
vt 0.624340 0.120383
vt 0.621712 0.147067
vt 0.591754 0.099659
vt 0.621712 0.093700
vt 0.640649 0.829495
vt 0.640649 0.797031
vt 0.591754 0.354576
vt 0.593795 0.333851
vt 0.624340 0.333851
vt 0.621712 0.360535
vt 0.591754 0.313127
vt 0.621712 0.307168
vt 0.878717 0.223555
vt 0.850499 0.191093
vt 0.878717 0.191091
vt 0.514463 0.645941
vt 0.516504 0.625216
vt 0.547048 0.625216
vt 0.544420 0.651900
vt 0.514463 0.604492
vt 0.544420 0.598533
vt 0.479653 0.906286
vt 0.479653 0.873822
vt 0.591754 0.194475
vt 0.593795 0.173750
vt 0.624340 0.173750
vt 0.621712 0.200434
vt 0.591754 0.153025
vt 0.621712 0.147067
vt 0.624340 0.206392
vt 0.622298 0.227117
vt 0.591754 0.227117
vt 0.594382 0.200434
vt 0.624340 0.247842
vt 0.594382 0.253801
vt 0.579634 0.604491
vt 0.577593 0.625216
vt 0.547048 0.625216
vt 0.549677 0.598533
vt 0.579634 0.645940
vt 0.549677 0.651900
vt 0.457383 0.829495
vt 0.426838 0.829495
vt 0.426838 0.797031
vt 0.457383 0.797031
vt 0.188605 0.604492
vt 0.186564 0.625216
vt 0.156020 0.625216
vt 0.158648 0.598533
vt 0.188605 0.645941
vt 0.158648 0.651900
vt 0.257501 0.867899
vt 0.229278 0.867907
vt 0.229278 0.835443
vt 0.257501 0.835435
vt 0.624340 0.366494
vt 0.622299 0.387219
vt 0.591754 0.387219
vt 0.594383 0.360535
vt 0.624340 0.407943
vt 0.594382 0.413902
vt 0.320989 0.678583
vt 0.318948 0.657859
vt 0.348905 0.651900
vt 0.351533 0.678583
vt 0.689512 0.247841
vt 0.691553 0.227116
vt 0.722097 0.227116
vt 0.719469 0.253800
vt 0.689512 0.206392
vt 0.719469 0.200433
vt 0.689511 0.301208
vt 0.691553 0.280483
vt 0.722097 0.280483
vt 0.719469 0.307166
vt 0.689511 0.259758
vt 0.719469 0.253800
vt 0.689511 0.354574
vt 0.691553 0.333849
vt 0.722097 0.333850
vt 0.719469 0.360533
vt 0.689511 0.313125
vt 0.719469 0.307166
vt 0.514462 0.699308
vt 0.516503 0.678583
vt 0.547048 0.678583
vt 0.544420 0.705267
vt 0.514462 0.657859
vt 0.544420 0.651900
vt 0.318947 0.711226
vt 0.316906 0.731950
vt 0.286361 0.731951
vt 0.288989 0.705267
vt 0.318947 0.752675
vt 0.288989 0.758634
vt 0.689512 0.473226
vt 0.687470 0.493951
vt 0.656926 0.493951
vt 0.659554 0.467267
vt 0.689512 0.514675
vt 0.659554 0.520634
vt 0.722097 0.366492
vt 0.720056 0.387216
vt 0.689511 0.387216
vt 0.692140 0.360533
vt 0.722097 0.407941
vt 0.692139 0.413900
vt 0.318948 0.699308
vt 0.348905 0.705267
vt 0.765442 0.867899
vt 0.765442 0.835435
vt 0.872104 0.872848
vt 0.850499 0.872862
vt 0.850499 0.840398
vt 0.872104 0.840384
vt 0.878719 0.515733
vt 0.850499 0.515733
vt 0.850499 0.483269
vt 0.878719 0.483269
vt 0.121392 0.829495
vt 0.090848 0.829495
vt 0.090848 0.797031
vt 0.121392 0.797031
vt 0.878719 0.548197
vt 0.850499 0.548197
vt 0.242068 0.906290
vt 0.220468 0.906286
vt 0.220468 0.873822
vt 0.242068 0.873826
vt 0.878718 0.775449
vt 0.850499 0.775449
vt 0.878718 0.742985
vt 0.313940 0.867907
vt 0.285724 0.867899
vt 0.313940 0.835443
vt 0.501251 0.906286
vt 0.501251 0.873822
vt 0.549016 0.829495
vt 0.518471 0.829495
vt 0.518471 0.797031
vt 0.549016 0.797031
vt 0.483246 0.867901
vt 0.455025 0.867899
vt 0.455025 0.835435
vt 0.483246 0.835437
vt 2.249805 0.182513
vt 2.260214 0.182513
vt 2.260214 0.336865
vt 2.112715 0.393189
vt 2.124279 0.393189
vt 2.124279 0.547540
vt 2.112715 0.547540
vt 2.318477 0.547540
vt 2.318477 0.701891
vt 2.142233 0.182513
vt 2.151085 0.182513
vt 2.151084 0.336865
vt 2.142233 0.336865
vt 2.100438 0.393189
vt 2.100438 0.547540
vt 2.306912 0.547540
vt 2.306912 0.701891
vt 2.131825 0.182513
vt 2.131825 0.336865
vt 2.087920 0.393189
vt 2.087920 0.547540
vt 2.120260 0.182513
vt 2.120260 0.336865
vt 2.075643 0.393189
vt 2.075643 0.547540
vt 2.107983 0.182513
vt 2.107983 0.336865
vt 2.064078 0.393189
vt 2.064078 0.547540
vt 2.095465 0.182513
vt 2.095465 0.336865
vt 2.053669 0.393189
vt 2.053669 0.547540
vt 2.083188 0.182513
vt 2.083188 0.336865
vt 2.044818 0.393189
vt 2.044818 0.547540
vt 2.071623 0.182513
vt 2.071623 0.336865
vt 2.320415 0.182513
vt 2.330824 0.182513
vt 2.330824 0.336865
vt 2.320416 0.336865
vt 2.061215 0.182513
vt 2.061215 0.336865
vt 2.308851 0.182513
vt 2.308851 0.336865
vt 2.052363 0.182513
vt 2.052363 0.336865
vt 2.296574 0.182513
vt 2.296574 0.336865
vt 2.367114 0.547540
vt 2.377522 0.547540
vt 2.377522 0.701891
vt 2.367114 0.701891
vt 2.284056 0.182513
vt 2.284056 0.336865
vt 2.296504 0.547540
vt 2.296504 0.701891
vt 2.355549 0.547540
vt 2.355549 0.701891
vt 2.271779 0.182513
vt 2.271779 0.336865
vt 2.134688 0.393189
vt 2.143539 0.393189
vt 2.143539 0.547540
vt 2.134688 0.547540
vt 2.215118 0.000000
vt 2.227636 0.000000
vt 2.227636 0.154351
vt 2.215118 0.154351
vt 0.656926 0.354575
vt 0.658967 0.333850
vt 0.689511 0.333850
vt 0.686883 0.360534
vt 0.656926 0.313126
vt 0.686884 0.307167
vt 0.671193 0.829495
vt 0.640649 0.829495
vt 0.640649 0.797031
vt 0.671193 0.797031
vt 0.689511 0.461307
vt 0.691553 0.440583
vt 0.722097 0.440583
vt 0.719469 0.467266
vt 0.689511 0.419858
vt 0.719469 0.413899
vt 0.624347 0.867899
vt 0.596129 0.867901
vt 0.596129 0.835437
vt 0.624347 0.835435
vt 0.221190 0.752675
vt 0.223231 0.731950
vt 0.253776 0.731950
vt 0.251148 0.758634
vt 0.221190 0.711226
vt 0.251148 0.705267
vt 0.306868 0.906286
vt 0.285269 0.906286
vt 0.285269 0.873822
vt 0.306868 0.873822
vt 0.656926 0.407942
vt 0.658967 0.387217
vt 0.689511 0.387217
vt 0.686884 0.413900
vt 0.656926 0.366492
vt 0.686884 0.360534
vt 0.156019 0.711226
vt 0.153978 0.731950
vt 0.123433 0.731951
vt 0.126061 0.705267
vt 0.156019 0.752675
vt 0.126061 0.758634
vt 0.384118 0.711226
vt 0.382077 0.731950
vt 0.351532 0.731950
vt 0.354160 0.705267
vt 0.384118 0.752674
vt 0.354160 0.758633
vt 0.579560 0.829495
vt 0.579560 0.797031
vt 0.689511 0.419860
vt 0.687470 0.440584
vt 0.656926 0.440584
vt 0.659554 0.413901
vt 0.689511 0.461309
vt 0.659554 0.467267
vt 0.172832 0.867899
vt 0.144609 0.867907
vt 0.144609 0.835443
vt 0.172832 0.835435
vt 0.351532 0.711226
vt 0.349491 0.731950
vt 0.318947 0.731950
vt 0.321574 0.705267
vt 0.351532 0.752675
vt 0.321574 0.758634
vt 0.353575 0.678583
vt 0.351533 0.657859
vt 0.381491 0.651900
vt 0.384119 0.678583
vt 0.090848 0.645941
vt 0.092889 0.625216
vt 0.123434 0.625216
vt 0.120806 0.651900
vt 0.090848 0.604491
vt 0.120805 0.598533
vt 0.579634 0.645941
vt 0.581675 0.625216
vt 0.612220 0.625216
vt 0.609592 0.651900
vt 0.579634 0.604492
vt 0.609592 0.598533
vt 0.624340 0.141108
vt 0.626381 0.120383
vt 0.656926 0.120383
vt 0.654298 0.147067
vt 0.624340 0.099659
vt 0.654298 0.093700
vt 0.384119 0.699308
vt 0.386160 0.678583
vt 0.416705 0.678583
vt 0.414077 0.705267
vt 0.384119 0.657859
vt 0.414077 0.651900
vt 0.585809 0.428330
vt 0.583768 0.449054
vt 0.553223 0.449054
vt 0.555851 0.422370
vt 0.585809 0.469779
vt 0.555851 0.475738
vt 0.656926 0.153026
vt 0.654884 0.173750
vt 0.624340 0.173750
vt 0.626968 0.147067
vt 0.656926 0.194475
vt 0.626968 0.200434
vt 0.585809 0.374962
vt 0.583768 0.395686
vt 0.553223 0.395687
vt 0.555851 0.369003
vt 0.585809 0.416411
vt 0.555851 0.422370
vt 0.351533 0.699308
vt 0.381491 0.705267
vt 0.793662 0.867899
vt 0.793662 0.835435
vt 0.177266 0.906286
vt 0.155662 0.906301
vt 0.155662 0.873837
vt 0.177266 0.873822
vt 0.821881 0.867899
vt 0.821881 0.835435
vt 0.151937 0.829495
vt 0.151937 0.797031
vt 0.878719 0.580661
vt 0.850499 0.580661
vt 0.850499 0.548197
vt 0.878719 0.548197
vt 0.263669 0.906289
vt 0.242068 0.906286
vt 0.242068 0.873822
vt 0.263669 0.873826
vt 0.850101 0.867899
vt 0.850101 0.835435
vt 0.342156 0.867907
vt 0.313940 0.867899
vt 0.313940 0.835435
vt 0.342156 0.835443
vt 0.522849 0.906286
vt 0.522849 0.873822
vt 0.182482 0.829495
vt 0.151937 0.829495
vt 0.182482 0.797031
vt 0.511467 0.867901
vt 0.483246 0.867899
vt 0.483246 0.835435
vt 0.511467 0.835437
vt 1.954949 0.393189
vt 1.965357 0.393189
vt 1.965357 0.547540
vt 1.954949 0.547540
vt 1.840523 0.730053
vt 1.852088 0.730053
vt 1.852088 0.884405
vt 1.840523 0.884405
vt 2.202841 0.000000
vt 2.202841 0.154351
vt 1.946097 0.393189
vt 1.946097 0.547540
vt 1.828246 0.730053
vt 1.828246 0.884405
vt 2.191276 0.000000
vt 2.191276 0.154351
vt 1.933107 0.730053
vt 1.943515 0.730053
vt 1.943515 0.884405
vt 1.933107 0.884405
vt 1.815728 0.730053
vt 1.815728 0.884405
vt 1.921542 0.730053
vt 1.921542 0.884405
vt 1.803451 0.730053
vt 1.803451 0.884405
vt 1.909265 0.730053
vt 1.909265 0.884405
vt 1.791886 0.730053
vt 1.791886 0.884405
vt 1.896747 0.730053
vt 1.896747 0.884405
vt 1.781478 0.730053
vt 1.781478 0.884405
vt 1.884470 0.730053
vt 1.884470 0.884405
vt 2.035967 0.393189
vt 2.044818 0.393189
vt 2.044818 0.547540
vt 2.035967 0.547540
vt 1.872905 0.730053
vt 1.872905 0.884405
vt 2.025558 0.393189
vt 2.025558 0.547540
vt 1.862497 0.730053
vt 1.862497 0.884405
vt 2.013994 0.393189
vt 2.013994 0.547540
vt 2.261887 0.000000
vt 2.270738 0.000000
vt 2.270738 0.154351
vt 2.261887 0.154351
vt 2.001717 0.393189
vt 2.001717 0.547540
vt 2.251478 0.000000
vt 2.251478 0.154351
vt 1.989199 0.393189
vt 1.989199 0.547540
vt 2.180868 0.000000
vt 2.180868 0.154351
vt 2.239913 0.000000
vt 2.239913 0.154351
vt 1.976922 0.393189
vt 1.976922 0.547540
vt 2.172017 0.000000
vt 2.172017 0.154351
vt 1.862496 0.730053
vt 1.862496 0.884405
vt 1.447398 0.730053
vt 1.459916 0.730053
vt 1.459916 0.884405
vt 1.447398 0.884405
vt 0.090848 0.699308
vt 0.092889 0.678583
vt 0.123433 0.678583
vt 0.120806 0.705267
vt 0.090848 0.657859
vt 0.120806 0.651900
vt 0.182482 0.829495
vt 0.384118 0.752675
vt 0.386159 0.731950
vt 0.416704 0.731950
vt 0.414075 0.758633
vt 0.384118 0.711226
vt 0.414075 0.705267
vt 0.652565 0.867901
vt 0.652565 0.835437
vt 0.680783 0.835435
vt 0.656926 0.141107
vt 0.658967 0.120383
vt 0.689511 0.120383
vt 0.686883 0.147066
vt 0.656926 0.099658
vt 0.686883 0.093700
vt 0.306868 0.906286
vt 0.306868 0.873822
vt 0.656926 0.568042
vt 0.658967 0.547318
vt 0.689511 0.547318
vt 0.686884 0.574001
vt 0.656926 0.526593
vt 0.686883 0.520634
vt 0.656926 0.579962
vt 0.654884 0.600687
vt 0.624340 0.600687
vt 0.626968 0.574003
vt 0.656926 0.621411
vt 0.626968 0.627370
vt 0.579633 0.657859
vt 0.577592 0.678583
vt 0.547048 0.678583
vt 0.549676 0.651900
vt 0.579633 0.699308
vt 0.549676 0.705267
vt 0.487927 0.829495
vt 0.457383 0.829495
vt 0.457383 0.797031
vt 0.487927 0.797031
vt 0.722097 0.473225
vt 0.720056 0.493950
vt 0.689511 0.493949
vt 0.692140 0.467266
vt 0.722097 0.514674
vt 0.692140 0.520633
vt 0.144609 0.867899
vt 0.116387 0.867907
vt 0.116387 0.835443
vt 0.144609 0.835435
vt 0.449290 0.657859
vt 0.447249 0.678583
vt 0.416705 0.678583
vt 0.419332 0.651900
vt 0.449290 0.699308
vt 0.419333 0.705267
vt 0.451332 0.678583
vt 0.449291 0.657859
vt 0.479248 0.651900
vt 0.481876 0.678583
vt 0.591754 0.301209
vt 0.593795 0.280484
vt 0.624340 0.280484
vt 0.621712 0.307168
vt 0.591754 0.259760
vt 0.621712 0.253801
vt 0.624340 0.247842
vt 0.626381 0.227118
vt 0.656926 0.227118
vt 0.654298 0.253801
vt 0.624340 0.206393
vt 0.654298 0.200434
vt 0.624340 0.354576
vt 0.626381 0.333852
vt 0.656926 0.333852
vt 0.654298 0.360535
vt 0.624340 0.313127
vt 0.654298 0.307168
vt 0.481876 0.699308
vt 0.483917 0.678583
vt 0.514462 0.678583
vt 0.511834 0.705267
vt 0.481876 0.657859
vt 0.511834 0.651900
vt 0.585809 0.481697
vt 0.583768 0.502421
vt 0.553223 0.502421
vt 0.555851 0.475738
vt 0.585809 0.523146
vt 0.555851 0.529105
vt 0.656926 0.259760
vt 0.654884 0.280485
vt 0.624340 0.280485
vt 0.626968 0.253801
vt 0.656926 0.301209
vt 0.626968 0.307168
vt 0.156020 0.604491
vt 0.153978 0.625216
vt 0.123434 0.625216
vt 0.126062 0.598532
vt 0.156020 0.645941
vt 0.126062 0.651900
vt 0.449291 0.699308
vt 0.479248 0.705267
vt 0.878719 0.613125
vt 0.850499 0.613125
vt 0.112453 0.906286
vt 0.090848 0.906301
vt 0.090848 0.873837
vt 0.112453 0.873822
vt 0.878719 0.126163
vt 0.850499 0.126163
vt 0.850499 0.093699
vt 0.878719 0.093699
vt 0.701738 0.829495
vt 0.671193 0.829495
vt 0.671193 0.797031
vt 0.701738 0.797031
vt 0.878719 0.158627
vt 0.850499 0.158627
vt 0.220468 0.906289
vt 0.198867 0.906286
vt 0.198867 0.873822
vt 0.220468 0.873826
vt 0.878719 0.191091
vt 0.850499 0.191091
vt 0.850499 0.158627
vt 0.878719 0.158627
vt 0.426804 0.867907
vt 0.398588 0.867899
vt 0.398588 0.835435
vt 0.426804 0.835443
vt 0.544447 0.906286
vt 0.544447 0.873822
vt 0.426838 0.829495
vt 0.396294 0.829495
vt 0.396294 0.797031
vt 0.426838 0.797031
vt 0.567908 0.867901
vt 0.539687 0.867899
vt 0.539687 0.835435
vt 0.567908 0.835437
vt 1.511869 0.730053
vt 1.522277 0.730053
vt 1.522277 0.884405
vt 1.511869 0.884405
vt 2.002561 0.730053
vt 2.014126 0.730053
vt 2.014126 0.884405
vt 2.002561 0.884405
vt 1.435121 0.730053
vt 1.435121 0.884405
vt 1.503018 0.730053
vt 1.503018 0.884405
vt 1.990283 0.730053
vt 1.990283 0.884405
vt 1.423556 0.730053
vt 1.423556 0.884405
vt 2.095144 0.730053
vt 2.105552 0.730053
vt 2.105552 0.884405
vt 2.095144 0.884405
vt 1.977765 0.730053
vt 1.977765 0.884405
vt 2.083579 0.730053
vt 2.083579 0.884405
vt 1.965488 0.730053
vt 1.965488 0.884405
vt 2.071301 0.730053
vt 2.071301 0.884405
vt 1.953923 0.730053
vt 1.953923 0.884405
vt 2.058784 0.730053
vt 2.058784 0.884405
vt 1.943515 0.884405
vt 2.046507 0.730053
vt 2.046507 0.884405
vt 1.592887 0.730053
vt 1.601739 0.884405
vt 1.592887 0.884405
vt 2.034942 0.730053
vt 2.034942 0.884405
vt 1.582479 0.730053
vt 1.582479 0.884405
vt 2.024534 0.730053
vt 2.024534 0.884405
vt 1.570915 0.730053
vt 1.570915 0.884405
vt 1.494166 0.730053
vt 1.503018 0.730053
vt 1.503018 0.884405
vt 1.494167 0.884405
vt 1.558637 0.730053
vt 1.558637 0.884405
vt 1.483758 0.730053
vt 1.483758 0.884405
vt 1.546119 0.730053
vt 1.546119 0.884405
vt 1.413148 0.730053
vt 1.413148 0.884405
vt 1.472193 0.730053
vt 1.472193 0.884405
vt 1.533842 0.730053
vt 1.533842 0.884405
vt 1.404297 0.730053
vt 1.404297 0.884405
vt 2.024534 0.884405
vt 1.997063 0.182513
vt 2.011864 0.182513
vt 2.011864 0.365027
vt 1.997063 0.365027
vt 0.360567 0.402173
vt 0.362981 0.377668
vt 0.399099 0.377668
vt 0.395991 0.409220
vt 0.360567 0.353162
vt 0.395991 0.346116
vt 0.758215 0.362411
vt 0.722097 0.362411
vt 0.722097 0.324024
vt 0.758215 0.324024
vt 0.090848 0.465279
vt 0.093262 0.440773
vt 0.129379 0.440773
vt 0.126272 0.472325
vt 0.090848 0.416267
vt 0.126272 0.409221
vt 0.791582 0.208866
vt 0.758215 0.208868
vt 0.758215 0.170480
vt 0.791582 0.170478
vt 0.206442 0.212861
vt 0.208856 0.188356
vt 0.244973 0.188355
vt 0.241866 0.219907
vt 0.206442 0.163850
vt 0.241866 0.156804
vt 0.850492 0.477630
vt 0.824953 0.477630
vt 0.824953 0.439243
vt 0.850492 0.439243
vt 0.322035 0.465279
vt 0.324449 0.440773
vt 0.360566 0.440773
vt 0.357459 0.472325
vt 0.322035 0.416267
vt 0.357458 0.409221
vt 0.322036 0.163849
vt 0.319622 0.188355
vt 0.283505 0.188355
vt 0.286612 0.156803
vt 0.322036 0.212861
vt 0.286612 0.219907
vt 0.322036 0.226953
vt 0.319622 0.251459
vt 0.283504 0.251459
vt 0.286612 0.219907
vt 0.322036 0.275965
vt 0.286612 0.283011
vt 0.758214 0.400798
vt 0.722097 0.400798
vt 0.722097 0.362411
vt 0.758214 0.362411
vt 0.129380 0.226954
vt 0.126966 0.251460
vt 0.090848 0.251460
vt 0.093956 0.219908
vt 0.129380 0.275966
vt 0.093956 0.283012
vt 0.366062 0.797022
vt 0.332689 0.797031
vt 0.332689 0.758643
vt 0.366062 0.758634
vt 0.129380 0.163850
vt 0.126966 0.188356
vt 0.090848 0.188356
vt 0.093956 0.156804
vt 0.129380 0.212862
vt 0.093956 0.219908
vt 0.362980 0.440773
vt 0.360566 0.416267
vt 0.395990 0.409221
vt 0.399097 0.440773
vt 0.514692 0.528379
vt 0.517106 0.503873
vt 0.553223 0.503873
vt 0.550116 0.535425
vt 0.514692 0.479368
vt 0.550116 0.472321
vt 0.167910 0.402175
vt 0.170324 0.377669
vt 0.206441 0.377669
vt 0.203334 0.409221
vt 0.167910 0.353163
vt 0.203334 0.346117
vt 0.399097 0.528382
vt 0.401511 0.503877
vt 0.437628 0.503877
vt 0.434520 0.535429
vt 0.399097 0.479371
vt 0.434520 0.472325
vt 0.437628 0.528383
vt 0.440042 0.503877
vt 0.476159 0.503877
vt 0.473052 0.535429
vt 0.437628 0.479371
vt 0.473052 0.472325
vt 0.129379 0.542475
vt 0.126965 0.566981
vt 0.090848 0.566981
vt 0.093955 0.535429
vt 0.129379 0.591486
vt 0.093956 0.598533
vt 0.244973 0.353163
vt 0.242559 0.377669
vt 0.206441 0.377669
vt 0.209549 0.346117
vt 0.244973 0.402175
vt 0.209549 0.409221
vt 0.399096 0.542476
vt 0.396683 0.566981
vt 0.360565 0.566981
vt 0.363673 0.535429
vt 0.399096 0.591487
vt 0.363673 0.598533
vt 0.360566 0.465279
vt 0.395990 0.472325
vt 0.791583 0.477588
vt 0.758215 0.477588
vt 0.778378 0.835418
vt 0.752831 0.835435
vt 0.752831 0.797048
vt 0.778378 0.797031
vt 0.791583 0.515975
vt 0.758215 0.515975
vt 0.619281 0.743654
vt 0.583163 0.743654
vt 0.583163 0.705267
vt 0.619281 0.705267
vt 0.824953 0.439188
vt 0.791585 0.439188
vt 0.791585 0.400800
vt 0.824953 0.400800
vt 0.850494 0.285682
vt 0.824953 0.285678
vt 0.824953 0.247290
vt 0.850494 0.247294
vt 0.791583 0.554362
vt 0.758215 0.554362
vt 0.432798 0.797031
vt 0.399434 0.797022
vt 0.399434 0.758634
vt 0.432798 0.758643
vt 0.850492 0.439243
vt 0.824953 0.439243
vt 0.824953 0.400855
vt 0.850492 0.400855
vt 0.758215 0.439186
vt 0.722097 0.439186
vt 0.722097 0.400798
vt 0.758215 0.400798
vt 0.699728 0.797024
vt 0.666358 0.797022
vt 0.666358 0.758634
vt 0.699728 0.758636
vt 1.414763 0.182513
vt 1.427070 0.182513
vt 1.427070 0.365027
vt 1.414763 0.365027
vt 2.090782 0.547540
vt 2.104457 0.547540
vt 2.104457 0.730053
vt 2.090782 0.730053
vt 1.982545 0.182513
vt 1.982545 0.365027
vt 1.404297 0.182513
vt 1.404297 0.365027
vt 2.076265 0.547540
vt 2.076265 0.730053
vt 1.968870 0.182513
vt 1.968870 0.365027
vt 1.721256 0.182513
vt 1.733563 0.182513
vt 1.733563 0.365027
vt 1.721256 0.365027
vt 2.061463 0.547540
vt 2.061463 0.730053
vt 1.707581 0.182513
vt 1.707581 0.365027
vt 2.046946 0.547540
vt 2.046946 0.730053
vt 1.693064 0.182513
vt 1.693064 0.365027
vt 2.033271 0.547540
vt 2.033271 0.730053
vt 1.678262 0.182513
vt 1.678262 0.365027
vt 2.020964 0.547540
vt 2.020964 0.730053
vt 1.663745 0.182513
vt 1.663745 0.365027
vt 1.510563 0.182513
vt 1.521029 0.182513
vt 1.521030 0.365027
vt 1.510563 0.365027
vt 1.650070 0.182513
vt 1.650070 0.365027
vt 1.498256 0.182513
vt 1.498256 0.365027
vt 1.637763 0.182513
vt 1.637763 0.365027
vt 1.484581 0.182513
vt 1.484581 0.365027
vt 1.627296 0.182513
vt 1.627296 0.365027
vt 1.470064 0.182513
vt 1.470064 0.365027
vt 2.040056 0.182513
vt 2.052364 0.182513
vt 2.052364 0.365027
vt 2.040056 0.365027
vt 1.455262 0.182513
vt 1.455262 0.365027
vt 1.956563 0.182513
vt 1.956563 0.365027
vt 2.026381 0.182513
vt 2.026381 0.365027
vt 1.440745 0.182513
vt 1.440745 0.365027
vt 1.946097 0.182513
vt 1.946097 0.365027
vt 2.116764 0.547540
vt 2.116764 0.730053
vt 1.965663 0.547540
vt 1.980465 0.547540
vt 1.980465 0.730053
vt 1.965663 0.730053
vt 0.476161 0.149757
vt 0.478575 0.125251
vt 0.514692 0.125251
vt 0.511584 0.156803
vt 0.476161 0.100745
vt 0.511585 0.093699
vt 0.126965 0.797022
vt 0.090848 0.797022
vt 0.090848 0.758634
vt 0.126965 0.758634
vt 0.399097 0.465279
vt 0.401511 0.440773
vt 0.437628 0.440773
vt 0.434521 0.472325
vt 0.399097 0.416267
vt 0.434521 0.409221
vt 0.791581 0.247255
vt 0.758215 0.247257
vt 0.758215 0.208870
vt 0.791581 0.208868
vt 0.437630 0.149757
vt 0.440043 0.125251
vt 0.476161 0.125252
vt 0.473053 0.156803
vt 0.437630 0.100746
vt 0.473053 0.093700
vt 0.850492 0.516017
vt 0.824953 0.516017
vt 0.824953 0.477630
vt 0.850492 0.477630
vt 0.437630 0.212861
vt 0.440043 0.188355
vt 0.476161 0.188355
vt 0.473053 0.219907
vt 0.437630 0.163850
vt 0.473053 0.156803
vt 0.476161 0.226953
vt 0.473748 0.251459
vt 0.437630 0.251459
vt 0.440738 0.219907
vt 0.476161 0.275965
vt 0.440737 0.283011
vt 0.476161 0.290057
vt 0.473747 0.314563
vt 0.437629 0.314563
vt 0.440737 0.283011
vt 0.476161 0.339069
vt 0.440737 0.346115
vt 0.758215 0.477573
vt 0.722097 0.477573
vt 0.722097 0.439186
vt 0.758215 0.439186
vt 0.437630 0.100746
vt 0.435216 0.125252
vt 0.399098 0.125252
vt 0.402206 0.093700
vt 0.437630 0.149758
vt 0.402206 0.156804
vt 0.332690 0.797022
vt 0.299317 0.797031
vt 0.299317 0.758643
vt 0.332690 0.758634
vt 0.360566 0.542475
vt 0.358152 0.566981
vt 0.322035 0.566981
vt 0.325142 0.535429
vt 0.360566 0.591487
vt 0.325142 0.598533
vt 0.478574 0.377666
vt 0.476161 0.353161
vt 0.511584 0.346114
vt 0.514692 0.377666
vt 0.129379 0.275966
vt 0.131793 0.251460
vt 0.167911 0.251460
vt 0.164803 0.283012
vt 0.129379 0.226954
vt 0.164803 0.219908
vt 0.437630 0.402173
vt 0.440043 0.377667
vt 0.476161 0.377667
vt 0.473053 0.409219
vt 0.437630 0.353161
vt 0.473053 0.346115
vt 0.167910 0.339071
vt 0.170324 0.314565
vt 0.206441 0.314565
vt 0.203334 0.346117
vt 0.203334 0.283013
vt 0.476161 0.465276
vt 0.478574 0.440770
vt 0.514692 0.440770
vt 0.511584 0.472322
vt 0.476161 0.416265
vt 0.511584 0.409218
vt 0.360567 0.290058
vt 0.358154 0.314563
vt 0.322036 0.314563
vt 0.325144 0.283011
vt 0.360567 0.339069
vt 0.325144 0.346115
vt 0.476161 0.416265
vt 0.473747 0.440771
vt 0.437630 0.440771
vt 0.440737 0.409219
vt 0.476161 0.465277
vt 0.440737 0.472323
vt 0.360566 0.479371
vt 0.358152 0.503877
vt 0.322035 0.503877
vt 0.325142 0.472325
vt 0.360566 0.528383
vt 0.325142 0.535429
vt 0.476161 0.402172
vt 0.511584 0.409218
vt 0.824953 0.477575
vt 0.791585 0.477575
vt 0.727285 0.835418
vt 0.701738 0.835435
vt 0.701738 0.797048
vt 0.727285 0.797031
vt 0.791583 0.592750
vt 0.758215 0.592750
vt 0.758215 0.515960
vt 0.722097 0.515960
vt 0.722097 0.477573
vt 0.758215 0.477573
vt 0.824953 0.515962
vt 0.791585 0.515962
vt 0.791585 0.477575
vt 0.824953 0.477575
vt 0.850495 0.208899
vt 0.824953 0.208895
vt 0.824953 0.170508
vt 0.850495 0.170512
vt 0.824953 0.285638
vt 0.791585 0.285638
vt 0.791585 0.247251
vt 0.824953 0.247251
vt 0.499526 0.797031
vt 0.466162 0.797022
vt 0.466162 0.758634
vt 0.499526 0.758643
vt 0.850492 0.554405
vt 0.655398 0.743654
vt 0.619281 0.743654
vt 0.655398 0.705267
vt 0.791584 0.170478
vt 0.758215 0.170476
vt 0.758215 0.132089
vt 0.791584 0.132091
vt 1.533337 0.365027
vt 1.533337 0.547540
vt 1.521030 0.547540
vt 1.909649 0.182513
vt 1.923324 0.182513
vt 1.923324 0.365027
vt 1.909649 0.365027
vt 1.951146 0.547540
vt 1.951146 0.730053
vt 1.627296 -0.000000
vt 1.637763 -0.000000
vt 1.637763 0.182513
vt 1.627296 0.182513
vt 1.895131 0.182513
vt 1.895131 0.365027
vt 1.937471 0.547540
vt 1.937471 0.730053
vt 1.614989 -0.000000
vt 1.614989 0.182513
vt 1.880330 0.182513
vt 1.880330 0.365027
vt 1.601314 -0.000000
vt 1.601314 0.182513
vt 1.865812 0.182513
vt 1.865812 0.365027
vt 1.586797 -0.000000
vt 1.586797 0.182513
vt 1.852137 0.182513
vt 1.852137 0.365027
vt 1.571996 -0.000000
vt 1.571995 0.182513
vt 1.839830 0.182513
vt 1.839830 0.365027
vt 1.557478 -0.000000
vt 1.557478 0.182513
vt 1.616830 0.365027
vt 1.627297 0.365027
vt 1.627297 0.547540
vt 1.616830 0.547540
vt 1.543803 -0.000000
vt 1.543803 0.182513
vt 1.604523 0.365027
vt 1.604523 0.547540
vt 1.531496 -0.000000
vt 1.531496 0.182513
vt 1.590848 0.365027
vt 1.590848 0.547540
vt 1.521030 -0.000000
vt 1.521030 0.182513
vt 1.576331 0.365027
vt 1.576331 0.547540
vt 2.008657 0.547540
vt 2.008657 0.730053
vt 1.561529 0.365027
vt 1.561529 0.547540
vt 1.925164 0.547540
vt 1.925164 0.730053
vt 1.994982 0.547540
vt 1.994982 0.730053
vt 1.547012 0.365027
vt 1.547012 0.547540
vt 1.935631 0.182513
vt 1.946097 0.182513
vt 1.946097 0.365027
vt 1.935631 0.365027
vt 1.890796 0.365027
vt 1.905598 0.365027
vt 1.905598 0.547540
vt 1.890796 0.547540
vt 0.244972 0.402175
vt 0.247386 0.377669
vt 0.283504 0.377669
vt 0.280396 0.409221
vt 0.244972 0.353163
vt 0.280396 0.346117
vt 0.758215 0.554348
vt 0.722097 0.554348
vt 0.167911 0.275966
vt 0.170324 0.251460
vt 0.206442 0.251460
vt 0.203334 0.283012
vt 0.167911 0.226954
vt 0.203334 0.219908
vt 0.824951 0.170474
vt 0.791585 0.170476
vt 0.791585 0.132089
vt 0.824951 0.132087
vt 0.322036 0.212861
vt 0.324449 0.188356
vt 0.360567 0.188355
vt 0.357459 0.219907
vt 0.322036 0.163850
vt 0.357459 0.156803
vt 0.850492 0.707954
vt 0.824953 0.707954
vt 0.206442 0.149758
vt 0.208856 0.125252
vt 0.244973 0.125252
vt 0.241866 0.156804
vt 0.206442 0.100746
vt 0.241866 0.093700
vt 0.129379 0.100746
vt 0.126966 0.125252
vt 0.090848 0.125252
vt 0.093956 0.093700
vt 0.129379 0.149758
vt 0.093956 0.156804
vt 0.129379 0.353163
vt 0.126966 0.377669
vt 0.090848 0.377669
vt 0.093956 0.346117
vt 0.129379 0.402175
vt 0.093956 0.409221
vt 0.758215 0.592735
vt 0.722097 0.592735
vt 0.722097 0.554348
vt 0.758215 0.554348
vt 0.360567 0.226954
vt 0.358154 0.251459
vt 0.322036 0.251460
vt 0.325144 0.219908
vt 0.360567 0.275965
vt 0.325144 0.283012
vt 0.366062 0.797031
vt 0.366062 0.758643
vt 0.244973 0.290059
vt 0.242559 0.314565
vt 0.206442 0.314565
vt 0.209549 0.283013
vt 0.244973 0.339070
vt 0.209550 0.346117
vt 0.131793 0.566981
vt 0.129379 0.542475
vt 0.164802 0.535429
vt 0.167910 0.566981
vt 0.553223 0.149757
vt 0.555637 0.125252
vt 0.591754 0.125251
vt 0.588647 0.156803
vt 0.553223 0.100746
vt 0.588646 0.093700
vt 0.283504 0.402175
vt 0.285917 0.377669
vt 0.322035 0.377669
vt 0.318927 0.409221
vt 0.283504 0.353163
vt 0.318927 0.346117
vt 0.090848 0.528383
vt 0.093262 0.503877
vt 0.129379 0.503877
vt 0.126271 0.535429
vt 0.090848 0.479371
vt 0.126272 0.472325
vt 0.167910 0.591487
vt 0.170324 0.566981
vt 0.206441 0.566981
vt 0.203334 0.598533
vt 0.167910 0.542475
vt 0.203334 0.535429
vt 0.514692 0.163849
vt 0.512279 0.188355
vt 0.476161 0.188355
vt 0.479269 0.156803
vt 0.514692 0.212861
vt 0.479269 0.219907
vt 0.360566 0.353163
vt 0.358152 0.377669
vt 0.322035 0.377669
vt 0.325142 0.346117
vt 0.360566 0.402175
vt 0.325142 0.409221
vt 0.437628 0.542475
vt 0.435214 0.566981
vt 0.399097 0.566980
vt 0.402204 0.535429
vt 0.437628 0.591487
vt 0.402204 0.598532
vt 0.129379 0.591487
vt 0.164802 0.598533
vt 0.791583 0.631137
vt 0.758215 0.631137
vt 0.803925 0.835418
vt 0.778378 0.835435
vt 0.778378 0.797048
vt 0.803925 0.797031
vt 0.791583 0.669524
vt 0.758215 0.669524
vt 0.758215 0.631122
vt 0.722097 0.631122
vt 0.722097 0.592735
vt 0.758215 0.592735
vt 0.824953 0.554350
vt 0.791585 0.554350
vt 0.791585 0.515962
vt 0.824953 0.515962
vt 0.850494 0.400855
vt 0.824953 0.400852
vt 0.824953 0.362464
vt 0.850494 0.362468
vt 0.824952 0.592737
vt 0.791584 0.592737
vt 0.791584 0.554350
vt 0.824952 0.554350
vt 0.532891 0.797031
vt 0.499526 0.797022
vt 0.499526 0.758634
vt 0.532891 0.758643
vt 0.850492 0.746342
vt 0.824953 0.746342
vt 0.691516 0.743654
vt 0.655398 0.743654
vt 0.655398 0.705267
vt 0.691516 0.705267
vt 0.733098 0.797024
vt 0.699728 0.797022
vt 0.699728 0.758634
vt 0.733098 0.758636
vt 1.744030 0.182513
vt 1.756337 0.182513
vt 1.756337 0.365027
vt 1.744030 0.365027
vt 1.721256 0.547540
vt 1.721256 0.730053
vt 1.707581 0.730053
vt 1.876279 0.365027
vt 1.876279 0.547540
vt 1.733564 0.182513
vt 1.733564 0.365027
vt 1.693064 0.547540
vt 1.693064 0.730053
vt 1.862604 0.365027
vt 1.862604 0.547540
vt 2.060989 0.000000
vt 2.073296 0.000000
vt 2.073296 0.182513
vt 2.060989 0.182513
vt 1.678262 0.547540
vt 1.678262 0.730053
vt 2.047314 0.000000
vt 2.047314 0.182513
vt 1.663745 0.730053
vt 2.032797 0.000000
vt 2.032797 0.182513
vt 1.650070 0.730053
vt 2.017995 0.000000
vt 2.017995 0.182513
vt 1.637763 0.730053
vt 2.003478 0.000000
vt 2.003478 0.182513
vt 1.627297 0.730053
vt 1.989803 0.000000
vt 1.989803 0.182513
vt 1.827523 0.182513
vt 1.839831 0.182513
vt 1.839831 0.365027
vt 1.827523 0.365027
vt 1.977496 0.000000
vt 1.977496 0.182513
vt 1.813848 0.182513
vt 1.813848 0.365027
vt 1.967029 0.000000
vt 1.967029 0.182513
vt 1.799331 0.182513
vt 1.799331 0.365027
vt 1.933789 0.365027
vt 1.946097 0.365027
vt 1.946097 0.547540
vt 1.933789 0.547540
vt 1.784529 0.182513
vt 1.784529 0.365027
vt 1.850297 0.365027
vt 1.850297 0.547540
vt 1.920115 0.365027
vt 1.920115 0.547540
vt 1.770012 0.182513
vt 1.770012 0.365027
vt 1.839830 0.547540
vt 1.733563 0.547540
vt 1.733563 0.730053
vt 1.774063 0.547540
vt 1.788864 0.547540
vt 1.788864 0.730053
vt 1.774063 0.730053
vt 0.399099 0.339070
vt 0.401512 0.314564
vt 0.437630 0.314564
vt 0.434522 0.346116
vt 0.399099 0.290058
vt 0.434522 0.283012
vt 0.758215 0.669510
vt 0.722097 0.669510
vt 0.283505 0.339069
vt 0.285918 0.314563
vt 0.322036 0.314563
vt 0.318928 0.346115
vt 0.283505 0.290057
vt 0.318928 0.283011
vt 0.791581 0.400811
vt 0.758215 0.362426
vt 0.791581 0.362424
vt 0.322036 0.149757
vt 0.324449 0.125251
vt 0.360567 0.125251
vt 0.357459 0.156803
vt 0.322036 0.100745
vt 0.357459 0.093699
vt 0.850491 0.823116
vt 0.824953 0.823116
vt 0.824953 0.784729
vt 0.850491 0.784729
vt 0.360567 0.149757
vt 0.362981 0.125251
vt 0.399098 0.125251
vt 0.395991 0.156804
vt 0.360567 0.100746
vt 0.395991 0.093699
vt 0.437630 0.163849
vt 0.435216 0.188355
vt 0.399099 0.188355
vt 0.402206 0.156803
vt 0.437630 0.212861
vt 0.402207 0.219907
vt 0.167910 0.479372
vt 0.165497 0.503877
vt 0.129379 0.503877
vt 0.132487 0.472325
vt 0.167910 0.528383
vt 0.132487 0.535429
vt 0.722097 0.707897
vt 0.722097 0.669510
vt 0.758214 0.669510
vt 0.206441 0.479371
vt 0.204028 0.503877
vt 0.167910 0.503877
vt 0.171018 0.472325
vt 0.206441 0.528383
vt 0.171018 0.535429
vt 0.299317 0.797022
vt 0.265945 0.797031
vt 0.265945 0.758643
vt 0.299317 0.758634
vt 0.437630 0.353162
vt 0.435216 0.377668
vt 0.399099 0.377668
vt 0.402206 0.346116
vt 0.437630 0.402173
vt 0.402206 0.409220
vt 0.208855 0.566981
vt 0.206441 0.542475
vt 0.241865 0.535429
vt 0.244972 0.566981
vt 0.360567 0.212862
vt 0.362981 0.188356
vt 0.399098 0.188356
vt 0.395991 0.219908
vt 0.360567 0.163850
vt 0.395991 0.156804
vt 0.208855 0.503877
vt 0.244972 0.503877
vt 0.206441 0.479371
vt 0.241865 0.472325
vt 0.244973 0.591486
vt 0.247386 0.566981
vt 0.283504 0.566981
vt 0.280396 0.598533
vt 0.244973 0.542475
vt 0.280396 0.535429
vt 0.283503 0.591487
vt 0.285917 0.566981
vt 0.322035 0.566981
vt 0.318927 0.598533
vt 0.283503 0.542475
vt 0.318927 0.535429
vt 0.476158 0.542475
vt 0.473745 0.566981
vt 0.437627 0.566981
vt 0.440735 0.535429
vt 0.476158 0.591486
vt 0.440735 0.598532
vt 0.283503 0.479371
vt 0.281090 0.503877
vt 0.244972 0.503877
vt 0.248080 0.472325
vt 0.283503 0.528383
vt 0.248080 0.535429
vt 0.514692 0.226953
vt 0.512278 0.251459
vt 0.476161 0.251459
vt 0.479269 0.219907
vt 0.514692 0.275965
vt 0.479268 0.283011
vt 0.206441 0.591487
vt 0.241865 0.598533
vt 0.824953 0.324026
vt 0.791585 0.324026
vt 0.752831 0.835418
vt 0.727285 0.835435
vt 0.727285 0.797048
vt 0.752831 0.797031
vt 0.824953 0.362413
vt 0.163082 0.797022
vt 0.126965 0.797022
vt 0.126965 0.758634
vt 0.163082 0.758634
vt 0.791583 0.707912
vt 0.850495 0.324073
vt 0.824953 0.324069
vt 0.824953 0.285682
vt 0.850495 0.285686
vt 0.824953 0.631124
vt 0.791584 0.631124
vt 0.791584 0.592737
vt 0.824953 0.592737
vt 0.599619 0.797031
vt 0.566255 0.797022
vt 0.566255 0.758634
vt 0.599619 0.758643
vt 0.850492 0.784729
vt 0.583163 0.743654
vt 0.547045 0.743654
vt 0.547045 0.705267
vt 0.583163 0.705267
vt 0.632989 0.797024
vt 0.599619 0.797022
vt 0.599619 0.758634
vt 0.632989 0.758636
vt 1.829364 0.547540
vt 1.841671 0.547540
vt 1.841671 0.730053
vt 1.829364 0.730053
vt 1.484581 0.000000
vt 1.498256 0.000000
vt 1.498256 0.182513
vt 1.484581 0.182513
vt 1.759546 0.547540
vt 1.759546 0.730053
vt 1.744030 -0.000000
vt 1.754496 -0.000000
vt 1.754496 0.182513
vt 1.744030 0.182513
vt 1.470064 0.000000
vt 1.470064 0.182513
vt 1.745870 0.547540
vt 1.745870 0.730053
vt 1.731722 -0.000000
vt 1.731722 0.182513
vt 1.455262 0.000000
vt 1.455262 0.182513
vt 1.718047 -0.000000
vt 1.718047 0.182513
vt 1.440745 0.000000
vt 1.440745 0.182513
vt 1.703530 -0.000000
vt 1.703530 0.182513
vt 1.427070 0.000000
vt 1.427070 0.182513
vt 1.688729 -0.000000
vt 1.688729 0.182513
vt 1.414763 0.000000
vt 1.414763 0.182513
vt 1.674211 -0.000000
vt 1.674211 0.182513
vt 1.404297 0.000000
vt 1.404297 0.182513
vt 1.660536 -0.000000
vt 1.660536 0.182513
vt 1.912857 0.547540
vt 1.925164 0.547540
vt 1.912857 0.730053
vt 1.648229 -0.000000
vt 1.648229 0.182513
vt 1.899182 0.547540
vt 1.899182 0.730053
vt 1.637763 0.182513
vt 1.884665 0.547540
vt 1.884665 0.730053
vt 1.817057 0.547540
vt 1.817057 0.730053
vt 1.869863 0.547540
vt 1.869863 0.730053
vt 1.733563 0.547540
vt 1.733563 0.730053
vt 1.803382 0.547540
vt 1.803382 0.730053
vt 1.855346 0.547540
vt 1.855346 0.730053
vt 1.510563 0.000000
vt 1.521030 0.000000
vt 1.521030 0.182513
vt 1.510563 0.182513
s 0
usemtl TowerMaterial
f 2127/2807/345 2192/2808/345 2191/2809/345 2129/2810/345
f 2129/2810/346 2191/2809/346 2193/2811/346 2131/2812/346
f 2131/2812/347 2193/2811/347 2194/2813/347 2133/2814/347
f 2133/2814/348 2194/2813/348 2195/2815/348 2135/2816/348
f 2135/2816/349 2195/2815/349 2196/2817/349 2137/2818/349
f 2137/2818/350 2196/2817/350 2197/2819/350 2139/2820/350
f 2139/2820/351 2197/2819/351 2198/2821/351 2141/2822/351
f 2141/2822/352 2198/2821/352 2199/2823/352 2143/2824/352
f 2143/2824/353 2199/2823/353 2200/2825/353 2145/2826/353
f 2145/2826/354 2200/2825/354 2201/2827/354 2147/2828/354
f 2147/2828/355 2201/2827/355 2202/2829/355 2149/2830/355
f 2149/2830/356 2202/2829/356 2203/2831/356 2151/2832/356
f 2151/2832/357 2203/2831/357 2204/2833/357 2153/2834/357
f 2153/2834/358 2204/2833/358 2205/2835/358 2155/2836/358
f 2155/2836/359 2205/2835/359 2206/2837/359 2157/2838/359
f 2157/2838/360 2206/2837/360 2207/2839/360 2159/2840/360
f 2159/2840/361 2207/2839/361 2208/2841/361 2161/2842/361
f 2161/2842/362 2208/2841/362 2209/2843/362 2163/2844/362
f 2163/2844/363 2209/2843/363 2210/2845/363 2165/2846/363
f 2165/2846/364 2210/2845/364 2211/2847/364 2167/2848/364
f 2167/2848/365 2211/2847/365 2212/2849/365 2169/2850/365
f 2169/2850/366 2212/2849/366 2213/2851/366 2171/2852/366
f 2171/2852/367 2213/2851/367 2214/2853/367 2173/2854/367
f 2173/2854/368 2214/2853/368 2215/2855/368 2175/2856/368
f 2175/2856/369 2215/2855/369 2216/2857/369 2177/2858/369
f 2177/2858/370 2216/2857/370 2217/2859/370 2179/2860/370
f 2179/2860/371 2217/2859/371 2218/2861/371 2181/2862/371
f 2181/2862/372 2218/2861/372 2219/2863/372 2183/2864/372
f 2183/2864/373 2219/2863/373 2220/2865/373 2185/2866/373
f 2185/2866/374 2220/2865/374 2221/2867/374 2187/2868/374
f 2188/2869/358 2186/2870/358 2300/2871/358 2301/2872/358
f 2187/2868/375 2221/2867/375 2222/2873/375 2189/2874/375
f 2189/2874/376 2222/2873/376 2192/2875/376 2127/2876/376
f 2127/2877/377 2129/2878/377 2131/2879/377 2133/2880/377 2135/2881/377 2137/2882/377 2139/2883/377 2141/2884/377 2143/2885/377 2145/2886/377 2147/2887/377 2149/2888/377 2151/2889/377 2153/2890/377 2155/2891/377 2157/2892/377 2159/2893/377 2161/2894/377 2163/2895/377 2165/2896/377 2167/2897/377 2169/2898/377 2171/2899/377 2173/2900/377 2175/2901/377 2177/2902/377 2179/2903/377 2181/2904/377 2183/2905/377 2185/2906/377 2187/2907/377 2189/2908/377
f 2212/2849/365 2211/2847/365 2237/2847/365 2239/2849/365
f 2203/2831/356 2202/2829/356 2232/2829/356 2231/2831/356
f 2166/2925/348 2168/2926/348 2261/2926/348 2262/2925/348
f 2216/2857/369 2215/2855/369 2240/2855/369 2242/2857/369
f 2207/2839/360 2206/2837/360 2235/2837/360 2234/2839/360
f 2190/2947/360 2128/2948/360 2248/2948/360 2270/2947/360
f 2136/2955/365 2138/2956/365 2251/2956/365 2249/2955/365
f 2220/2865/373 2219/2863/373 2243/2863/373 2245/2865/373
f 2211/2847/364 2210/2845/364 2238/2845/364 2237/2847/364
f 2134/2973/364 2136/2955/364 2249/2955/364 2250/2973/364
f 2160/2984/345 2162/2985/345 2260/2985/345 2258/2984/345
f 2168/2926/349 2170/3034/349 2263/3034/349 2261/2926/349
f 2142/3039/368 2144/3040/368 2252/3040/368 2253/3039/368
f 2199/2823/352 2198/2821/352 2229/2821/352 2228/2823/352
f 2208/2841/361 2207/2839/361 2234/2839/361 2236/2841/361
f 2144/3040/369 2146/3045/369 2254/3045/369 2252/3040/369
f 2195/2815/348 2194/2813/348 2226/2813/348 2225/2815/348
f 2204/2833/357 2203/2831/357 2231/2831/357 2233/2833/357
f 2174/3054/352 2176/3055/352 2264/3055/352 2265/3054/352
f 2200/2825/353 2199/2823/353 2228/2823/353 2230/2825/353
f 2176/3055/353 2178/3060/353 2266/3060/353 2264/3055/353
f 2150/3063/372 2152/3064/372 2255/3064/372 2256/3063/372
f 2196/2817/349 2195/2815/349 2225/2815/349 2227/2817/349
f 2152/3064/373 2154/3065/373 2257/3065/373 2255/3064/373
f 2191/2809/345 2192/2808/345 2224/2808/345 2223/2809/345
f 2192/2875/376 2222/2873/376 2246/2873/376 2224/2875/376
f 2128/2948/361 2130/3074/361 2247/3074/361 2248/2948/361
f 2182/3075/356 2184/3076/356 2267/3076/356 2268/3075/356
f 2219/2863/372 2218/2861/372 2244/2861/372 2243/2863/372
f 2184/3076/357 2186/3080/357 2269/3080/357 2267/3076/357
f 2158/3085/376 2160/2984/376 2258/2984/376 2259/3085/376
f 2215/2855/368 2214/2853/368 2241/2853/368 2240/2855/368
f 2271/3074/378 2272/2948/378 2302/2947/378 2301/3086/378 2300/3080/378 2299/3076/378 2298/3075/378 2297/3087/378 2296/3060/378 2295/3055/378 2294/3054/378 2293/3088/378 2292/3034/378 2291/2926/378 2290/2925/378 2289/3089/378 2288/2985/378 2287/2984/378 2286/3085/378 2285/3090/378 2284/3065/378 2283/3064/378 2282/3063/378 2281/3091/378 2280/3045/378 2279/3040/378 2278/3039/378 2277/3092/378 2276/2956/378 2275/2955/378 2274/2973/378 2273/3093/378
f 2162/3094/345 2160/3095/345 2287/3096/345 2288/3097/345
f 2136/3098/364 2134/3099/364 2274/3100/364 2275/3101/364
f 2190/3102/359 2188/2869/359 2301/2872/359 2302/3103/359
f 2164/3104/346 2162/3094/346 2288/3097/346 2289/3105/346
f 2138/3106/365 2136/3098/365 2275/3101/365 2276/3107/365
f 2128/3108/360 2190/3102/360 2302/3103/360 2272/3109/360
f 2166/3110/347 2164/3111/347 2289/3112/347 2290/3113/347
f 2140/3114/366 2138/3106/366 2276/3107/366 2277/3115/366
f 2168/3116/348 2166/3110/348 2290/3113/348 2291/3117/348
f 2142/3118/367 2140/3114/367 2277/3115/367 2278/3119/367
f 2170/3120/349 2168/3116/349 2291/3117/349 2292/3121/349
f 2144/3122/368 2142/3118/368 2278/3119/368 2279/3123/368
f 2172/3124/350 2170/3120/350 2292/3121/350 2293/3125/350
f 2146/3126/369 2144/3122/369 2279/3123/369 2280/3127/369
f 2174/3128/351 2172/3124/351 2293/3125/351 2294/3129/351
f 2148/3130/370 2146/3131/370 2280/3132/370 2281/3133/370
f 2176/3134/352 2174/3128/352 2294/3129/352 2295/3135/352
f 2150/3136/371 2148/3130/371 2281/3133/371 2282/3137/371
f 2178/3138/353 2176/3134/353 2295/3135/353 2296/3139/353
f 2152/3140/372 2150/3136/372 2282/3137/372 2283/3141/372
f 2180/3142/354 2178/3138/354 2296/3139/354 2297/3143/354
f 2154/3144/373 2152/3140/373 2283/3141/373 2284/3145/373
f 2182/3146/355 2180/3147/355 2297/3148/355 2298/3149/355
f 2156/3150/374 2154/3144/374 2284/3145/374 2285/3151/374
f 2130/3152/361 2128/3108/361 2272/3109/361 2271/3153/361
f 2184/3154/356 2182/3146/356 2298/3149/356 2299/3155/356
f 2158/3156/375 2156/3150/375 2285/3151/375 2286/3157/375
f 2132/3158/362 2130/3142/362 2271/3159/362 2273/3160/362
f 2186/2870/357 2184/3154/357 2299/3155/357 2300/2871/357
f 2160/3095/376 2158/3156/376 2286/3157/376 2287/3096/376
f 2134/3099/363 2132/3158/363 2273/3160/363 2274/3100/363
f 2303/2807/345 2368/2808/345 2367/2809/345 2305/2810/345
f 2305/2810/346 2367/2809/346 2369/2811/346 2307/2812/346
f 2307/2812/347 2369/2811/347 2370/2813/347 2309/2814/347
f 2309/2814/348 2370/2813/348 2371/2815/348 2311/2816/348
f 2311/2816/349 2371/2815/349 2372/2817/349 2313/2818/349
f 2313/2818/350 2372/2817/350 2373/2819/350 2315/2820/350
f 2315/2820/351 2373/2819/351 2374/2821/351 2317/2822/351
f 2317/2822/352 2374/2821/352 2375/2823/352 2319/2824/352
f 2319/2824/353 2375/2823/353 2376/2825/353 2321/2826/353
f 2321/2826/354 2376/2825/354 2377/2827/354 2323/2828/354
f 2323/2828/355 2377/2827/355 2378/2829/355 2325/2830/355
f 2325/2830/356 2378/2829/356 2379/2831/356 2327/2832/356
f 2327/2832/357 2379/2831/357 2380/2833/357 2329/2834/357
f 2329/2834/358 2380/2833/358 2381/2835/358 2331/2836/358
f 2331/2836/359 2381/2835/359 2382/2837/359 2333/2838/359
f 2333/2838/360 2382/2837/360 2383/2839/360 2335/2840/360
f 2335/2840/361 2383/2839/361 2384/2841/361 2337/2842/361
f 2337/2842/362 2384/2841/362 2385/2843/362 2339/2844/362
f 2339/2844/363 2385/2843/363 2386/2845/363 2341/2846/363
f 2341/2846/364 2386/2845/364 2387/2847/364 2343/2848/364
f 2343/2848/365 2387/2847/365 2388/2849/365 2345/2850/365
f 2345/2850/366 2388/2849/366 2389/2851/366 2347/2852/366
f 2347/2852/367 2389/2851/367 2390/2853/367 2349/2854/367
f 2349/2854/368 2390/2853/368 2391/2855/368 2351/2856/368
f 2351/2856/369 2391/2855/369 2392/2857/369 2353/2858/369
f 2353/2858/370 2392/2857/370 2393/2859/370 2355/2860/370
f 2355/2860/371 2393/2859/371 2394/2861/371 2357/2862/371
f 2357/2862/372 2394/2861/372 2395/2863/372 2359/2864/372
f 2359/2864/373 2395/2863/373 2396/2865/373 2361/2866/373
f 2361/2866/374 2396/2865/374 2397/2867/374 2363/2868/374
f 2364/3161/358 2362/3162/358 2476/3163/358 2477/3164/358
f 2363/2868/375 2397/2867/375 2398/2873/375 2365/2874/375
f 2365/2874/376 2398/2873/376 2368/2875/376 2303/2876/376
f 2303/2877/377 2305/2878/377 2307/2879/377 2309/2880/377 2311/2881/377 2313/2882/377 2315/2883/377 2317/2884/377 2319/2885/377 2321/2886/377 2323/2887/377 2325/2888/377 2327/2889/377 2329/2890/377 2331/2891/377 2333/2892/377 2335/2893/377 2337/2894/377 2339/2895/377 2341/2896/377 2343/2897/377 2345/2898/377 2347/2899/377 2349/2900/377 2351/2901/377 2353/2902/377 2355/2903/377 2357/2904/377 2359/2905/377 2361/2906/377 2363/2907/377 2365/2908/377
f 2388/2849/365 2387/2847/365 2413/2847/365 2415/2849/365
f 2379/2831/356 2378/2829/356 2408/2829/356 2407/2831/356
f 2342/2925/348 2344/2926/348 2437/2926/348 2438/2925/348
f 2392/2857/369 2391/2855/369 2416/2855/369 2418/2857/369
f 2383/2839/360 2382/2837/360 2411/2837/360 2410/2839/360
f 2366/2947/360 2304/2948/360 2424/2948/360 2446/2947/360
f 2312/2955/365 2314/2956/365 2427/2956/365 2425/2955/365
f 2396/2865/373 2395/2863/373 2419/2863/373 2421/2865/373
f 2387/2847/364 2386/2845/364 2414/2845/364 2413/2847/364
f 2310/2973/364 2312/2955/364 2425/2955/364 2426/2973/364
f 2336/2984/345 2338/2985/345 2436/2985/345 2434/2984/345
f 2344/2926/349 2346/3034/349 2439/3034/349 2437/2926/349
f 2318/3039/368 2320/3040/368 2428/3040/368 2429/3039/368
f 2375/2823/352 2374/2821/352 2405/2821/352 2404/2823/352
f 2384/2841/361 2383/2839/361 2410/2839/361 2412/2841/361
f 2320/3040/369 2322/3045/369 2430/3045/369 2428/3040/369
f 2371/2815/348 2370/2813/348 2402/2813/348 2401/2815/348
f 2380/2833/357 2379/2831/357 2407/2831/357 2409/2833/357
f 2350/3054/352 2352/3055/352 2440/3055/352 2441/3054/352
f 2376/2825/353 2375/2823/353 2404/2823/353 2406/2825/353
f 2352/3055/353 2354/3060/353 2442/3060/353 2440/3055/353
f 2326/3063/372 2328/3064/372 2431/3064/372 2432/3063/372
f 2372/2817/349 2371/2815/349 2401/2815/349 2403/2817/349
f 2328/3064/373 2330/3065/373 2433/3065/373 2431/3064/373
f 2367/2809/345 2368/2808/345 2400/2808/345 2399/2809/345
f 2368/2875/376 2398/2873/376 2422/2873/376 2400/2875/376
f 2304/2948/361 2306/3074/361 2423/3074/361 2424/2948/361
f 2358/3075/356 2360/3076/356 2443/3076/356 2444/3075/356
f 2395/2863/372 2394/2861/372 2420/2861/372 2419/2863/372
f 2360/3076/357 2362/3080/357 2445/3080/357 2443/3076/357
f 2334/3085/376 2336/2984/376 2434/2984/376 2435/3085/376
f 2391/2855/368 2390/2853/368 2417/2853/368 2416/2855/368
f 2447/3074/378 2448/2948/378 2478/2947/378 2477/3086/378 2476/3080/378 2475/3076/378 2474/3075/378 2473/3087/378 2472/3060/378 2471/3055/378 2470/3054/378 2469/3088/378 2468/3034/378 2467/2926/378 2466/2925/378 2465/3089/378 2464/2985/378 2463/2984/378 2462/3085/378 2461/3090/378 2460/3065/378 2459/3064/378 2458/3063/378 2457/3091/378 2456/3045/378 2455/3040/378 2454/3039/378 2453/3092/378 2452/2956/378 2451/2955/378 2450/2973/378 2449/3093/378
f 2338/3323/345 2336/3324/345 2463/3325/345 2464/3326/345
f 2312/3327/364 2310/3328/364 2450/3329/364 2451/3330/364
f 2366/3331/359 2364/3161/359 2477/3164/359 2478/3332/359
f 2340/3333/346 2338/3323/346 2464/3326/346 2465/3334/346
f 2314/3335/365 2312/3327/365 2451/3330/365 2452/3336/365
f 2304/3337/360 2366/3331/360 2478/3332/360 2448/3338/360
f 2342/3339/347 2340/3340/347 2465/3341/347 2466/3342/347
f 2316/3343/366 2314/3335/366 2452/3336/366 2453/3344/366
f 2344/3345/348 2342/3339/348 2466/3342/348 2467/3346/348
f 2318/3347/367 2316/3343/367 2453/3344/367 2454/3348/367
f 2346/3349/349 2344/3345/349 2467/3346/349 2468/3350/349
f 2320/3351/368 2318/3347/368 2454/3348/368 2455/3352/368
f 2348/3353/350 2346/3349/350 2468/3350/350 2469/3354/350
f 2322/3355/369 2320/3351/369 2455/3352/369 2456/3356/369
f 2350/3357/351 2348/3353/351 2469/3354/351 2470/3358/351
f 2324/3359/370 2322/3355/370 2456/3356/370 2457/3360/370
f 2352/3361/352 2350/3357/352 2470/3358/352 2471/3362/352
f 2326/3363/371 2324/3364/371 2457/3365/371 2458/3366/371
f 2354/3367/353 2352/3361/353 2471/3362/353 2472/3368/353
f 2328/3369/372 2326/3363/372 2458/3366/372 2459/3370/372
f 2356/3371/354 2354/3367/354 2472/3368/354 2473/3372/354
f 2330/3373/373 2328/3369/373 2459/3370/373 2460/3374/373
f 2358/3375/355 2356/3376/355 2473/3377/355 2474/3378/355
f 2332/3379/374 2330/3373/374 2460/3374/374 2461/3380/374
f 2306/3381/361 2304/3337/361 2448/3338/361 2447/3382/361
f 2360/3383/356 2358/3375/356 2474/3378/356 2475/3384/356
f 2334/3385/375 2332/3379/375 2461/3380/375 2462/3386/375
f 2308/3387/362 2306/3381/362 2447/3382/362 2449/3388/362
f 2362/3162/357 2360/3383/357 2475/3384/357 2476/3163/357
f 2336/3324/376 2334/3385/376 2462/3386/376 2463/3325/376
f 2310/3328/363 2308/3389/363 2449/3390/363 2450/3329/363
f 2479/2807/345 2544/2808/345 2543/2809/345 2481/2810/345
f 2481/2810/346 2543/2809/346 2545/2811/346 2483/2812/346
f 2483/2812/347 2545/2811/347 2546/2813/347 2485/2814/347
f 2485/2814/348 2546/2813/348 2547/2815/348 2487/2816/348
f 2487/2816/349 2547/2815/349 2548/2817/349 2489/2818/349
f 2489/2818/350 2548/2817/350 2549/2819/350 2491/2820/350
f 2491/2820/351 2549/2819/351 2550/2821/351 2493/2822/351
f 2493/2822/352 2550/2821/352 2551/2823/352 2495/2824/352
f 2495/2824/353 2551/2823/353 2552/2825/353 2497/2826/353
f 2497/2826/354 2552/2825/354 2553/2827/354 2499/2828/354
f 2499/2828/355 2553/2827/355 2554/2829/355 2501/2830/355
f 2501/2830/356 2554/2829/356 2555/2831/356 2503/2832/356
f 2503/2832/357 2555/2831/357 2556/2833/357 2505/2834/357
f 2505/2834/358 2556/2833/358 2557/2835/358 2507/2836/358
f 2507/2836/359 2557/2835/359 2558/2837/359 2509/2838/359
f 2509/2838/360 2558/2837/360 2559/2839/360 2511/2840/360
f 2511/2840/361 2559/2839/361 2560/2841/361 2513/2842/361
f 2513/2842/362 2560/2841/362 2561/2843/362 2515/2844/362
f 2515/2844/363 2561/2843/363 2562/2845/363 2517/2846/363
f 2517/2846/364 2562/2845/364 2563/2847/364 2519/2848/364
f 2519/2848/365 2563/2847/365 2564/2849/365 2521/2850/365
f 2521/2850/366 2564/2849/366 2565/2851/366 2523/2852/366
f 2523/2852/367 2565/2851/367 2566/2853/367 2525/2854/367
f 2525/2854/368 2566/2853/368 2567/2855/368 2527/2856/368
f 2527/2856/369 2567/2855/369 2568/2857/369 2529/2858/369
f 2529/2858/370 2568/2857/370 2569/2859/370 2531/2860/370
f 2531/2860/371 2569/2859/371 2570/2861/371 2533/2862/371
f 2533/2862/372 2570/2861/372 2571/2863/372 2535/2864/372
f 2535/2864/373 2571/2863/373 2572/2865/373 2537/2866/373
f 2537/2866/374 2572/2865/374 2573/2867/374 2539/2868/374
f 2540/3391/358 2538/3392/358 2652/3393/358 2653/3394/358
f 2539/2868/375 2573/2867/375 2574/2873/375 2541/2874/375
f 2541/2874/376 2574/2873/376 2544/2875/376 2479/2876/376
f 2479/2877/377 2481/2878/377 2483/2879/377 2485/2880/377 2487/2881/377 2489/2882/377 2491/2883/377 2493/2884/377 2495/2885/377 2497/2886/377 2499/2887/377 2501/2888/377 2503/2889/377 2505/2890/377 2507/2891/377 2509/2892/377 2511/2893/377 2513/2894/377 2515/2895/377 2517/2896/377 2519/2897/377 2521/2898/377 2523/2899/377 2525/2900/377 2527/2901/377 2529/2902/377 2531/2903/377 2533/2904/377 2535/2905/377 2537/2906/377 2539/2907/377 2541/2908/377
f 2564/2849/365 2563/2847/365 2589/2847/365 2591/2849/365
f 2555/2831/356 2554/2829/356 2584/2829/356 2583/2831/356
f 2518/2925/348 2520/2926/348 2613/2926/348 2614/2925/348
f 2568/2857/369 2567/2855/369 2592/2855/369 2594/2857/369
f 2559/2839/360 2558/2837/360 2587/2837/360 2586/2839/360
f 2542/2947/360 2480/2948/360 2600/2948/360 2622/2947/360
f 2488/2955/365 2490/2956/365 2603/2956/365 2601/2955/365
f 2572/2865/373 2571/2863/373 2595/2863/373 2597/2865/373
f 2563/2847/364 2562/2845/364 2590/2845/364 2589/2847/364
f 2486/2973/364 2488/2955/364 2601/2955/364 2602/2973/364
f 2512/2984/345 2514/2985/345 2612/2985/345 2610/2984/345
f 2520/2926/349 2522/3034/349 2615/3034/349 2613/2926/349
f 2494/3039/368 2496/3040/368 2604/3040/368 2605/3039/368
f 2551/2823/352 2550/2821/352 2581/2821/352 2580/2823/352
f 2560/2841/361 2559/2839/361 2586/2839/361 2588/2841/361
f 2496/3040/369 2498/3045/369 2606/3045/369 2604/3040/369
f 2547/2815/348 2546/2813/348 2578/2813/348 2577/2815/348
f 2556/2833/357 2555/2831/357 2583/2831/357 2585/2833/357
f 2526/3054/352 2528/3055/352 2616/3055/352 2617/3054/352
f 2552/2825/353 2551/2823/353 2580/2823/353 2582/2825/353
f 2528/3055/353 2530/3060/353 2618/3060/353 2616/3055/353
f 2502/3063/372 2504/3064/372 2607/3064/372 2608/3063/372
f 2548/2817/349 2547/2815/349 2577/2815/349 2579/2817/349
f 2504/3064/373 2506/3065/373 2609/3065/373 2607/3064/373
f 2543/2809/345 2544/2808/345 2576/2808/345 2575/2809/345
f 2544/2875/376 2574/2873/376 2598/2873/376 2576/2875/376
f 2480/2948/361 2482/3074/361 2599/3074/361 2600/2948/361
f 2534/3075/356 2536/3076/356 2619/3076/356 2620/3075/356
f 2571/2863/372 2570/2861/372 2596/2861/372 2595/2863/372
f 2536/3076/357 2538/3080/357 2621/3080/357 2619/3076/357
f 2510/3085/376 2512/2984/376 2610/2984/376 2611/3085/376
f 2567/2855/368 2566/2853/368 2593/2853/368 2592/2855/368
f 2623/3074/378 2624/2948/378 2654/2947/378 2653/3086/378 2652/3080/378 2651/3076/378 2650/3075/378 2649/3087/378 2648/3060/378 2647/3055/378 2646/3054/378 2645/3088/378 2644/3034/378 2643/2926/378 2642/2925/378 2641/3089/378 2640/2985/378 2639/2984/378 2638/3085/378 2637/3090/378 2636/3065/378 2635/3064/378 2634/3063/378 2633/3091/378 2632/3045/378 2631/3040/378 2630/3039/378 2629/3092/378 2628/2956/378 2627/2955/378 2626/2973/378 2625/3093/378
f 2514/3551/345 2512/3552/345 2639/3553/345 2640/3554/345
f 2488/3555/364 2486/3556/364 2626/3557/364 2627/3558/364
f 2542/3559/359 2540/3391/359 2653/3394/359 2654/3560/359
f 2516/3561/346 2514/3551/346 2640/3554/346 2641/3562/346
f 2490/3563/365 2488/3555/365 2627/3558/365 2628/3564/365
f 2480/3565/360 2542/3559/360 2654/3560/360 2624/3566/360
f 2518/3567/347 2516/3568/347 2641/3569/347 2642/3570/347
f 2492/3571/366 2490/3563/366 2628/3564/366 2629/3572/366
f 2520/3573/348 2518/3567/348 2642/3570/348 2643/3574/348
f 2494/3575/367 2492/3571/367 2629/3572/367 2630/3576/367
f 2522/3577/349 2520/3573/349 2643/3574/349 2644/3578/349
f 2496/3579/368 2494/3575/368 2630/3576/368 2631/3580/368
f 2524/3581/350 2522/3577/350 2644/3578/350 2645/3582/350
f 2498/3583/369 2496/3579/369 2631/3580/369 2632/3584/369
f 2526/3585/351 2524/3581/351 2645/3582/351 2646/3586/351
f 2500/3587/370 2498/3152/370 2632/3588/370 2633/3589/370
f 2528/3590/352 2526/3585/352 2646/3586/352 2647/3591/352
f 2502/3592/371 2500/3587/371 2633/3589/371 2634/3593/371
f 2530/3147/353 2528/3590/353 2647/3591/353 2648/3594/353
f 2504/3595/372 2502/3592/372 2634/3593/372 2635/3596/372
f 2532/3597/354 2530/3583/354 2648/3584/354 2649/3598/354
f 2506/3599/373 2504/3595/373 2635/3596/373 2636/3600/373
f 2534/3601/355 2532/3597/355 2649/3598/355 2650/3602/355
f 2508/3603/374 2506/3599/374 2636/3600/374 2637/3604/374
f 2482/3605/361 2480/3565/361 2624/3566/361 2623/3606/361
f 2536/3607/356 2534/3601/356 2650/3602/356 2651/3608/356
f 2510/3609/375 2508/3603/375 2637/3604/375 2638/3610/375
f 2484/3611/362 2482/3605/362 2623/3606/362 2625/3612/362
f 2538/3392/357 2536/3607/357 2651/3608/357 2652/3393/357
f 2512/3552/376 2510/3609/376 2638/3610/376 2639/3553/376
f 2486/3556/363 2484/3613/363 2625/3614/363 2626/3557/363
f 2655/2807/345 2720/2808/345 2719/2809/345 2657/2810/345
f 2657/2810/346 2719/2809/346 2721/2811/346 2659/2812/346
f 2659/2812/347 2721/2811/347 2722/2813/347 2661/2814/347
f 2661/2814/348 2722/2813/348 2723/2815/348 2663/2816/348
f 2663/2816/349 2723/2815/349 2724/2817/349 2665/2818/349
f 2665/2818/350 2724/2817/350 2725/2819/350 2667/2820/350
f 2667/2820/351 2725/2819/351 2726/2821/351 2669/2822/351
f 2669/2822/352 2726/2821/352 2727/2823/352 2671/2824/352
f 2671/2824/353 2727/2823/353 2728/2825/353 2673/2826/353
f 2673/2826/354 2728/2825/354 2729/2827/354 2675/2828/354
f 2675/2828/355 2729/2827/355 2730/2829/355 2677/2830/355
f 2677/2830/356 2730/2829/356 2731/2831/356 2679/2832/356
f 2679/2832/357 2731/2831/357 2732/2833/357 2681/2834/357
f 2681/2834/358 2732/2833/358 2733/2835/358 2683/2836/358
f 2683/2836/359 2733/2835/359 2734/2837/359 2685/2838/359
f 2685/2838/360 2734/2837/360 2735/2839/360 2687/2840/360
f 2687/2840/361 2735/2839/361 2736/2841/361 2689/2842/361
f 2689/2842/362 2736/2841/362 2737/2843/362 2691/2844/362
f 2691/2844/363 2737/2843/363 2738/2845/363 2693/2846/363
f 2693/2846/364 2738/2845/364 2739/2847/364 2695/2848/364
f 2695/2848/365 2739/2847/365 2740/2849/365 2697/2850/365
f 2697/2850/366 2740/2849/366 2741/2851/366 2699/2852/366
f 2699/2852/367 2741/2851/367 2742/2853/367 2701/2854/367
f 2701/2854/368 2742/2853/368 2743/2855/368 2703/2856/368
f 2703/2856/369 2743/2855/369 2744/2857/369 2705/2858/369
f 2705/2858/370 2744/2857/370 2745/2859/370 2707/2860/370
f 2707/2860/371 2745/2859/371 2746/2861/371 2709/2862/371
f 2709/2862/372 2746/2861/372 2747/2863/372 2711/2864/372
f 2711/2864/373 2747/2863/373 2748/2865/373 2713/2866/373
f 2713/2866/374 2748/2865/374 2749/2867/374 2715/2868/374
f 2716/3615/358 2714/3616/358 2828/3617/358 2829/3618/358
f 2715/2868/375 2749/2867/375 2750/2873/375 2717/2874/375
f 2717/2874/376 2750/2873/376 2720/2875/376 2655/2876/376
f 2655/2877/377 2657/2878/377 2659/2879/377 2661/2880/377 2663/2881/377 2665/2882/377 2667/2883/377 2669/2884/377 2671/2885/377 2673/2886/377 2675/2887/377 2677/2888/377 2679/2889/377 2681/2890/377 2683/2891/377 2685/2892/377 2687/2893/377 2689/2894/377 2691/2895/377 2693/2896/377 2695/2897/377 2697/2898/377 2699/2899/377 2701/2900/377 2703/2901/377 2705/2902/377 2707/2903/377 2709/2904/377 2711/2905/377 2713/2906/377 2715/2907/377 2717/2908/377
f 2740/2849/365 2739/2847/365 2765/2847/365 2767/2849/365
f 2731/2831/356 2730/2829/356 2760/2829/356 2759/2831/356
f 2694/2925/348 2696/2926/348 2789/2926/348 2790/2925/348
f 2744/2857/369 2743/2855/369 2768/2855/369 2770/2857/369
f 2735/2839/360 2734/2837/360 2763/2837/360 2762/2839/360
f 2718/2947/360 2656/2948/360 2776/2948/360 2798/2947/360
f 2664/2955/365 2666/2956/365 2779/2956/365 2777/2955/365
f 2748/2865/373 2747/2863/373 2771/2863/373 2773/2865/373
f 2739/2847/364 2738/2845/364 2766/2845/364 2765/2847/364
f 2662/2973/364 2664/2955/364 2777/2955/364 2778/2973/364
f 2688/2984/345 2690/2985/345 2788/2985/345 2786/2984/345
f 2696/2926/349 2698/3034/349 2791/3034/349 2789/2926/349
f 2670/3039/368 2672/3040/368 2780/3040/368 2781/3039/368
f 2727/2823/352 2726/2821/352 2757/2821/352 2756/2823/352
f 2736/2841/361 2735/2839/361 2762/2839/361 2764/2841/361
f 2672/3040/369 2674/3045/369 2782/3045/369 2780/3040/369
f 2723/2815/348 2722/2813/348 2754/2813/348 2753/2815/348
f 2732/2833/357 2731/2831/357 2759/2831/357 2761/2833/357
f 2702/3054/352 2704/3055/352 2792/3055/352 2793/3054/352
f 2728/2825/353 2727/2823/353 2756/2823/353 2758/2825/353
f 2704/3055/353 2706/3060/353 2794/3060/353 2792/3055/353
f 2678/3063/372 2680/3064/372 2783/3064/372 2784/3063/372
f 2724/2817/349 2723/2815/349 2753/2815/349 2755/2817/349
f 2680/3064/373 2682/3065/373 2785/3065/373 2783/3064/373
f 2719/2809/345 2720/2808/345 2752/2808/345 2751/2809/345
f 2720/2875/376 2750/2873/376 2774/2873/376 2752/2875/376
f 2656/2948/361 2658/3074/361 2775/3074/361 2776/2948/361
f 2710/3075/356 2712/3076/356 2795/3076/356 2796/3075/356
f 2747/2863/372 2746/2861/372 2772/2861/372 2771/2863/372
f 2712/3076/357 2714/3080/357 2797/3080/357 2795/3076/357
f 2686/3085/376 2688/2984/376 2786/2984/376 2787/3085/376
f 2743/2855/368 2742/2853/368 2769/2853/368 2768/2855/368
f 2799/3074/378 2800/2948/378 2830/2947/378 2829/3086/378 2828/3080/378 2827/3076/378 2826/3075/378 2825/3087/378 2824/3060/378 2823/3055/378 2822/3054/378 2821/3088/378 2820/3034/378 2819/2926/378 2818/2925/378 2817/3089/378 2816/2985/378 2815/2984/378 2814/3085/378 2813/3090/378 2812/3065/378 2811/3064/378 2810/3063/378 2809/3091/378 2808/3045/378 2807/3040/378 2806/3039/378 2805/3092/378 2804/2956/378 2803/2955/378 2802/2973/378 2801/3093/378
f 2690/3771/345 2688/3772/345 2815/3773/345 2816/3774/345
f 2664/3775/364 2662/3776/364 2802/3777/364 2803/3778/364
f 2718/3779/359 2716/3615/359 2829/3618/359 2830/3780/359
f 2692/3781/346 2690/3771/346 2816/3774/346 2817/3782/346
f 2666/3783/365 2664/3775/365 2803/3778/365 2804/3784/365
f 2656/3785/360 2718/3779/360 2830/3780/360 2800/3786/360
f 2694/3787/347 2692/3788/347 2817/3789/347 2818/3790/347
f 2668/3791/366 2666/3783/366 2804/3784/366 2805/3792/366
f 2696/3793/348 2694/3787/348 2818/3790/348 2819/3794/348
f 2670/3795/367 2668/3791/367 2805/3792/367 2806/3796/367
f 2698/3797/349 2696/3793/349 2819/3794/349 2820/3798/349
f 2672/3799/368 2670/3795/368 2806/3796/368 2807/3800/368
f 2700/3801/350 2698/3797/350 2820/3798/350 2821/3802/350
f 2674/3803/369 2672/3799/369 2807/3800/369 2808/3804/369
f 2702/3805/351 2700/3801/351 2821/3802/351 2822/3806/351
f 2676/3365/370 2674/3803/370 2808/3804/370 2809/3807/370
f 2704/3808/352 2702/3805/352 2822/3806/352 2823/3809/352
f 2678/3810/371 2676/3811/371 2809/3812/371 2810/3813/371
f 2706/3814/353 2704/3808/353 2823/3809/353 2824/3815/353
f 2680/3816/372 2678/3810/372 2810/3813/372 2811/3817/372
f 2708/3340/354 2706/3814/354 2824/3815/354 2825/3341/354
f 2682/3818/373 2680/3816/373 2811/3817/373 2812/3819/373
f 2710/3820/355 2708/3821/355 2825/3822/355 2826/3823/355
f 2684/3824/374 2682/3818/374 2812/3819/374 2813/3825/374
f 2658/3826/361 2656/3785/361 2800/3786/361 2799/3827/361
f 2712/3828/356 2710/3820/356 2826/3823/356 2827/3829/356
f 2686/3830/375 2684/3824/375 2813/3825/375 2814/3831/375
f 2660/3832/362 2658/3826/362 2799/3827/362 2801/3833/362
f 2714/3616/357 2712/3828/357 2827/3829/357 2828/3617/357
f 2688/3772/376 2686/3830/376 2814/3831/376 2815/3773/376
f 2662/3776/363 2660/3832/363 2801/3833/363 2802/3777/363
f 2831/2807/345 2896/2808/345 2895/2809/345 2833/2810/345
f 2833/2810/346 2895/2809/346 2897/2811/346 2835/2812/346
f 2835/2812/347 2897/2811/347 2898/2813/347 2837/2814/347
f 2837/2814/348 2898/2813/348 2899/2815/348 2839/2816/348
f 2839/2816/395 2899/2815/395 2900/2817/395 2841/2818/395
f 2841/2818/396 2900/2817/396 2901/2819/396 2843/2820/396
f 2843/2820/397 2901/2819/397 2902/2821/397 2845/2822/397
f 2845/2822/398 2902/2821/398 2903/2823/398 2847/2824/398
f 2847/2824/399 2903/2823/399 2904/2825/399 2849/2826/399
f 2849/2826/400 2904/2825/400 2905/2827/400 2851/2828/400
f 2851/2828/355 2905/2827/355 2906/2829/355 2853/2830/355
f 2853/2830/356 2906/2829/356 2907/2831/356 2855/2832/356
f 2855/2832/357 2907/2831/357 2908/2833/357 2857/2834/357
f 2857/2834/358 2908/2833/358 2909/2835/358 2859/2836/358
f 2859/2836/359 2909/2835/359 2910/2837/359 2861/2838/359
f 2861/2838/360 2910/2837/360 2911/2839/360 2863/2840/360
f 2863/2840/361 2911/2839/361 2912/2841/361 2865/2842/361
f 2865/2842/362 2912/2841/362 2913/2843/362 2867/2844/362
f 2867/2844/363 2913/2843/363 2914/2845/363 2869/2846/363
f 2869/2846/364 2914/2845/364 2915/2847/364 2871/2848/364
f 2871/2848/365 2915/2847/365 2916/2849/365 2873/2850/365
f 2873/2850/366 2916/2849/366 2917/2851/366 2875/2852/366
f 2875/2852/367 2917/2851/367 2918/2853/367 2877/2854/367
f 2877/2854/368 2918/2853/368 2919/2855/368 2879/2856/368
f 2879/2856/369 2919/2855/369 2920/2857/369 2881/2858/369
f 2881/2858/370 2920/2857/370 2921/2859/370 2883/2860/370
f 2883/2860/371 2921/2859/371 2922/2861/371 2885/2862/371
f 2885/2862/372 2922/2861/372 2923/2863/372 2887/2864/372
f 2887/2864/373 2923/2863/373 2924/2865/373 2889/2866/373
f 2889/2866/374 2924/2865/374 2925/2867/374 2891/2868/374
f 2892/3834/358 2890/3835/358 3004/3836/358 3005/3837/358
f 2891/2868/375 2925/2867/375 2926/2873/375 2893/2874/375
f 2893/2874/376 2926/2873/376 2896/2875/376 2831/2876/376
f 2831/2877/377 2833/2878/377 2835/2879/377 2837/2880/377 2839/2881/377 2841/2882/377 2843/2883/377 2845/2884/377 2847/2885/377 2849/2886/377 2851/2887/377 2853/2888/377 2855/2889/377 2857/2890/377 2859/2891/377 2861/2892/377 2863/2893/377 2865/2894/377 2867/2895/377 2869/2896/377 2871/2897/377 2873/2898/377 2875/2899/377 2877/2900/377 2879/2901/377 2881/2902/377 2883/2903/377 2885/2904/377 2887/2905/377 2889/2906/377 2891/2907/377 2893/2908/377
f 2916/2849/365 2915/2847/365 2941/2847/365 2943/2849/365
f 2907/2831/356 2906/2829/356 2936/2829/356 2935/2831/356
f 2870/2925/348 2872/2926/348 2965/2926/348 2966/2925/348
f 2920/2857/369 2919/2855/369 2944/2855/369 2946/2857/369
f 2911/2839/360 2910/2837/360 2939/2837/360 2938/2839/360
f 2894/2947/360 2832/2948/360 2952/2948/360 2974/2947/360
f 2840/2955/405 2842/2956/405 2955/2956/405 2953/2955/405
f 2924/2865/373 2923/2863/373 2947/2863/373 2949/2865/373
f 2915/2847/364 2914/2845/364 2942/2845/364 2941/2847/364
f 2838/2973/406 2840/2955/406 2953/2955/406 2954/2973/406
f 2864/2984/345 2866/2985/345 2964/2985/345 2962/2984/345
f 2872/2926/349 2874/3034/349 2967/3034/349 2965/2926/349
f 2846/3039/410 2848/3040/410 2956/3040/410 2957/3039/410
f 2903/2823/411 2902/2821/411 2933/2821/411 2932/2823/411
f 2912/2841/361 2911/2839/361 2938/2839/361 2940/2841/361
f 2848/3040/412 2850/3045/412 2958/3045/412 2956/3040/412
f 2899/2815/348 2898/2813/348 2930/2813/348 2929/2815/348
f 2908/2833/357 2907/2831/357 2935/2831/357 2937/2833/357
f 2878/3054/352 2880/3055/352 2968/3055/352 2969/3054/352
f 2904/2825/414 2903/2823/414 2932/2823/414 2934/2825/414
f 2880/3055/353 2882/3060/353 2970/3060/353 2968/3055/353
f 2854/3063/372 2856/3064/372 2959/3064/372 2960/3063/372
f 2900/2817/415 2899/2815/415 2929/2815/415 2931/2817/415
f 2856/3064/373 2858/3065/373 2961/3065/373 2959/3064/373
f 2895/2809/345 2896/2808/345 2928/2808/345 2927/2809/345
f 2896/2875/376 2926/2873/376 2950/2873/376 2928/2875/376
f 2832/2948/361 2834/3074/361 2951/3074/361 2952/2948/361
f 2886/3075/356 2888/3076/356 2971/3076/356 2972/3075/356
f 2923/2863/372 2922/2861/372 2948/2861/372 2947/2863/372
f 2888/3076/357 2890/3080/357 2973/3080/357 2971/3076/357
f 2862/3085/376 2864/2984/376 2962/2984/376 2963/3085/376
f 2919/2855/368 2918/2853/368 2945/2853/368 2944/2855/368
f 2975/3074/378 2976/2948/378 3006/2947/378 3005/3086/378 3004/3080/378 3003/3076/378 3002/3075/378 3001/3087/378 3000/3060/378 2999/3055/378 2998/3054/378 2997/3088/378 2996/3034/378 2995/2926/378 2994/2925/378 2993/3089/378 2992/2985/378 2991/2984/378 2990/3085/378 2989/3090/378 2988/3065/378 2987/3064/378 2986/3063/378 2985/3091/378 2984/3045/378 2983/3040/378 2982/3039/378 2981/3092/378 2980/2956/378 2979/2955/378 2978/2973/378 2977/3093/378
f 2866/3992/345 2864/3993/345 2991/3994/345 2992/3995/345
f 2840/3996/418 2838/3997/418 2978/3998/418 2979/3999/418
f 2894/4000/359 2892/3834/359 3005/3837/359 3006/4001/359
f 2868/4002/346 2866/4003/346 2992/4004/346 2993/4005/346
f 2842/4006/419 2840/3996/419 2979/3999/419 2980/4007/419
f 2832/4008/360 2894/4000/360 3006/4001/360 2976/4009/360
f 2870/4010/347 2868/4002/347 2993/4005/347 2994/4011/347
f 2844/4012/420 2842/4006/420 2980/4007/420 2981/4013/420
f 2872/4014/348 2870/4010/348 2994/4011/348 2995/4015/348
f 2846/4016/421 2844/4012/421 2981/4013/421 2982/4017/421
f 2874/4018/349 2872/4014/349 2995/4015/349 2996/4019/349
f 2848/4020/422 2846/4016/422 2982/4017/422 2983/4021/422
f 2876/4022/350 2874/4018/350 2996/4019/350 2997/4023/350
f 2850/4024/423 2848/4020/423 2983/4021/423 2984/4025/423
f 2878/4026/351 2876/4022/351 2997/4023/351 2998/4027/351
f 2852/4028/424 2850/4024/424 2984/4025/424 2985/4029/424
f 2880/4030/352 2878/4026/352 2998/4027/352 2999/4031/352
f 2854/4032/425 2852/4033/425 2985/4034/425 2986/4035/425
f 2882/4036/353 2880/4030/353 2999/4031/353 3000/4037/353
f 2856/4038/372 2854/4032/372 2986/4035/372 2987/4039/372
f 2884/4040/354 2882/4036/354 3000/4037/354 3001/4041/354
f 2858/4042/373 2856/4038/373 2987/4039/373 2988/4043/373
f 2886/4044/355 2884/4045/355 3001/4046/355 3002/4047/355
f 2860/4048/374 2858/4042/374 2988/4043/374 2989/4049/374
f 2834/4003/361 2832/4008/361 2976/4009/361 2975/4004/361
f 2888/4050/356 2886/4044/356 3002/4047/356 3003/4051/356
f 2862/4052/375 2860/4048/375 2989/4049/375 2990/4053/375
f 2836/4054/362 2834/4055/362 2975/4056/362 2977/4057/362
f 2890/3835/357 2888/4050/357 3003/4051/357 3004/3836/357
f 2864/3993/376 2862/4052/376 2990/4053/376 2991/3994/376
f 2838/3997/363 2836/4054/363 2977/4057/363 2978/3998/363
f 3007/2807/345 3072/2808/345 3071/2809/345 3009/2810/345
f 3009/2810/346 3071/2809/346 3073/2811/346 3011/2812/346
f 3011/2812/347 3073/2811/347 3074/2813/347 3013/2814/347
f 3013/2814/348 3074/2813/348 3075/2815/348 3015/2816/348
f 3015/2816/349 3075/2815/349 3076/2817/349 3017/2818/349
f 3017/2818/350 3076/2817/350 3077/2819/350 3019/2820/350
f 3019/2820/351 3077/2819/351 3078/2821/351 3021/2822/351
f 3021/2822/352 3078/2821/352 3079/2823/352 3023/2824/352
f 3023/2824/353 3079/2823/353 3080/2825/353 3025/2826/353
f 3025/2826/354 3080/2825/354 3081/2827/354 3027/2828/354
f 3027/2828/355 3081/2827/355 3082/2829/355 3029/2830/355
f 3029/2830/356 3082/2829/356 3083/2831/356 3031/2832/356
f 3031/2832/357 3083/2831/357 3084/2833/357 3033/2834/357
f 3033/2834/358 3084/2833/358 3085/2835/358 3035/2836/358
f 3035/2836/359 3085/2835/359 3086/2837/359 3037/2838/359
f 3037/2838/360 3086/2837/360 3087/2839/360 3039/2840/360
f 3039/2840/361 3087/2839/361 3088/2841/361 3041/2842/361
f 3041/2842/362 3088/2841/362 3089/2843/362 3043/2844/362
f 3043/2844/363 3089/2843/363 3090/2845/363 3045/2846/363
f 3045/2846/364 3090/2845/364 3091/2847/364 3047/2848/364
f 3047/2848/365 3091/2847/365 3092/2849/365 3049/2850/365
f 3049/2850/366 3092/2849/366 3093/2851/366 3051/2852/366
f 3051/2852/367 3093/2851/367 3094/2853/367 3053/2854/367
f 3053/2854/368 3094/2853/368 3095/2855/368 3055/2856/368
f 3055/2856/369 3095/2855/369 3096/2857/369 3057/2858/369
f 3057/2858/370 3096/2857/370 3097/2859/370 3059/2860/370
f 3059/2860/371 3097/2859/371 3098/2861/371 3061/2862/371
f 3061/2862/372 3098/2861/372 3099/2863/372 3063/2864/372
f 3063/2864/373 3099/2863/373 3100/2865/373 3065/2866/373
f 3065/2866/374 3100/2865/374 3101/2867/374 3067/2868/374
f 3068/4058/358 3066/4059/358 3180/4060/358 3181/4061/358
f 3067/2868/375 3101/2867/375 3102/2873/375 3069/2874/375
f 3069/2874/376 3102/2873/376 3072/2875/376 3007/2876/376
f 3007/2877/377 3009/2878/377 3011/2879/377 3013/2880/377 3015/2881/377 3017/2882/377 3019/2883/377 3021/2884/377 3023/2885/377 3025/2886/377 3027/2887/377 3029/2888/377 3031/2889/377 3033/2890/377 3035/2891/377 3037/2892/377 3039/2893/377 3041/2894/377 3043/2895/377 3045/2896/377 3047/2897/377 3049/2898/377 3051/2899/377 3053/2900/377 3055/2901/377 3057/2902/377 3059/2903/377 3061/2904/377 3063/2905/377 3065/2906/377 3067/2907/377 3069/2908/377
f 3092/2849/365 3091/2847/365 3117/2847/365 3119/2849/365
f 3083/2831/356 3082/2829/356 3112/2829/356 3111/2831/356
f 3046/2925/348 3048/2926/348 3141/2926/348 3142/2925/348
f 3096/2857/369 3095/2855/369 3120/2855/369 3122/2857/369
f 3087/2839/360 3086/2837/360 3115/2837/360 3114/2839/360
f 3070/2947/360 3008/2948/360 3128/2948/360 3150/2947/360
f 3016/2955/365 3018/2956/365 3131/2956/365 3129/2955/365
f 3100/2865/373 3099/2863/373 3123/2863/373 3125/2865/373
f 3091/2847/364 3090/2845/364 3118/2845/364 3117/2847/364
f 3014/2973/364 3016/2955/364 3129/2955/364 3130/2973/364
f 3040/2984/345 3042/2985/345 3140/2985/345 3138/2984/345
f 3048/2926/349 3050/3034/349 3143/3034/349 3141/2926/349
f 3022/3039/368 3024/3040/368 3132/3040/368 3133/3039/368
f 3079/2823/352 3078/2821/352 3109/2821/352 3108/2823/352
f 3088/2841/361 3087/2839/361 3114/2839/361 3116/2841/361
f 3024/3040/369 3026/3045/369 3134/3045/369 3132/3040/369
f 3075/2815/348 3074/2813/348 3106/2813/348 3105/2815/348
f 3084/2833/357 3083/2831/357 3111/2831/357 3113/2833/357
f 3054/3054/352 3056/3055/352 3144/3055/352 3145/3054/352
f 3080/2825/353 3079/2823/353 3108/2823/353 3110/2825/353
f 3056/3055/353 3058/3060/353 3146/3060/353 3144/3055/353
f 3030/3063/372 3032/3064/372 3135/3064/372 3136/3063/372
f 3076/2817/349 3075/2815/349 3105/2815/349 3107/2817/349
f 3032/3064/373 3034/3065/373 3137/3065/373 3135/3064/373
f 3071/2809/345 3072/2808/345 3104/2808/345 3103/2809/345
f 3072/2875/376 3102/2873/376 3126/2873/376 3104/2875/376
f 3008/2948/361 3010/3074/361 3127/3074/361 3128/2948/361
f 3062/3075/356 3064/3076/356 3147/3076/356 3148/3075/356
f 3099/2863/372 3098/2861/372 3124/2861/372 3123/2863/372
f 3064/3076/357 3066/3080/357 3149/3080/357 3147/3076/357
f 3038/3085/376 3040/2984/376 3138/2984/376 3139/3085/376
f 3095/2855/368 3094/2853/368 3121/2853/368 3120/2855/368
f 3151/3074/378 3152/2948/378 3182/2947/378 3181/3086/378 3180/3080/378 3179/3076/378 3178/3075/378 3177/3087/378 3176/3060/378 3175/3055/378 3174/3054/378 3173/3088/378 3172/3034/378 3171/2926/378 3170/2925/378 3169/3089/378 3168/2985/378 3167/2984/378 3166/3085/378 3165/3090/378 3164/3065/378 3163/3064/378 3162/3063/378 3161/3091/378 3160/3045/378 3159/3040/378 3158/3039/378 3157/3092/378 3156/2956/378 3155/2955/378 3154/2973/378 3153/3093/378
f 3042/4209/345 3040/4210/345 3167/4211/345 3168/4056/345
f 3016/4212/364 3014/4213/364 3154/4214/364 3155/4215/364
f 3070/4216/359 3068/4058/359 3181/4061/359 3182/4217/359
f 3044/4218/346 3042/4219/346 3168/4220/346 3169/4221/346
f 3018/4222/365 3016/4212/365 3155/4215/365 3156/4223/365
f 3008/4224/360 3070/4216/360 3182/4217/360 3152/4225/360
f 3046/4226/347 3044/4218/347 3169/4221/347 3170/4227/347
f 3020/4228/366 3018/4222/366 3156/4223/366 3157/4229/366
f 3048/4230/348 3046/4226/348 3170/4227/348 3171/4231/348
f 3022/4232/367 3020/4228/367 3157/4229/367 3158/4233/367
f 3050/4234/349 3048/4230/349 3171/4231/349 3172/4235/349
f 3024/4236/368 3022/4232/368 3158/4233/368 3159/4237/368
f 3052/4238/350 3050/4234/350 3172/4235/350 3173/4239/350
f 3026/4240/369 3024/4236/369 3159/4237/369 3160/4241/369
f 3054/4242/351 3052/4238/351 3173/4239/351 3174/4243/351
f 3028/4244/370 3026/4240/370 3160/4241/370 3161/4245/370
f 3056/4246/352 3054/4242/352 3174/4243/352 3175/4247/352
f 3030/4248/371 3028/4249/371 3161/4250/371 3162/4251/371
f 3058/4252/353 3056/4246/353 3175/4247/353 3176/4253/353
f 3032/4254/372 3030/4248/372 3162/4251/372 3163/4255/372
f 3060/4256/354 3058/4252/354 3176/4253/354 3177/4257/354
f 3034/4258/373 3032/4254/373 3163/4255/373 3164/4259/373
f 3062/4260/355 3060/4261/355 3177/4262/355 3178/4263/355
f 3036/4264/374 3034/4258/374 3164/4259/374 3165/4265/374
f 3010/4266/361 3008/4224/361 3152/4225/361 3151/4267/361
f 3064/4268/356 3062/4260/356 3178/4263/356 3179/4269/356
f 3038/4270/375 3036/4264/375 3165/4265/375 3166/4271/375
f 3012/4272/362 3010/4273/362 3151/4274/362 3153/4275/362
f 3066/4059/357 3064/4268/357 3179/4269/357 3180/4060/357
f 3040/4210/376 3038/4270/376 3166/4271/376 3167/4211/376
f 3014/4213/363 3012/4272/363 3153/4275/363 3154/4214/363
f 3183/2807/345 3248/2808/345 3247/2809/345 3185/2810/345
f 3185/2810/346 3247/2809/346 3249/2811/346 3187/2812/346
f 3187/2812/347 3249/2811/347 3250/2813/347 3189/2814/347
f 3189/2814/348 3250/2813/348 3251/2815/348 3191/2816/348
f 3191/2816/349 3251/2815/349 3252/2817/349 3193/2818/349
f 3193/2818/350 3252/2817/350 3253/2819/350 3195/2820/350
f 3195/2820/351 3253/2819/351 3254/2821/351 3197/2822/351
f 3197/2822/352 3254/2821/352 3255/2823/352 3199/2824/352
f 3199/2824/353 3255/2823/353 3256/2825/353 3201/2826/353
f 3201/2826/354 3256/2825/354 3257/2827/354 3203/2828/354
f 3203/2828/355 3257/2827/355 3258/2829/355 3205/2830/355
f 3205/2830/356 3258/2829/356 3259/2831/356 3207/2832/356
f 3207/2832/357 3259/2831/357 3260/2833/357 3209/2834/357
f 3209/2834/358 3260/2833/358 3261/2835/358 3211/2836/358
f 3211/2836/359 3261/2835/359 3262/2837/359 3213/2838/359
f 3213/2838/360 3262/2837/360 3263/2839/360 3215/2840/360
f 3215/2840/361 3263/2839/361 3264/2841/361 3217/2842/361
f 3217/2842/362 3264/2841/362 3265/2843/362 3219/2844/362
f 3219/2844/363 3265/2843/363 3266/2845/363 3221/2846/363
f 3221/2846/364 3266/2845/364 3267/2847/364 3223/2848/364
f 3223/2848/365 3267/2847/365 3268/2849/365 3225/2850/365
f 3225/2850/366 3268/2849/366 3269/2851/366 3227/2852/366
f 3227/2852/367 3269/2851/367 3270/2853/367 3229/2854/367
f 3229/2854/368 3270/2853/368 3271/2855/368 3231/2856/368
f 3231/2856/369 3271/2855/369 3272/2857/369 3233/2858/369
f 3233/2858/370 3272/2857/370 3273/2859/370 3235/2860/370
f 3235/2860/371 3273/2859/371 3274/2861/371 3237/2862/371
f 3237/2862/372 3274/2861/372 3275/2863/372 3239/2864/372
f 3239/2864/373 3275/2863/373 3276/2865/373 3241/2866/373
f 3241/2866/374 3276/2865/374 3277/2867/374 3243/2868/374
f 3244/4276/358 3242/4277/358 3356/4278/358 3357/4279/358
f 3243/2868/375 3277/2867/375 3278/2873/375 3245/2874/375
f 3245/2874/376 3278/2873/376 3248/2875/376 3183/2876/376
f 3183/2877/377 3185/2878/377 3187/2879/377 3189/2880/377 3191/2881/377 3193/2882/377 3195/2883/377 3197/2884/377 3199/2885/377 3201/2886/377 3203/2887/377 3205/2888/377 3207/2889/377 3209/2890/377 3211/2891/377 3213/2892/377 3215/2893/377 3217/2894/377 3219/2895/377 3221/2896/377 3223/2897/377 3225/2898/377 3227/2899/377 3229/2900/377 3231/2901/377 3233/2902/377 3235/2903/377 3237/2904/377 3239/2905/377 3241/2906/377 3243/2907/377 3245/2908/377
f 3268/2849/365 3267/2847/365 3293/2847/365 3295/2849/365
f 3259/2831/356 3258/2829/356 3288/2829/356 3287/2831/356
f 3222/2925/348 3224/2926/348 3317/2926/348 3318/2925/348
f 3272/2857/369 3271/2855/369 3296/2855/369 3298/2857/369
f 3263/2839/360 3262/2837/360 3291/2837/360 3290/2839/360
f 3246/2947/360 3184/2948/360 3304/2948/360 3326/2947/360
f 3192/2955/365 3194/2956/365 3307/2956/365 3305/2955/365
f 3276/2865/373 3275/2863/373 3299/2863/373 3301/2865/373
f 3267/2847/364 3266/2845/364 3294/2845/364 3293/2847/364
f 3190/2973/364 3192/2955/364 3305/2955/364 3306/2973/364
f 3216/2984/345 3218/2985/345 3316/2985/345 3314/2984/345
f 3224/2926/349 3226/3034/349 3319/3034/349 3317/2926/349
f 3198/3039/368 3200/3040/368 3308/3040/368 3309/3039/368
f 3255/2823/352 3254/2821/352 3285/2821/352 3284/2823/352
f 3264/2841/361 3263/2839/361 3290/2839/361 3292/2841/361
f 3200/3040/369 3202/3045/369 3310/3045/369 3308/3040/369
f 3251/2815/348 3250/2813/348 3282/2813/348 3281/2815/348
f 3260/2833/357 3259/2831/357 3287/2831/357 3289/2833/357
f 3230/3054/352 3232/3055/352 3320/3055/352 3321/3054/352
f 3256/2825/353 3255/2823/353 3284/2823/353 3286/2825/353
f 3232/3055/353 3234/3060/353 3322/3060/353 3320/3055/353
f 3206/3063/372 3208/3064/372 3311/3064/372 3312/3063/372
f 3252/2817/349 3251/2815/349 3281/2815/349 3283/2817/349
f 3208/3064/373 3210/3065/373 3313/3065/373 3311/3064/373
f 3247/2809/345 3248/2808/345 3280/2808/345 3279/2809/345
f 3248/2875/376 3278/2873/376 3302/2873/376 3280/2875/376
f 3184/2948/361 3186/3074/361 3303/3074/361 3304/2948/361
f 3238/3075/356 3240/3076/356 3323/3076/356 3324/3075/356
f 3275/2863/372 3274/2861/372 3300/2861/372 3299/2863/372
f 3240/3076/357 3242/3080/357 3325/3080/357 3323/3076/357
f 3214/3085/376 3216/2984/376 3314/2984/376 3315/3085/376
f 3271/2855/368 3270/2853/368 3297/2853/368 3296/2855/368
f 3327/3074/378 3328/2948/378 3358/2947/378 3357/3086/378 3356/3080/378 3355/3076/378 3354/3075/378 3353/3087/378 3352/3060/378 3351/3055/378 3350/3054/378 3349/3088/378 3348/3034/378 3347/2926/378 3346/2925/378 3345/3089/378 3344/2985/378 3343/2984/378 3342/3085/378 3341/3090/378 3340/3065/378 3339/3064/378 3338/3063/378 3337/3091/378 3336/3045/378 3335/3040/378 3334/3039/378 3333/3092/378 3332/2956/378 3331/2955/378 3330/2973/378 3329/3093/378
f 3218/4427/345 3216/4428/345 3343/4429/345 3344/4430/345
f 3192/4431/364 3190/4432/364 3330/4433/364 3331/4434/364
f 3246/4435/359 3244/4276/359 3357/4279/359 3358/4436/359
f 3220/4437/346 3218/4427/346 3344/4430/346 3345/4438/346
f 3194/4439/365 3192/4431/365 3331/4434/365 3332/4440/365
f 3184/4441/360 3246/4435/360 3358/4436/360 3328/4442/360
f 3222/4443/347 3220/4444/347 3345/4445/347 3346/4446/347
f 3196/4447/366 3194/4439/366 3332/4440/366 3333/4448/366
f 3224/4449/348 3222/4443/348 3346/4446/348 3347/4450/348
f 3198/4451/367 3196/4447/367 3333/4448/367 3334/4452/367
f 3226/4453/349 3224/4449/349 3347/4450/349 3348/4454/349
f 3200/4455/368 3198/4451/368 3334/4452/368 3335/4456/368
f 3228/4457/350 3226/4453/350 3348/4454/350 3349/4458/350
f 3202/4459/369 3200/4455/369 3335/4456/369 3336/4460/369
f 3230/4461/351 3228/4457/351 3349/4458/351 3350/4462/351
f 3204/4463/370 3202/4464/370 3336/4465/370 3337/4466/370
f 3232/4467/352 3230/4461/352 3350/4462/352 3351/4468/352
f 3206/4469/371 3204/4463/371 3337/4466/371 3338/4470/371
f 3234/4471/353 3232/4467/353 3351/4468/353 3352/4472/353
f 3208/4473/372 3206/4469/372 3338/4470/372 3339/4474/372
f 3236/4475/354 3234/4476/354 3352/4477/354 3353/4478/354
f 3210/4479/373 3208/4473/373 3339/4474/373 3340/4480/373
f 3238/4481/355 3236/4475/355 3353/4478/355 3354/4482/355
f 3212/4483/374 3210/4479/374 3340/4480/374 3341/4484/374
f 3186/4485/361 3184/4441/361 3328/4442/361 3327/4486/361
f 3240/4487/356 3238/4481/356 3354/4482/356 3355/4488/356
f 3214/4489/375 3212/4483/375 3341/4484/375 3342/4490/375
f 3188/4491/362 3186/4485/362 3327/4486/362 3329/4492/362
f 3242/4277/357 3240/4487/357 3355/4488/357 3356/4278/357
f 3216/4428/376 3214/4489/376 3342/4490/376 3343/4429/376
f 3190/4432/363 3188/4493/363 3329/4494/363 3330/4433/363
f 3359/2807/345 3424/2808/345 3423/2809/345 3361/2810/345
f 3361/2810/346 3423/2809/346 3425/2811/346 3363/2812/346
f 3363/2812/347 3425/2811/347 3426/2813/347 3365/2814/347
f 3365/2814/348 3426/2813/348 3427/2815/348 3367/2816/348
f 3367/2816/349 3427/2815/349 3428/2817/349 3369/2818/349
f 3369/2818/350 3428/2817/350 3429/2819/350 3371/2820/350
f 3371/2820/351 3429/2819/351 3430/2821/351 3373/2822/351
f 3373/2822/352 3430/2821/352 3431/2823/352 3375/2824/352
f 3375/2824/353 3431/2823/353 3432/2825/353 3377/2826/353
f 3377/2826/354 3432/2825/354 3433/2827/354 3379/2828/354
f 3379/2828/355 3433/2827/355 3434/2829/355 3381/2830/355
f 3381/2830/356 3434/2829/356 3435/2831/356 3383/2832/356
f 3383/2832/357 3435/2831/357 3436/2833/357 3385/2834/357
f 3385/2834/358 3436/2833/358 3437/2835/358 3387/2836/358
f 3387/2836/359 3437/2835/359 3438/2837/359 3389/2838/359
f 3389/2838/360 3438/2837/360 3439/2839/360 3391/2840/360
f 3391/2840/361 3439/2839/361 3440/2841/361 3393/2842/361
f 3393/2842/362 3440/2841/362 3441/2843/362 3395/2844/362
f 3395/2844/363 3441/2843/363 3442/2845/363 3397/2846/363
f 3397/2846/364 3442/2845/364 3443/2847/364 3399/2848/364
f 3399/2848/365 3443/2847/365 3444/2849/365 3401/2850/365
f 3401/2850/366 3444/2849/366 3445/2851/366 3403/2852/366
f 3403/2852/367 3445/2851/367 3446/2853/367 3405/2854/367
f 3405/2854/368 3446/2853/368 3447/2855/368 3407/2856/368
f 3407/2856/369 3447/2855/369 3448/2857/369 3409/2858/369
f 3409/2858/370 3448/2857/370 3449/2859/370 3411/2860/370
f 3411/2860/371 3449/2859/371 3450/2861/371 3413/2862/371
f 3413/2862/372 3450/2861/372 3451/2863/372 3415/2864/372
f 3415/2864/373 3451/2863/373 3452/2865/373 3417/2866/373
f 3417/2866/374 3452/2865/374 3453/2867/374 3419/2868/374
f 3420/4495/358 3418/4496/358 3532/4497/358 3533/4498/358
f 3419/2868/375 3453/2867/375 3454/2873/375 3421/2874/375
f 3421/2874/376 3454/2873/376 3424/2875/376 3359/2876/376
f 3359/2877/377 3361/2878/377 3363/2879/377 3365/2880/377 3367/2881/377 3369/2882/377 3371/2883/377 3373/2884/377 3375/2885/377 3377/2886/377 3379/2887/377 3381/2888/377 3383/2889/377 3385/2890/377 3387/2891/377 3389/2892/377 3391/2893/377 3393/2894/377 3395/2895/377 3397/2896/377 3399/2897/377 3401/2898/377 3403/2899/377 3405/2900/377 3407/2901/377 3409/2902/377 3411/2903/377 3413/2904/377 3415/2905/377 3417/2906/377 3419/2907/377 3421/2908/377
f 3444/2849/365 3443/2847/365 3469/2847/365 3471/2849/365
f 3435/2831/356 3434/2829/356 3464/2829/356 3463/2831/356
f 3398/2925/348 3400/2926/348 3493/2926/348 3494/2925/348
f 3448/2857/369 3447/2855/369 3472/2855/369 3474/2857/369
f 3439/2839/360 3438/2837/360 3467/2837/360 3466/2839/360
f 3422/2947/360 3360/2948/360 3480/2948/360 3502/2947/360
f 3368/2955/365 3370/2956/365 3483/2956/365 3481/2955/365
f 3452/2865/373 3451/2863/373 3475/2863/373 3477/2865/373
f 3443/2847/364 3442/2845/364 3470/2845/364 3469/2847/364
f 3366/2973/364 3368/2955/364 3481/2955/364 3482/2973/364
f 3392/2984/345 3394/2985/345 3492/2985/345 3490/2984/345
f 3400/2926/349 3402/3034/349 3495/3034/349 3493/2926/349
f 3374/3039/368 3376/3040/368 3484/3040/368 3485/3039/368
f 3431/2823/352 3430/2821/352 3461/2821/352 3460/2823/352
f 3440/2841/361 3439/2839/361 3466/2839/361 3468/2841/361
f 3376/3040/369 3378/3045/369 3486/3045/369 3484/3040/369
f 3427/2815/348 3426/2813/348 3458/2813/348 3457/2815/348
f 3436/2833/357 3435/2831/357 3463/2831/357 3465/2833/357
f 3406/3054/352 3408/3055/352 3496/3055/352 3497/3054/352
f 3432/2825/353 3431/2823/353 3460/2823/353 3462/2825/353
f 3408/3055/353 3410/3060/353 3498/3060/353 3496/3055/353
f 3382/3063/372 3384/3064/372 3487/3064/372 3488/3063/372
f 3428/2817/349 3427/2815/349 3457/2815/349 3459/2817/349
f 3384/3064/373 3386/3065/373 3489/3065/373 3487/3064/373
f 3423/2809/345 3424/2808/345 3456/2808/345 3455/2809/345
f 3424/2875/376 3454/2873/376 3478/2873/376 3456/2875/376
f 3360/2948/361 3362/3074/361 3479/3074/361 3480/2948/361
f 3414/3075/356 3416/3076/356 3499/3076/356 3500/3075/356
f 3451/2863/372 3450/2861/372 3476/2861/372 3475/2863/372
f 3416/3076/357 3418/3080/357 3501/3080/357 3499/3076/357
f 3390/3085/376 3392/2984/376 3490/2984/376 3491/3085/376
f 3447/2855/368 3446/2853/368 3473/2853/368 3472/2855/368
f 3503/3074/378 3504/2948/378 3534/2947/378 3533/3086/378 3532/3080/378 3531/3076/378 3530/3075/378 3529/3087/378 3528/3060/378 3527/3055/378 3526/3054/378 3525/3088/378 3524/3034/378 3523/2926/378 3522/2925/378 3521/3089/378 3520/2985/378 3519/2984/378 3518/3085/378 3517/3090/378 3516/3065/378 3515/3064/378 3514/3063/378 3513/3091/378 3512/3045/378 3511/3040/378 3510/3039/378 3509/3092/378 3508/2956/378 3507/2955/378 3506/2973/378 3505/3093/378
f 3394/4647/345 3392/4648/345 3519/4649/345 3520/4650/345
f 3368/4651/364 3366/4652/364 3506/4653/364 3507/4654/364
f 3422/4655/359 3420/4495/359 3533/4498/359 3534/4656/359
f 3396/4657/346 3394/4647/346 3520/4650/346 3521/4658/346
f 3370/4659/365 3368/4651/365 3507/4654/365 3508/4660/365
f 3360/4661/360 3422/4655/360 3534/4656/360 3504/4662/360
f 3398/4663/347 3396/4664/347 3521/4665/347 3522/4666/347
f 3372/4667/366 3370/4659/366 3508/4660/366 3509/4668/366
f 3400/4669/348 3398/4663/348 3522/4666/348 3523/4670/348
f 3374/4671/367 3372/4667/367 3509/4668/367 3510/4672/367
f 3402/4673/349 3400/4669/349 3523/4670/349 3524/4674/349
f 3376/4675/368 3374/4671/368 3510/4672/368 3511/4676/368
f 3404/4677/350 3402/4673/350 3524/4674/350 3525/4678/350
f 3378/4444/369 3376/4675/369 3511/4676/369 3512/4679/369
f 3406/4680/351 3404/4677/351 3525/4678/351 3526/4681/351
f 3380/4682/370 3378/3126/370 3512/4683/370 3513/4684/370
f 3408/4685/352 3406/4680/352 3526/4681/352 3527/4686/352
f 3382/4687/371 3380/4682/371 3513/4684/371 3514/4688/371
f 3410/4689/353 3408/4685/353 3527/4686/353 3528/4690/353
f 3384/4691/372 3382/4687/372 3514/4688/372 3515/4692/372
f 3412/4693/354 3410/4694/354 3528/4695/354 3529/4696/354
f 3386/4697/373 3384/4691/373 3515/4692/373 3516/4698/373
f 3414/4699/355 3412/4693/355 3529/4696/355 3530/4700/355
f 3388/4701/374 3386/4697/374 3516/4698/374 3517/4702/374
f 3362/4703/361 3360/4661/361 3504/4662/361 3503/4704/361
f 3416/4705/356 3414/4699/356 3530/4700/356 3531/4706/356
f 3390/4707/375 3388/4701/375 3517/4702/375 3518/4708/375
f 3364/4709/362 3362/4703/362 3503/4704/362 3505/4710/362
f 3418/4496/357 3416/4705/357 3531/4706/357 3532/4497/357
f 3392/4648/376 3390/4707/376 3518/4708/376 3519/4649/376
f 3366/4652/363 3364/4689/363 3505/4711/363 3506/4653/363
f 3535/2807/345 3600/2808/345 3599/2809/345 3537/2810/345
f 3537/2810/346 3599/2809/346 3601/2811/346 3539/2812/346
f 3539/2812/347 3601/2811/347 3602/2813/347 3541/2814/347
f 3541/2814/348 3602/2813/348 3603/2815/348 3543/2816/348
f 3543/2816/349 3603/2815/349 3604/2817/349 3545/2818/349
f 3545/2818/350 3604/2817/350 3605/2819/350 3547/2820/350
f 3547/2820/351 3605/2819/351 3606/2821/351 3549/2822/351
f 3549/2822/352 3606/2821/352 3607/2823/352 3551/2824/352
f 3551/2824/353 3607/2823/353 3608/2825/353 3553/2826/353
f 3553/2826/354 3608/2825/354 3609/2827/354 3555/2828/354
f 3555/2828/355 3609/2827/355 3610/2829/355 3557/2830/355
f 3557/2830/356 3610/2829/356 3611/2831/356 3559/2832/356
f 3559/2832/357 3611/2831/357 3612/2833/357 3561/2834/357
f 3561/2834/358 3612/2833/358 3613/2835/358 3563/2836/358
f 3563/2836/359 3613/2835/359 3614/2837/359 3565/2838/359
f 3565/2838/360 3614/2837/360 3615/2839/360 3567/2840/360
f 3567/2840/361 3615/2839/361 3616/2841/361 3569/2842/361
f 3569/2842/362 3616/2841/362 3617/2843/362 3571/2844/362
f 3571/2844/363 3617/2843/363 3618/2845/363 3573/2846/363
f 3573/2846/364 3618/2845/364 3619/2847/364 3575/2848/364
f 3575/2848/365 3619/2847/365 3620/2849/365 3577/2850/365
f 3577/2850/366 3620/2849/366 3621/2851/366 3579/2852/366
f 3579/2852/367 3621/2851/367 3622/2853/367 3581/2854/367
f 3581/2854/368 3622/2853/368 3623/2855/368 3583/2856/368
f 3583/2856/369 3623/2855/369 3624/2857/369 3585/2858/369
f 3585/2858/370 3624/2857/370 3625/2859/370 3587/2860/370
f 3587/2860/371 3625/2859/371 3626/2861/371 3589/2862/371
f 3589/2862/372 3626/2861/372 3627/2863/372 3591/2864/372
f 3591/2864/373 3627/2863/373 3628/2865/373 3593/2866/373
f 3593/2866/374 3628/2865/374 3629/2867/374 3595/2868/374
f 3596/4712/358 3594/4713/358 3708/4714/358 3709/4715/358
f 3595/2868/375 3629/2867/375 3630/2873/375 3597/2874/375
f 3597/2874/376 3630/2873/376 3600/2875/376 3535/2876/376
f 3535/2877/377 3537/2878/377 3539/2879/377 3541/2880/377 3543/2881/377 3545/2882/377 3547/2883/377 3549/2884/377 3551/2885/377 3553/2886/377 3555/2887/377 3557/2888/377 3559/2889/377 3561/2890/377 3563/2891/377 3565/2892/377 3567/2893/377 3569/2894/377 3571/2895/377 3573/2896/377 3575/2897/377 3577/2898/377 3579/2899/377 3581/2900/377 3583/2901/377 3585/2902/377 3587/2903/377 3589/2904/377 3591/2905/377 3593/2906/377 3595/2907/377 3597/2908/377
f 3620/2849/365 3619/2847/365 3645/2847/365 3647/2849/365
f 3611/2831/356 3610/2829/356 3640/2829/356 3639/2831/356
f 3574/2925/348 3576/2926/348 3669/2926/348 3670/2925/348
f 3624/2857/369 3623/2855/369 3648/2855/369 3650/2857/369
f 3615/2839/360 3614/2837/360 3643/2837/360 3642/2839/360
f 3598/2947/360 3536/2948/360 3656/2948/360 3678/2947/360
f 3544/2955/365 3546/2956/365 3659/2956/365 3657/2955/365
f 3628/2865/373 3627/2863/373 3651/2863/373 3653/2865/373
f 3619/2847/364 3618/2845/364 3646/2845/364 3645/2847/364
f 3542/2973/364 3544/2955/364 3657/2955/364 3658/2973/364
f 3568/2984/345 3570/2985/345 3668/2985/345 3666/2984/345
f 3576/2926/349 3578/3034/349 3671/3034/349 3669/2926/349
f 3550/3039/368 3552/3040/368 3660/3040/368 3661/3039/368
f 3607/2823/352 3606/2821/352 3637/2821/352 3636/2823/352
f 3616/2841/361 3615/2839/361 3642/2839/361 3644/2841/361
f 3552/3040/369 3554/3045/369 3662/3045/369 3660/3040/369
f 3603/2815/348 3602/2813/348 3634/2813/348 3633/2815/348
f 3612/2833/357 3611/2831/357 3639/2831/357 3641/2833/357
f 3582/3054/352 3584/3055/352 3672/3055/352 3673/3054/352
f 3608/2825/353 3607/2823/353 3636/2823/353 3638/2825/353
f 3584/3055/353 3586/3060/353 3674/3060/353 3672/3055/353
f 3558/3063/372 3560/3064/372 3663/3064/372 3664/3063/372
f 3604/2817/349 3603/2815/349 3633/2815/349 3635/2817/349
f 3560/3064/373 3562/3065/373 3665/3065/373 3663/3064/373
f 3599/2809/345 3600/2808/345 3632/2808/345 3631/2809/345
f 3600/2875/376 3630/2873/376 3654/2873/376 3632/2875/376
f 3536/2948/361 3538/3074/361 3655/3074/361 3656/2948/361
f 3590/3075/356 3592/3076/356 3675/3076/356 3676/3075/356
f 3627/2863/372 3626/2861/372 3652/2861/372 3651/2863/372
f 3592/3076/357 3594/3080/357 3677/3080/357 3675/3076/357
f 3566/3085/376 3568/2984/376 3666/2984/376 3667/3085/376
f 3623/2855/368 3622/2853/368 3649/2853/368 3648/2855/368
f 3679/3074/378 3680/2948/378 3710/2947/378 3709/3086/378 3708/3080/378 3707/3076/378 3706/3075/378 3705/3087/378 3704/3060/378 3703/3055/378 3702/3054/378 3701/3088/378 3700/3034/378 3699/2926/378 3698/2925/378 3697/3089/378 3696/2985/378 3695/2984/378 3694/3085/378 3693/3090/378 3692/3065/378 3691/3064/378 3690/3063/378 3689/3091/378 3688/3045/378 3687/3040/378 3686/3039/378 3685/3092/378 3684/2956/378 3683/2955/378 3682/2973/378 3681/3093/378
f 3570/4870/345 3568/4871/345 3695/4872/345 3696/4873/345
f 3544/4874/364 3542/4875/364 3682/4876/364 3683/4877/364
f 3598/4878/359 3596/4712/359 3709/4715/359 3710/4879/359
f 3572/4880/346 3570/4870/346 3696/4873/346 3697/4881/346
f 3546/4882/365 3544/4874/365 3683/4877/365 3684/4883/365
f 3536/4884/360 3598/4878/360 3710/4879/360 3680/4885/360
f 3574/4886/347 3572/4887/347 3697/4888/347 3698/4889/347
f 3548/4890/366 3546/4882/366 3684/4883/366 3685/4891/366
f 3576/4892/348 3574/4886/348 3698/4889/348 3699/4893/348
f 3550/4894/367 3548/4890/367 3685/4891/367 3686/4895/367
f 3578/4896/349 3576/4892/349 3699/4893/349 3700/4897/349
f 3552/4898/368 3550/4894/368 3686/4895/368 3687/4899/368
f 3580/4900/350 3578/4896/350 3700/4897/350 3701/4901/350
f 3554/4902/369 3552/4898/369 3687/4899/369 3688/4903/369
f 3582/4904/351 3580/4900/351 3701/4901/351 3702/4905/351
f 3556/4906/370 3554/4907/370 3688/4908/370 3689/4909/370
f 3584/4910/352 3582/4904/352 3702/4905/352 3703/4911/352
f 3558/4912/371 3556/4906/371 3689/4909/371 3690/4913/371
f 3586/4914/353 3584/4910/353 3703/4911/353 3704/4915/353
f 3560/4916/372 3558/4912/372 3690/4913/372 3691/4917/372
f 3588/4918/354 3586/4914/354 3704/4915/354 3705/4919/354
f 3562/4920/373 3560/4916/373 3691/4917/373 3692/4921/373
f 3590/4922/355 3588/4923/355 3705/4924/355 3706/4925/355
f 3564/4926/374 3562/4920/374 3692/4921/374 3693/4927/374
f 3538/4928/361 3536/4884/361 3680/4885/361 3679/4929/361
f 3592/4930/356 3590/4922/356 3706/4925/356 3707/4931/356
f 3566/4932/375 3564/4926/375 3693/4927/375 3694/4933/375
f 3540/4934/362 3538/4928/362 3679/4929/362 3681/4935/362
f 3594/4713/357 3592/4930/357 3707/4931/357 3708/4714/357
f 3568/4871/376 3566/4932/376 3694/4933/376 3695/4872/376
f 3542/4875/363 3540/4936/363 3681/4937/363 3682/4876/363
f 3711/2807/345 3776/2808/345 3775/2809/345 3713/2810/345
f 3713/2810/346 3775/2809/346 3777/2811/346 3715/2812/346
f 3715/2812/347 3777/2811/347 3778/2813/347 3717/2814/347
f 3717/2814/348 3778/2813/348 3779/2815/348 3719/2816/348
f 3719/2816/349 3779/2815/349 3780/2817/349 3721/2818/349
f 3721/2818/350 3780/2817/350 3781/2819/350 3723/2820/350
f 3723/2820/351 3781/2819/351 3782/2821/351 3725/2822/351
f 3725/2822/352 3782/2821/352 3783/2823/352 3727/2824/352
f 3727/2824/353 3783/2823/353 3784/2825/353 3729/2826/353
f 3729/2826/354 3784/2825/354 3785/2827/354 3731/2828/354
f 3731/2828/355 3785/2827/355 3786/2829/355 3733/2830/355
f 3733/2830/356 3786/2829/356 3787/2831/356 3735/2832/356
f 3735/2832/357 3787/2831/357 3788/2833/357 3737/2834/357
f 3737/2834/358 3788/2833/358 3789/2835/358 3739/2836/358
f 3739/2836/359 3789/2835/359 3790/2837/359 3741/2838/359
f 3741/2838/360 3790/2837/360 3791/2839/360 3743/2840/360
f 3743/2840/361 3791/2839/361 3792/2841/361 3745/2842/361
f 3745/2842/362 3792/2841/362 3793/2843/362 3747/2844/362
f 3747/2844/363 3793/2843/363 3794/2845/363 3749/2846/363
f 3749/2846/364 3794/2845/364 3795/2847/364 3751/2848/364
f 3751/2848/365 3795/2847/365 3796/2849/365 3753/2850/365
f 3753/2850/366 3796/2849/366 3797/2851/366 3755/2852/366
f 3755/2852/367 3797/2851/367 3798/2853/367 3757/2854/367
f 3757/2854/368 3798/2853/368 3799/2855/368 3759/2856/368
f 3759/2856/369 3799/2855/369 3800/2857/369 3761/2858/369
f 3761/2858/370 3800/2857/370 3801/2859/370 3763/2860/370
f 3763/2860/371 3801/2859/371 3802/2861/371 3765/2862/371
f 3765/2862/372 3802/2861/372 3803/2863/372 3767/2864/372
f 3767/2864/373 3803/2863/373 3804/2865/373 3769/2866/373
f 3769/2866/374 3804/2865/374 3805/2867/374 3771/2868/374
f 3772/4938/358 3770/4939/358 3884/4940/358 3885/4941/358
f 3771/2868/375 3805/2867/375 3806/2873/375 3773/2874/375
f 3773/2874/376 3806/2873/376 3776/2875/376 3711/2876/376
f 3711/2877/377 3713/2878/377 3715/2879/377 3717/2880/377 3719/2881/377 3721/2882/377 3723/2883/377 3725/2884/377 3727/2885/377 3729/2886/377 3731/2887/377 3733/2888/377 3735/2889/377 3737/2890/377 3739/2891/377 3741/2892/377 3743/2893/377 3745/2894/377 3747/2895/377 3749/2896/377 3751/2897/377 3753/2898/377 3755/2899/377 3757/2900/377 3759/2901/377 3761/2902/377 3763/2903/377 3765/2904/377 3767/2905/377 3769/2906/377 3771/2907/377 3773/2908/377
f 3796/2849/365 3795/2847/365 3821/2847/365 3823/2849/365
f 3787/2831/356 3786/2829/356 3816/2829/356 3815/2831/356
f 3750/2925/348 3752/2926/348 3845/2926/348 3846/2925/348
f 3800/2857/369 3799/2855/369 3824/2855/369 3826/2857/369
f 3791/2839/360 3790/2837/360 3819/2837/360 3818/2839/360
f 3774/2947/360 3712/2948/360 3832/2948/360 3854/2947/360
f 3720/2955/365 3722/2956/365 3835/2956/365 3833/2955/365
f 3804/2865/373 3803/2863/373 3827/2863/373 3829/2865/373
f 3795/2847/364 3794/2845/364 3822/2845/364 3821/2847/364
f 3718/2973/364 3720/2955/364 3833/2955/364 3834/2973/364
f 3744/2984/345 3746/2985/345 3844/2985/345 3842/2984/345
f 3752/2926/349 3754/3034/349 3847/3034/349 3845/2926/349
f 3726/3039/368 3728/3040/368 3836/3040/368 3837/3039/368
f 3783/2823/352 3782/2821/352 3813/2821/352 3812/2823/352
f 3792/2841/361 3791/2839/361 3818/2839/361 3820/2841/361
f 3728/3040/369 3730/3045/369 3838/3045/369 3836/3040/369
f 3779/2815/348 3778/2813/348 3810/2813/348 3809/2815/348
f 3788/2833/357 3787/2831/357 3815/2831/357 3817/2833/357
f 3758/3054/352 3760/3055/352 3848/3055/352 3849/3054/352
f 3784/2825/353 3783/2823/353 3812/2823/353 3814/2825/353
f 3760/3055/353 3762/3060/353 3850/3060/353 3848/3055/353
f 3734/3063/372 3736/3064/372 3839/3064/372 3840/3063/372
f 3780/2817/349 3779/2815/349 3809/2815/349 3811/2817/349
f 3736/3064/373 3738/3065/373 3841/3065/373 3839/3064/373
f 3775/2809/345 3776/2808/345 3808/2808/345 3807/2809/345
f 3776/2875/376 3806/2873/376 3830/2873/376 3808/2875/376
f 3712/2948/361 3714/3074/361 3831/3074/361 3832/2948/361
f 3766/3075/356 3768/3076/356 3851/3076/356 3852/3075/356
f 3803/2863/372 3802/2861/372 3828/2861/372 3827/2863/372
f 3768/3076/357 3770/3080/357 3853/3080/357 3851/3076/357
f 3742/3085/376 3744/2984/376 3842/2984/376 3843/3085/376
f 3799/2855/368 3798/2853/368 3825/2853/368 3824/2855/368
f 3855/3074/378 3856/2948/378 3886/2947/378 3885/3086/378 3884/3080/378 3883/3076/378 3882/3075/378 3881/3087/378 3880/3060/378 3879/3055/378 3878/3054/378 3877/3088/378 3876/3034/378 3875/2926/378 3874/2925/378 3873/3089/378 3872/2985/378 3871/2984/378 3870/3085/378 3869/3090/378 3868/3065/378 3867/3064/378 3866/3063/378 3865/3091/378 3864/3045/378 3863/3040/378 3862/3039/378 3861/3092/378 3860/2956/378 3859/2955/378 3858/2973/378 3857/3093/378
f 3746/3334/345 3744/5093/345 3871/5094/345 3872/5095/345
f 3720/5096/364 3718/5097/364 3858/5098/364 3859/5099/364
f 3774/5100/359 3772/4938/359 3885/4941/359 3886/5101/359
f 3748/5102/346 3746/5103/346 3872/5104/346 3873/5105/346
f 3722/5106/365 3720/5096/365 3859/5099/365 3860/5107/365
f 3712/5108/360 3774/5100/360 3886/5101/360 3856/5109/360
f 3750/5110/347 3748/5102/347 3873/5105/347 3874/5111/347
f 3724/5112/366 3722/5106/366 3860/5107/366 3861/5113/366
f 3752/5114/348 3750/5110/348 3874/5111/348 3875/5115/348
f 3726/5116/367 3724/5112/367 3861/5113/367 3862/5117/367
f 3754/5118/349 3752/5114/349 3875/5115/349 3876/5119/349
f 3728/5120/368 3726/5116/368 3862/5117/368 3863/5121/368
f 3756/5122/350 3754/5118/350 3876/5119/350 3877/5123/350
f 3730/5124/369 3728/5120/369 3863/5121/369 3864/5125/369
f 3758/5126/351 3756/5122/351 3877/5123/351 3878/5127/351
f 3732/5128/370 3730/5129/370 3864/5130/370 3865/5131/370
f 3760/5132/352 3758/5126/352 3878/5127/352 3879/5133/352
f 3734/5134/371 3732/5128/371 3865/5131/371 3866/5135/371
f 3762/5136/353 3760/5132/353 3879/5133/353 3880/5137/353
f 3736/5138/372 3734/5134/372 3866/5135/372 3867/5139/372
f 3764/5140/354 3762/5136/354 3880/5137/354 3881/5141/354
f 3738/5142/373 3736/5138/373 3867/5139/373 3868/5143/373
f 3766/5144/355 3764/4902/355 3881/4903/355 3882/5145/355
f 3740/5146/374 3738/5142/374 3868/5143/374 3869/5147/374
f 3714/5148/361 3712/5108/361 3856/5109/361 3855/5149/361
f 3768/5150/356 3766/5144/356 3882/5145/356 3883/5151/356
f 3742/5152/375 3740/5146/375 3869/5147/375 3870/5153/375
f 3716/5154/362 3714/5155/362 3855/5156/362 3857/5157/362
f 3770/4939/357 3768/5150/357 3883/5151/357 3884/4940/357
f 3744/5093/376 3742/5152/376 3870/5153/376 3871/5094/376
f 3718/5097/363 3716/5154/363 3857/5157/363 3858/5098/363
f 3887/2807/345 3952/2808/345 3951/2809/345 3889/2810/345
f 3889/2810/346 3951/2809/346 3953/2811/346 3891/2812/346
f 3891/2812/347 3953/2811/347 3954/2813/347 3893/2814/347
f 3893/2814/348 3954/2813/348 3955/2815/348 3895/2816/348
f 3895/2816/349 3955/2815/349 3956/2817/349 3897/2818/349
f 3897/2818/350 3956/2817/350 3957/2819/350 3899/2820/350
f 3899/2820/351 3957/2819/351 3958/2821/351 3901/2822/351
f 3901/2822/352 3958/2821/352 3959/2823/352 3903/2824/352
f 3903/2824/353 3959/2823/353 3960/2825/353 3905/2826/353
f 3905/2826/354 3960/2825/354 3961/2827/354 3907/2828/354
f 3907/2828/355 3961/2827/355 3962/2829/355 3909/2830/355
f 3909/2830/356 3962/2829/356 3963/2831/356 3911/2832/356
f 3911/2832/357 3963/2831/357 3964/2833/357 3913/2834/357
f 3913/2834/358 3964/2833/358 3965/2835/358 3915/2836/358
f 3915/2836/359 3965/2835/359 3966/2837/359 3917/2838/359
f 3917/2838/360 3966/2837/360 3967/2839/360 3919/2840/360
f 3919/2840/361 3967/2839/361 3968/2841/361 3921/2842/361
f 3921/2842/362 3968/2841/362 3969/2843/362 3923/2844/362
f 3923/2844/363 3969/2843/363 3970/2845/363 3925/2846/363
f 3925/2846/364 3970/2845/364 3971/2847/364 3927/2848/364
f 3927/2848/365 3971/2847/365 3972/2849/365 3929/2850/365
f 3929/2850/366 3972/2849/366 3973/2851/366 3931/2852/366
f 3931/2852/367 3973/2851/367 3974/2853/367 3933/2854/367
f 3933/2854/368 3974/2853/368 3975/2855/368 3935/2856/368
f 3935/2856/369 3975/2855/369 3976/2857/369 3937/2858/369
f 3937/2858/370 3976/2857/370 3977/2859/370 3939/2860/370
f 3939/2860/371 3977/2859/371 3978/2861/371 3941/2862/371
f 3941/2862/372 3978/2861/372 3979/2863/372 3943/2864/372
f 3943/2864/373 3979/2863/373 3980/2865/373 3945/2866/373
f 3945/2866/374 3980/2865/374 3981/2867/374 3947/2868/374
f 3948/5158/358 3946/5159/358 4060/5160/358 4061/5161/358
f 3947/2868/375 3981/2867/375 3982/2873/375 3949/2874/375
f 3949/2874/376 3982/2873/376 3952/2875/376 3887/2876/376
f 3887/2877/377 3889/2878/377 3891/2879/377 3893/2880/377 3895/2881/377 3897/2882/377 3899/2883/377 3901/2884/377 3903/2885/377 3905/2886/377 3907/2887/377 3909/2888/377 3911/2889/377 3913/2890/377 3915/2891/377 3917/2892/377 3919/2893/377 3921/2894/377 3923/2895/377 3925/2896/377 3927/2897/377 3929/2898/377 3931/2899/377 3933/2900/377 3935/2901/377 3937/2902/377 3939/2903/377 3941/2904/377 3943/2905/377 3945/2906/377 3947/2907/377 3949/2908/377
f 3972/2849/365 3971/2847/365 3997/2847/365 3999/2849/365
f 3963/2831/356 3962/2829/356 3992/2829/356 3991/2831/356
f 3926/2925/348 3928/2926/348 4021/2926/348 4022/2925/348
f 3976/2857/369 3975/2855/369 4000/2855/369 4002/2857/369
f 3967/2839/360 3966/2837/360 3995/2837/360 3994/2839/360
f 3950/2947/360 3888/2948/360 4008/2948/360 4030/2947/360
f 3896/2955/365 3898/2956/365 4011/2956/365 4009/2955/365
f 3980/2865/373 3979/2863/373 4003/2863/373 4005/2865/373
f 3971/2847/364 3970/2845/364 3998/2845/364 3997/2847/364
f 3894/2973/364 3896/2955/364 4009/2955/364 4010/2973/364
f 3920/2984/345 3922/2985/345 4020/2985/345 4018/2984/345
f 3928/2926/349 3930/3034/349 4023/3034/349 4021/2926/349
f 3902/3039/368 3904/3040/368 4012/3040/368 4013/3039/368
f 3959/2823/352 3958/2821/352 3989/2821/352 3988/2823/352
f 3968/2841/361 3967/2839/361 3994/2839/361 3996/2841/361
f 3904/3040/369 3906/3045/369 4014/3045/369 4012/3040/369
f 3955/2815/348 3954/2813/348 3986/2813/348 3985/2815/348
f 3964/2833/357 3963/2831/357 3991/2831/357 3993/2833/357
f 3934/3054/352 3936/3055/352 4024/3055/352 4025/3054/352
f 3960/2825/353 3959/2823/353 3988/2823/353 3990/2825/353
f 3936/3055/353 3938/3060/353 4026/3060/353 4024/3055/353
f 3910/3063/372 3912/3064/372 4015/3064/372 4016/3063/372
f 3956/2817/349 3955/2815/349 3985/2815/349 3987/2817/349
f 3912/3064/373 3914/3065/373 4017/3065/373 4015/3064/373
f 3951/2809/345 3952/2808/345 3984/2808/345 3983/2809/345
f 3952/2875/376 3982/2873/376 4006/2873/376 3984/2875/376
f 3888/2948/361 3890/3074/361 4007/3074/361 4008/2948/361
f 3942/3075/356 3944/3076/356 4027/3076/356 4028/3075/356
f 3979/2863/372 3978/2861/372 4004/2861/372 4003/2863/372
f 3944/3076/357 3946/3080/357 4029/3080/357 4027/3076/357
f 3918/3085/376 3920/2984/376 4018/2984/376 4019/3085/376
f 3975/2855/368 3974/2853/368 4001/2853/368 4000/2855/368
f 4031/3074/378 4032/2948/378 4062/2947/378 4061/3086/378 4060/3080/378 4059/3076/378 4058/3075/378 4057/3087/378 4056/3060/378 4055/3055/378 4054/3054/378 4053/3088/378 4052/3034/378 4051/2926/378 4050/2925/378 4049/3089/378 4048/2985/378 4047/2984/378 4046/3085/378 4045/3090/378 4044/3065/378 4043/3064/378 4042/3063/378 4041/3091/378 4040/3045/378 4039/3040/378 4038/3039/378 4037/3092/378 4036/2956/378 4035/2955/378 4034/2973/378 4033/3093/378
f 3922/5310/345 3920/5311/345 4047/5312/345 4048/5313/345
f 3896/3778/364 3894/5314/364 4034/5315/364 4035/5316/364
f 3950/5317/359 3948/5158/359 4061/5161/359 4062/5318/359
f 3924/5319/346 3922/5310/346 4048/5313/346 4049/5320/346
f 3898/5321/365 3896/3778/365 4035/5316/365 4036/5322/365
f 3888/5323/360 3950/5317/360 4062/5318/360 4032/5324/360
f 3926/5325/347 3924/5326/347 4049/5327/347 4050/5328/347
f 3900/5329/366 3898/5321/366 4036/5322/366 4037/5330/366
f 3928/5331/348 3926/5325/348 4050/5328/348 4051/5332/348
f 3902/3796/367 3900/5329/367 4037/5330/367 4038/5333/367
f 3930/5334/349 3928/5331/349 4051/5332/349 4052/5335/349
f 3904/3800/368 3902/3796/368 4038/5333/368 4039/5336/368
f 3932/5337/350 3930/5334/350 4052/5335/350 4053/5338/350
f 3906/3804/369 3904/3800/369 4039/5336/369 4040/5339/369
f 3934/5340/351 3932/5337/351 4053/5338/351 4054/5341/351
f 3908/3807/370 3906/3804/370 4040/5339/370 4041/5342/370
f 3936/5343/352 3934/5340/352 4054/5341/352 4055/5344/352
f 3910/5345/371 3908/5346/371 4041/5347/371 4042/5348/371
f 3938/5349/353 3936/5343/353 4055/5344/353 4056/5350/353
f 3912/5351/372 3910/5345/372 4042/5348/372 4043/5352/372
f 3940/5353/354 3938/5349/354 4056/5350/354 4057/5354/354
f 3914/5355/373 3912/5351/373 4043/5352/373 4044/5356/373
f 3942/5357/355 3940/5358/355 4057/5359/355 4058/5360/355
f 3916/5361/374 3914/5355/374 4044/5356/374 4045/5362/374
f 3890/5363/361 3888/5323/361 4032/5324/361 4031/5364/361
f 3944/5365/356 3942/5357/356 4058/5360/356 4059/5366/356
f 3918/5367/375 3916/5361/375 4045/5362/375 4046/5368/375
f 3892/5125/362 3890/5363/362 4031/5364/362 4033/5369/362
f 3946/5159/357 3944/5365/357 4059/5366/357 4060/5160/357
f 3920/5311/376 3918/5367/376 4046/5368/376 4047/5312/376
f 3894/5314/363 3892/5370/363 4033/5371/363 4034/5315/363
f 4063/2807/345 4128/2808/345 4127/2809/345 4065/2810/345
f 4065/2810/346 4127/2809/346 4129/2811/346 4067/2812/346
f 4067/2812/347 4129/2811/347 4130/2813/347 4069/2814/347
f 4069/2814/348 4130/2813/348 4131/2815/348 4071/2816/348
f 4071/2816/349 4131/2815/349 4132/2817/349 4073/2818/349
f 4073/2818/350 4132/2817/350 4133/2819/350 4075/2820/350
f 4075/2820/351 4133/2819/351 4134/2821/351 4077/2822/351
f 4077/2822/352 4134/2821/352 4135/2823/352 4079/2824/352
f 4079/2824/353 4135/2823/353 4136/2825/353 4081/2826/353
f 4081/2826/354 4136/2825/354 4137/2827/354 4083/2828/354
f 4083/2828/355 4137/2827/355 4138/2829/355 4085/2830/355
f 4085/2830/356 4138/2829/356 4139/2831/356 4087/2832/356
f 4087/2832/357 4139/2831/357 4140/2833/357 4089/2834/357
f 4089/2834/358 4140/2833/358 4141/2835/358 4091/2836/358
f 4091/2836/359 4141/2835/359 4142/2837/359 4093/2838/359
f 4093/2838/360 4142/2837/360 4143/2839/360 4095/2840/360
f 4095/2840/361 4143/2839/361 4144/2841/361 4097/2842/361
f 4097/2842/362 4144/2841/362 4145/2843/362 4099/2844/362
f 4099/2844/363 4145/2843/363 4146/2845/363 4101/2846/363
f 4101/2846/364 4146/2845/364 4147/2847/364 4103/2848/364
f 4103/2848/365 4147/2847/365 4148/2849/365 4105/2850/365
f 4105/2850/366 4148/2849/366 4149/2851/366 4107/2852/366
f 4107/2852/367 4149/2851/367 4150/2853/367 4109/2854/367
f 4109/2854/368 4150/2853/368 4151/2855/368 4111/2856/368
f 4111/2856/369 4151/2855/369 4152/2857/369 4113/2858/369
f 4113/2858/370 4152/2857/370 4153/2859/370 4115/2860/370
f 4115/2860/371 4153/2859/371 4154/2861/371 4117/2862/371
f 4117/2862/372 4154/2861/372 4155/2863/372 4119/2864/372
f 4119/2864/373 4155/2863/373 4156/2865/373 4121/2866/373
f 4121/2866/374 4156/2865/374 4157/2867/374 4123/2868/374
f 4124/5372/358 4122/5373/358 4236/5374/358 4237/5375/358
f 4123/2868/375 4157/2867/375 4158/2873/375 4125/2874/375
f 4125/2874/376 4158/2873/376 4128/2875/376 4063/2876/376
f 4063/2877/377 4065/2878/377 4067/2879/377 4069/2880/377 4071/2881/377 4073/2882/377 4075/2883/377 4077/2884/377 4079/2885/377 4081/2886/377 4083/2887/377 4085/2888/377 4087/2889/377 4089/2890/377 4091/2891/377 4093/2892/377 4095/2893/377 4097/2894/377 4099/2895/377 4101/2896/377 4103/2897/377 4105/2898/377 4107/2899/377 4109/2900/377 4111/2901/377 4113/2902/377 4115/2903/377 4117/2904/377 4119/2905/377 4121/2906/377 4123/2907/377 4125/2908/377
f 4148/2849/365 4147/2847/365 4173/2847/365 4175/2849/365
f 4139/2831/356 4138/2829/356 4168/2829/356 4167/2831/356
f 4102/2925/348 4104/2926/348 4197/2926/348 4198/2925/348
f 4152/2857/369 4151/2855/369 4176/2855/369 4178/2857/369
f 4143/2839/360 4142/2837/360 4171/2837/360 4170/2839/360
f 4126/2947/360 4064/2948/360 4184/2948/360 4206/2947/360
f 4072/2955/365 4074/2956/365 4187/2956/365 4185/2955/365
f 4156/2865/373 4155/2863/373 4179/2863/373 4181/2865/373
f 4147/2847/364 4146/2845/364 4174/2845/364 4173/2847/364
f 4070/2973/364 4072/2955/364 4185/2955/364 4186/2973/364
f 4096/2984/345 4098/2985/345 4196/2985/345 4194/2984/345
f 4104/2926/349 4106/3034/349 4199/3034/349 4197/2926/349
f 4078/3039/368 4080/3040/368 4188/3040/368 4189/3039/368
f 4135/2823/352 4134/2821/352 4165/2821/352 4164/2823/352
f 4144/2841/361 4143/2839/361 4170/2839/361 4172/2841/361
f 4080/3040/369 4082/3045/369 4190/3045/369 4188/3040/369
f 4131/2815/348 4130/2813/348 4162/2813/348 4161/2815/348
f 4140/2833/357 4139/2831/357 4167/2831/357 4169/2833/357
f 4110/3054/352 4112/3055/352 4200/3055/352 4201/3054/352
f 4136/2825/353 4135/2823/353 4164/2823/353 4166/2825/353
f 4112/3055/353 4114/3060/353 4202/3060/353 4200/3055/353
f 4086/3063/372 4088/3064/372 4191/3064/372 4192/3063/372
f 4132/2817/349 4131/2815/349 4161/2815/349 4163/2817/349
f 4088/3064/373 4090/3065/373 4193/3065/373 4191/3064/373
f 4127/2809/345 4128/2808/345 4160/2808/345 4159/2809/345
f 4128/2875/376 4158/2873/376 4182/2873/376 4160/2875/376
f 4064/2948/361 4066/3074/361 4183/3074/361 4184/2948/361
f 4118/3075/356 4120/3076/356 4203/3076/356 4204/3075/356
f 4155/2863/372 4154/2861/372 4180/2861/372 4179/2863/372
f 4120/3076/357 4122/3080/357 4205/3080/357 4203/3076/357
f 4094/3085/376 4096/2984/376 4194/2984/376 4195/3085/376
f 4151/2855/368 4150/2853/368 4177/2853/368 4176/2855/368
f 4207/3074/378 4208/2948/378 4238/2947/378 4237/3086/378 4236/3080/378 4235/3076/378 4234/3075/378 4233/3087/378 4232/3060/378 4231/3055/378 4230/3054/378 4229/3088/378 4228/3034/378 4227/2926/378 4226/2925/378 4225/3089/378 4224/2985/378 4223/2984/378 4222/3085/378 4221/3090/378 4220/3065/378 4219/3064/378 4218/3063/378 4217/3091/378 4216/3045/378 4215/3040/378 4214/3039/378 4213/3092/378 4212/2956/378 4211/2955/378 4210/2973/378 4209/3093/378
f 4098/5519/345 4096/5520/345 4223/5521/345 4224/5522/345
f 4072/5523/364 4070/5524/364 4210/5525/364 4211/5526/364
f 4126/5527/359 4124/5372/359 4237/5375/359 4238/5528/359
f 4100/5529/346 4098/5530/346 4224/5531/346 4225/5532/346
f 4074/5533/365 4072/5523/365 4211/5526/365 4212/5534/365
f 4064/5535/360 4126/5527/360 4238/5528/360 4208/5536/360
f 4102/5537/347 4100/5529/347 4225/5532/347 4226/5538/347
f 4076/5539/366 4074/5533/366 4212/5534/366 4213/5540/366
f 4104/5541/348 4102/5537/348 4226/5538/348 4227/5542/348
f 4078/5543/367 4076/5539/367 4213/5540/367 4214/5544/367
f 4106/5545/349 4104/5541/349 4227/5542/349 4228/5546/349
f 4080/5547/368 4078/5543/368 4214/5544/368 4215/5548/368
f 4108/5549/350 4106/5545/350 4228/5546/350 4229/5550/350
f 4082/5551/369 4080/5547/369 4215/5548/369 4216/5552/369
f 4110/5553/351 4108/5549/351 4229/5550/351 4230/5554/351
f 4084/5555/370 4082/5551/370 4216/5552/370 4217/5556/370
f 4112/5557/352 4110/5553/352 4230/5554/352 4231/5558/352
f 4086/5559/371 4084/5560/371 4217/5149/371 4218/5561/371
f 4114/5562/353 4112/5557/353 4231/5558/353 4232/5563/353
f 4088/5564/372 4086/5559/372 4218/5561/372 4219/5565/372
f 4116/5103/354 4114/5562/354 4232/5563/354 4233/5566/354
f 4090/5567/373 4088/5564/373 4219/5565/373 4220/5568/373
f 4118/5569/355 4116/5519/355 4233/5522/355 4234/5570/355
f 4092/5571/374 4090/5567/374 4220/5568/374 4221/5572/374
f 4066/5573/361 4064/5535/361 4208/5536/361 4207/5574/361
f 4120/5575/356 4118/5569/356 4234/5570/356 4235/5576/356
f 4094/5577/375 4092/5571/375 4221/5572/375 4222/5578/375
f 4068/5579/362 4066/5580/362 4207/5581/362 4209/5582/362
f 4122/5373/357 4120/5575/357 4235/5576/357 4236/5374/357
f 4096/5520/376 4094/5577/376 4222/5578/376 4223/5521/376
f 4070/5524/363 4068/5579/363 4209/5582/363 4210/5525/363
usemtl TopMaterial
f 2130/2909/378 2132/2910/378 2193/2911/378 2191/2912/378
f 2132/2910/378 2134/2913/378 2194/2914/378 2193/2911/378
f 2130/2915/379 2191/2916/379 2223/2917/379 2247/2918/379
f 2138/2919/378 2140/2920/378 2197/2921/378 2196/2922/378
f 2140/2920/378 2142/2923/378 2198/2924/378 2197/2921/378
f 2218/2927/380 2182/2928/380 2268/2929/380 2244/2930/380
f 2146/2931/378 2148/2932/378 2201/2933/378 2200/2934/378
f 2148/2932/378 2150/2935/378 2202/2936/378 2201/2933/378
f 2154/2937/381 2204/2938/381 2233/2939/381 2257/2940/381
f 2154/2941/378 2156/2942/378 2205/2943/378 2204/2944/378
f 2156/2942/378 2158/2945/378 2206/2946/378 2205/2943/378
f 2162/2949/378 2164/2950/378 2209/2951/378 2208/2952/378
f 2164/2950/378 2166/2953/378 2210/2954/378 2209/2951/378
f 2170/2957/378 2172/2958/378 2213/2959/378 2212/2960/378
f 2172/2958/378 2174/2961/378 2214/2962/378 2213/2959/378
f 2178/2963/382 2216/2964/382 2242/2965/382 2266/2966/382
f 2178/2967/378 2180/2968/378 2217/2969/378 2216/2970/378
f 2180/2968/378 2182/2971/378 2218/2972/378 2217/2969/378
f 2202/2974/383 2150/2975/383 2256/2976/383 2232/2977/383
f 2186/2978/378 2188/2979/378 2221/2980/378 2220/2981/378
f 2188/2979/378 2190/2982/378 2222/2983/378 2221/2980/378
f 2248/2986/378 2247/2987/378 2223/2988/378 2224/2989/378
f 2250/2990/378 2249/2991/378 2225/2992/378 2226/2993/378
f 2249/2991/378 2251/2994/378 2227/2995/378 2225/2992/378
f 2253/2996/378 2252/2997/378 2228/2998/378 2229/2999/378
f 2252/2997/378 2254/3000/378 2230/3001/378 2228/2998/378
f 2256/3002/378 2255/3003/378 2231/3004/378 2232/3005/378
f 2255/3003/378 2257/3006/378 2233/3007/378 2231/3004/378
f 2259/3008/378 2258/3009/378 2234/3010/378 2235/3011/378
f 2258/3009/378 2260/3012/378 2236/3013/378 2234/3010/378
f 2262/3014/378 2261/3015/378 2237/3016/378 2238/3017/378
f 2261/3015/378 2263/3018/378 2239/3019/378 2237/3016/378
f 2265/3020/378 2264/3021/378 2240/3022/378 2241/3023/378
f 2264/3021/378 2266/3024/378 2242/3025/378 2240/3022/378
f 2268/3026/378 2267/3027/378 2243/3028/378 2244/3029/378
f 2267/3027/378 2269/3030/378 2245/3031/378 2243/3028/378
f 2270/3032/378 2248/2986/378 2224/2989/378 2246/3033/378
f 2206/3035/384 2158/3036/384 2259/3037/384 2235/3038/384
f 2186/3041/385 2220/3042/385 2245/3043/385 2269/3044/385
f 2194/3046/386 2134/3035/386 2250/3038/386 2226/3047/386
f 2162/3048/387 2208/3049/387 2236/2916/387 2260/2915/387
f 2222/3050/388 2190/3051/388 2270/3052/388 2246/3053/388
f 2138/3056/389 2196/3057/389 2227/3058/389 2251/3059/389
f 2210/3061/390 2166/3062/390 2262/3051/390 2238/3050/390
f 2198/3066/391 2142/3067/391 2253/3068/391 2229/3069/391
f 2170/3070/392 2212/3071/392 2239/3072/392 2263/3073/392
f 2146/3077/393 2200/3078/393 2230/2966/393 2254/3079/393
f 2214/3081/394 2174/3082/394 2265/3083/394 2241/3084/394
f 2306/3165/378 2308/3166/378 2369/3167/378 2367/3168/378
f 2308/3166/378 2310/3169/378 2370/3170/378 2369/3167/378
f 2306/3171/379 2367/3172/379 2399/3173/379 2423/3174/379
f 2314/3175/378 2316/3176/378 2373/3177/378 2372/3178/378
f 2316/3176/378 2318/3179/378 2374/3180/378 2373/3177/378
f 2394/3181/380 2358/3182/380 2444/3183/380 2420/3184/380
f 2322/3185/378 2324/3186/378 2377/3187/378 2376/3188/378
f 2324/3186/378 2326/3189/378 2378/3190/378 2377/3187/378
f 2330/3191/381 2380/3192/381 2409/3193/381 2433/3194/381
f 2330/3195/378 2332/3196/378 2381/3197/378 2380/3198/378
f 2332/3196/378 2334/3199/378 2382/3200/378 2381/3197/378
f 2338/3201/378 2340/3202/378 2385/3203/378 2384/3204/378
f 2340/3202/378 2342/3205/378 2386/3206/378 2385/3203/378
f 2346/3207/378 2348/3208/378 2389/3209/378 2388/3210/378
f 2348/3208/378 2350/3211/378 2390/3212/378 2389/3209/378
f 2354/3213/382 2392/3214/382 2418/3215/382 2442/3216/382
f 2354/3217/378 2356/3218/378 2393/3219/378 2392/3220/378
f 2356/3218/378 2358/3221/378 2394/3222/378 2393/3219/378
f 2378/3223/383 2326/3224/383 2432/3225/383 2408/3226/383
f 2362/3227/378 2364/3228/378 2397/3229/378 2396/3230/378
f 2364/3228/378 2366/3231/378 2398/3232/378 2397/3229/378
f 2424/3233/378 2423/3234/378 2399/3235/378 2400/3236/378
f 2426/3237/378 2425/3238/378 2401/3239/378 2402/3240/378
f 2425/3238/378 2427/3241/378 2403/3242/378 2401/3239/378
f 2429/3243/378 2428/3244/378 2404/3245/378 2405/3246/378
f 2428/3244/378 2430/3247/378 2406/3248/378 2404/3245/378
f 2432/3249/378 2431/3250/378 2407/3251/378 2408/3252/378
f 2431/3250/378 2433/3253/378 2409/3254/378 2407/3251/378
f 2435/3255/378 2434/3256/378 2410/3257/378 2411/3258/378
f 2434/3256/378 2436/3259/378 2412/3260/378 2410/3257/378
f 2438/3261/378 2437/3262/378 2413/3263/378 2414/3264/378
f 2437/3262/378 2439/3265/378 2415/3266/378 2413/3263/378
f 2441/3267/378 2440/3268/378 2416/3269/378 2417/3270/378
f 2440/3268/378 2442/3271/378 2418/3272/378 2416/3269/378
f 2444/3273/378 2443/3274/378 2419/3275/378 2420/3276/378
f 2443/3274/378 2445/3277/378 2421/3278/378 2419/3275/378
f 2446/3279/378 2424/3233/378 2400/3236/378 2422/3280/378
f 2382/3281/384 2334/3282/384 2435/3283/384 2411/3284/384
f 2362/3285/385 2396/3286/385 2421/3287/385 2445/3288/385
f 2370/3289/386 2310/3290/386 2426/3291/386 2402/3292/386
f 2338/3293/387 2384/3294/387 2412/3295/387 2436/3296/387
f 2398/3297/388 2366/3298/388 2446/3290/388 2422/3289/388
f 2314/3299/389 2372/3300/389 2403/3301/389 2427/3302/389
f 2386/3303/390 2342/3304/390 2438/3305/390 2414/3306/390
f 2374/3307/391 2318/3308/391 2429/3309/391 2405/3310/391
f 2346/3311/392 2388/3312/392 2415/3313/392 2439/3314/392
f 2322/3315/393 2376/3316/393 2406/3317/393 2430/3318/393
f 2390/3319/394 2350/3320/394 2441/3321/394 2417/3322/394
f 2482/3395/378 2484/3396/378 2545/3397/378 2543/3398/378
f 2484/3396/378 2486/3399/378 2546/3400/378 2545/3397/378
f 2482/3401/379 2543/3402/379 2575/3403/379 2599/3404/379
f 2490/3405/378 2492/3406/378 2549/3407/378 2548/3408/378
f 2492/3406/378 2494/3409/378 2550/3410/378 2549/3407/378
f 2570/3411/380 2534/3412/380 2620/3413/380 2596/3414/380
f 2498/3415/378 2500/3416/378 2553/3417/378 2552/3418/378
f 2500/3416/378 2502/3419/378 2554/3420/378 2553/3417/378
f 2506/3421/381 2556/3422/381 2585/3423/381 2609/3424/381
f 2506/3425/378 2508/3426/378 2557/3427/378 2556/3428/378
f 2508/3426/378 2510/3429/378 2558/3430/378 2557/3427/378
f 2514/3431/378 2516/3432/378 2561/3433/378 2560/3434/378
f 2516/3432/378 2518/3435/378 2562/3436/378 2561/3433/378
f 2522/3437/378 2524/3438/378 2565/3439/378 2564/3440/378
f 2524/3438/378 2526/3441/378 2566/3442/378 2565/3439/378
f 2530/3443/382 2568/3444/382 2594/3445/382 2618/3446/382
f 2530/3447/378 2532/3448/378 2569/3449/378 2568/3450/378
f 2532/3448/378 2534/3451/378 2570/3452/378 2569/3449/378
f 2554/3453/383 2502/3454/383 2608/3455/383 2584/3456/383
f 2538/3457/378 2540/3458/378 2573/3459/378 2572/3460/378
f 2540/3458/378 2542/3461/378 2574/3462/378 2573/3459/378
f 2600/3463/378 2599/3464/378 2575/3465/378 2576/3466/378
f 2602/3467/378 2601/3468/378 2577/3469/378 2578/3470/378
f 2601/3468/378 2603/3471/378 2579/3472/378 2577/3469/378
f 2605/3473/378 2604/3474/378 2580/3475/378 2581/3476/378
f 2604/3474/378 2606/3477/378 2582/3478/378 2580/3475/378
f 2608/3479/378 2607/3480/378 2583/3481/378 2584/3482/378
f 2607/3480/378 2609/3483/378 2585/3484/378 2583/3481/378
f 2611/3485/378 2610/3486/378 2586/3487/378 2587/3488/378
f 2610/3486/378 2612/3489/378 2588/3490/378 2586/3487/378
f 2614/3491/378 2613/3492/378 2589/3493/378 2590/3494/378
f 2613/3492/378 2615/3495/378 2591/3496/378 2589/3493/378
f 2617/3497/378 2616/3498/378 2592/3499/378 2593/3500/378
f 2616/3498/378 2618/3501/378 2594/3502/378 2592/3499/378
f 2620/3503/378 2619/3504/378 2595/3505/378 2596/3506/378
f 2619/3504/378 2621/3507/378 2597/3508/378 2595/3505/378
f 2622/3509/378 2600/3463/378 2576/3466/378 2598/3510/378
f 2558/3511/384 2510/3512/384 2611/3513/384 2587/3514/384
f 2538/3515/385 2572/3516/385 2597/3517/385 2621/3518/385
f 2546/3519/386 2486/3520/386 2602/3521/386 2578/3522/386
f 2514/3523/387 2560/3077/387 2588/3079/387 2612/3524/387
f 2574/3525/388 2542/3513/388 2622/3526/388 2598/3527/388
f 2490/3528/389 2548/3529/389 2579/3530/389 2603/3531/389
f 2562/3532/390 2518/3521/390 2614/3533/390 2590/3534/390
f 2550/3535/391 2494/3536/391 2605/3537/391 2581/3538/391
f 2522/3539/392 2564/3540/392 2591/3541/392 2615/3542/392
f 2498/3543/393 2552/3544/393 2582/3545/393 2606/3546/393
f 2566/3547/394 2526/3548/394 2617/3549/394 2593/3550/394
f 2658/3619/378 2660/3620/378 2721/3621/378 2719/3622/378
f 2660/3620/378 2662/3623/378 2722/3624/378 2721/3621/378
f 2658/3625/379 2719/3626/379 2751/3627/379 2775/3628/379
f 2666/3629/378 2668/3630/378 2725/3631/378 2724/3632/378
f 2668/3630/378 2670/3633/378 2726/3634/378 2725/3631/378
f 2746/3635/380 2710/3636/380 2796/3637/380 2772/3638/380
f 2674/3639/378 2676/3640/378 2729/3641/378 2728/3642/378
f 2676/3640/378 2678/3643/378 2730/3644/378 2729/3641/378
f 2682/3645/381 2732/3646/381 2761/3312/381 2785/3311/381
f 2682/3647/378 2684/3648/378 2733/3649/378 2732/3650/378
f 2684/3648/378 2686/3651/378 2734/3652/378 2733/3649/378
f 2690/3653/378 2692/3654/378 2737/3655/378 2736/3656/378
f 2692/3654/378 2694/3657/378 2738/3658/378 2737/3655/378
f 2698/3659/378 2700/3660/378 2741/3661/378 2740/3662/378
f 2700/3660/378 2702/3663/378 2742/3664/378 2741/3661/378
f 2706/3665/382 2744/3666/382 2770/3667/382 2794/3668/382
f 2706/3669/378 2708/3670/378 2745/3671/378 2744/3672/378
f 2708/3670/378 2710/3673/378 2746/3674/378 2745/3671/378
f 2730/3675/383 2678/3676/383 2784/3677/383 2760/3678/383
f 2714/3679/378 2716/3680/378 2749/3681/378 2748/3682/378
f 2716/3680/378 2718/3683/378 2750/3684/378 2749/3681/378
f 2776/3685/378 2775/3686/378 2751/3687/378 2752/3688/378
f 2778/3689/378 2777/3690/378 2753/3691/378 2754/3692/378
f 2777/3690/378 2779/3693/378 2755/3694/378 2753/3691/378
f 2781/3695/378 2780/3696/378 2756/3697/378 2757/3698/378
f 2780/3696/378 2782/3699/378 2758/3700/378 2756/3697/378
f 2784/3701/378 2783/3702/378 2759/3703/378 2760/3704/378
f 2783/3702/378 2785/3705/378 2761/3706/378 2759/3703/378
f 2787/3707/378 2786/3708/378 2762/3709/378 2763/3710/378
f 2786/3708/378 2788/3711/378 2764/3712/378 2762/3709/378
f 2790/3713/378 2789/3714/378 2765/3715/378 2766/3716/378
f 2789/3714/378 2791/3717/378 2767/3718/378 2765/3715/378
f 2793/3719/378 2792/3720/378 2768/3721/378 2769/3722/378
f 2792/3720/378 2794/3723/378 2770/3724/378 2768/3721/378
f 2796/3725/378 2795/3726/378 2771/3727/378 2772/3728/378
f 2795/3726/378 2797/3729/378 2773/3730/378 2771/3727/378
f 2798/3731/378 2776/3685/378 2752/3688/378 2774/3732/378
f 2734/3733/384 2686/3734/384 2787/3735/384 2763/3736/384
f 2714/3737/385 2748/3738/385 2773/3739/385 2797/3740/385
f 2722/3741/386 2662/3742/386 2778/3743/386 2754/3744/386
f 2690/3174/387 2736/3173/387 2764/3294/387 2788/3745/387
f 2750/3746/388 2718/3747/388 2798/3748/388 2774/3749/388
f 2666/3750/389 2724/3751/389 2755/3752/389 2779/3753/389
f 2738/3754/390 2694/3755/390 2790/3734/390 2766/3756/390
f 2726/3757/391 2670/3758/391 2781/3759/391 2757/3760/391
f 2698/3761/392 2740/3762/392 2767/3646/392 2791/3645/392
f 2674/3763/393 2728/3764/393 2758/3765/393 2782/3766/393
f 2742/3767/394 2702/3768/394 2793/3769/394 2769/3770/394
f 2834/3838/378 2836/3839/378 2897/3840/378 2895/3841/378
f 2836/3839/378 2838/3842/378 2898/3843/378 2897/3840/378
f 2834/3844/379 2895/3845/379 2927/3846/379 2951/3847/379
f 2842/3848/401 2844/3849/401 2901/3850/401 2900/3851/401
f 2844/3849/402 2846/3852/402 2902/3853/402 2901/3850/402
f 2922/3854/380 2886/3855/380 2972/3856/380 2948/3857/380
f 2850/3858/403 2852/3859/403 2905/3860/403 2904/3861/403
f 2852/3859/404 2854/3862/404 2906/3863/404 2905/3860/404
f 2858/3864/381 2908/2937/381 2937/2940/381 2961/3865/381
f 2858/3866/378 2860/3867/378 2909/3868/378 2908/3869/378
f 2860/3867/378 2862/3870/378 2910/3871/378 2909/3868/378
f 2866/3872/378 2868/3873/378 2913/3874/378 2912/3875/378
f 2868/3873/378 2870/3876/378 2914/3877/378 2913/3874/378
f 2874/3878/378 2876/3879/378 2917/3880/378 2916/3881/378
f 2876/3879/378 2878/3882/378 2918/3883/378 2917/3880/378
f 2882/3884/382 2920/3885/382 2946/3886/382 2970/3887/382
f 2882/3888/378 2884/3889/378 2921/3890/378 2920/3891/378
f 2884/3889/378 2886/3892/378 2922/3893/378 2921/3890/378
f 2906/3894/383 2854/3895/383 2960/3896/383 2936/3897/383
f 2890/3898/378 2892/3899/378 2925/3900/378 2924/3901/378
f 2892/3899/378 2894/3902/378 2926/3903/378 2925/3900/378
f 2952/3904/378 2951/3905/378 2927/3906/378 2928/3907/378
f 2954/3908/378 2953/3909/378 2929/3910/378 2930/3911/378
f 2953/3909/407 2955/3912/407 2931/3913/407 2929/3910/407
f 2957/3914/408 2956/3915/408 2932/3916/408 2933/3917/408
f 2956/3915/409 2958/3918/409 2934/3919/409 2932/3916/409
f 2960/3920/378 2959/3921/378 2935/3922/378 2936/3923/378
f 2959/3921/378 2961/3924/378 2937/3925/378 2935/3922/378
f 2963/3926/378 2962/3927/378 2938/3928/378 2939/3929/378
f 2962/3927/378 2964/3930/378 2940/3931/378 2938/3928/378
f 2966/3932/378 2965/3933/378 2941/3934/378 2942/3935/378
f 2965/3933/378 2967/3936/378 2943/3937/378 2941/3934/378
f 2969/3938/378 2968/3939/378 2944/3940/378 2945/3941/378
f 2968/3939/378 2970/3942/378 2946/3943/378 2944/3940/378
f 2972/3944/378 2971/3945/378 2947/3946/378 2948/3947/378
f 2971/3945/378 2973/3948/378 2949/3949/378 2947/3946/378
f 2974/3950/378 2952/3904/378 2928/3907/378 2950/3951/378
f 2910/3952/384 2862/3953/384 2963/3954/384 2939/3955/384
f 2890/3956/385 2924/3957/385 2949/3958/385 2973/3959/385
f 2898/3960/386 2838/3961/386 2954/3962/386 2930/3963/386
f 2866/3964/387 2912/3965/387 2940/3966/387 2964/3967/387
f 2926/3968/388 2894/3969/388 2974/3961/388 2950/3960/388
f 2842/3970/413 2900/3971/413 2931/3972/413 2955/3973/413
f 2914/3974/390 2870/3975/390 2966/3953/390 2942/3952/390
f 2902/3976/416 2846/3977/416 2957/3978/416 2933/3979/416
f 2874/3980/392 2916/3981/392 2943/3982/392 2967/3983/392
f 2850/3984/417 2904/3985/417 2934/3986/417 2958/3987/417
f 2918/3988/394 2878/3989/394 2969/3990/394 2945/3991/394
f 3010/4062/378 3012/4063/378 3073/4064/378 3071/4065/378
f 3012/4063/378 3014/4066/378 3074/4067/378 3073/4064/378
f 3010/4068/379 3071/3543/379 3103/3546/379 3127/4069/379
f 3018/4070/378 3020/4071/378 3077/4072/378 3076/4073/378
f 3020/4071/378 3022/4074/378 3078/4075/378 3077/4072/378
f 3098/4076/380 3062/3526/380 3148/4077/380 3124/4078/380
f 3026/4079/378 3028/4080/378 3081/4081/378 3080/4082/378
f 3028/4080/378 3030/4083/378 3082/4084/378 3081/4081/378
f 3034/4085/381 3084/3070/381 3113/3073/381 3137/4086/381
f 3034/4087/378 3036/4088/378 3085/4089/378 3084/4090/378
f 3036/4088/378 3038/4091/378 3086/4092/378 3085/4089/378
f 3042/4093/378 3044/4094/378 3089/4095/378 3088/4096/378
f 3044/4094/378 3046/4097/378 3090/4098/378 3089/4095/378
f 3050/4099/378 3052/4100/378 3093/4101/378 3092/4102/378
f 3052/4100/378 3054/4103/378 3094/4104/378 3093/4101/378
f 3058/4105/382 3096/4106/382 3122/4107/382 3146/4108/382
f 3058/4109/378 3060/4110/378 3097/4111/378 3096/4112/378
f 3060/4110/378 3062/4113/378 3098/4114/378 3097/4111/378
f 3082/4115/383 3030/4116/383 3136/4117/383 3112/4118/383
f 3066/4119/378 3068/4120/378 3101/4121/378 3100/4122/378
f 3068/4120/378 3070/4123/378 3102/4124/378 3101/4121/378
f 3128/4125/378 3127/4126/378 3103/4127/378 3104/4128/378
f 3130/4129/378 3129/4130/378 3105/4131/378 3106/4132/378
f 3129/4130/378 3131/4133/378 3107/4134/378 3105/4131/378
f 3133/4135/378 3132/4136/378 3108/4137/378 3109/4138/378
f 3132/4136/378 3134/4139/378 3110/4140/378 3108/4137/378
f 3136/4141/378 3135/4142/378 3111/4143/378 3112/4144/378
f 3135/4142/378 3137/4145/378 3113/4146/378 3111/4143/378
f 3139/4147/378 3138/4148/378 3114/4149/378 3115/4150/378
f 3138/4148/378 3140/4151/378 3116/4152/378 3114/4149/378
f 3142/4153/378 3141/4154/378 3117/4155/378 3118/4156/378
f 3141/4154/378 3143/4157/378 3119/4158/378 3117/4155/378
f 3145/4159/378 3144/4160/378 3120/4161/378 3121/4162/378
f 3144/4160/378 3146/4163/378 3122/4164/378 3120/4161/378
f 3148/4165/378 3147/4166/378 3123/4167/378 3124/4168/378
f 3147/4166/378 3149/4169/378 3125/4170/378 3123/4167/378
f 3150/4171/378 3128/4125/378 3104/4128/378 3126/4172/378
f 3086/4173/384 3038/3046/384 3139/3047/384 3115/4174/384
f 3066/4175/385 3100/4176/385 3125/4177/385 3149/4178/385
f 3074/4179/386 3014/4180/386 3130/4181/386 3106/4182/386
f 3042/4183/387 3088/4184/387 3116/4185/387 3140/4186/387
f 3102/4187/388 3070/4188/388 3150/4180/388 3126/4179/388
f 3018/4189/389 3076/4190/389 3107/4191/389 3131/4192/389
f 3090/4193/390 3046/4194/390 3142/3520/390 3118/4195/390
f 3078/4196/391 3022/4197/391 3133/3456/391 3109/4198/391
f 3050/4199/392 3092/4085/392 3119/4086/392 3143/4200/392
f 3026/4201/393 3080/4202/393 3110/4203/393 3134/4204/393
f 3094/4205/394 3054/4206/394 3145/4207/394 3121/4208/394
f 3186/4280/378 3188/4281/378 3249/4282/378 3247/4283/378
f 3188/4281/378 3190/4284/378 3250/4285/378 3249/4282/378
f 3186/4286/379 3247/4287/379 3279/4288/379 3303/4289/379
f 3194/4290/378 3196/4291/378 3253/4292/378 3252/4293/378
f 3196/4291/378 3198/4294/378 3254/4295/378 3253/4292/378
f 3274/4296/380 3238/4297/380 3324/4298/380 3300/4299/380
f 3202/4300/378 3204/4301/378 3257/4302/378 3256/4303/378
f 3204/4301/378 3206/4304/378 3258/4305/378 3257/4302/378
f 3210/4306/381 3260/4307/381 3289/4308/381 3313/4309/381
f 3210/4310/378 3212/4311/378 3261/4312/378 3260/4313/378
f 3212/4311/378 3214/4314/378 3262/4315/378 3261/4312/378
f 3218/4316/378 3220/4317/378 3265/4318/378 3264/4319/378
f 3220/4317/378 3222/4320/378 3266/4321/378 3265/4318/378
f 3226/4322/378 3228/4323/378 3269/4324/378 3268/4325/378
f 3228/4323/378 3230/4326/378 3270/4327/378 3269/4324/378
f 3234/4328/382 3272/4201/382 3298/4204/382 3322/4329/382
f 3234/4330/378 3236/4331/378 3273/4332/378 3272/4333/378
f 3236/4331/378 3238/4334/378 3274/4335/378 3273/4332/378
f 3258/4336/383 3206/4337/383 3312/4338/383 3288/4339/383
f 3242/4340/378 3244/4341/378 3277/4342/378 3276/4343/378
f 3244/4341/378 3246/4344/378 3278/4345/378 3277/4342/378
f 3304/4346/378 3303/4347/378 3279/4348/378 3280/4349/378
f 3306/4350/378 3305/4351/378 3281/4352/378 3282/4353/378
f 3305/4351/378 3307/4354/378 3283/4355/378 3281/4352/378
f 3309/4356/378 3308/4357/378 3284/4358/378 3285/4359/378
f 3308/4357/378 3310/4360/378 3286/4361/378 3284/4358/378
f 3312/4362/378 3311/4363/378 3287/4364/378 3288/4365/378
f 3311/4363/378 3313/4366/378 3289/4367/378 3287/4364/378
f 3315/4368/378 3314/4369/378 3290/4370/378 3291/4371/378
f 3314/4369/378 3316/4372/378 3292/4373/378 3290/4370/378
f 3318/4374/378 3317/4375/378 3293/4376/378 3294/4377/378
f 3317/4375/378 3319/4378/378 3295/4379/378 3293/4376/378
f 3321/4380/378 3320/4381/378 3296/4382/378 3297/4383/378
f 3320/4381/378 3322/4384/378 3298/4385/378 3296/4382/378
f 3324/4386/378 3323/4387/378 3299/4388/378 3300/4389/378
f 3323/4387/378 3325/4390/378 3301/4391/378 3299/4388/378
f 3326/4392/378 3304/4346/378 3280/4349/378 3302/4393/378
f 3262/4394/384 3214/4173/384 3315/4174/384 3291/4395/384
f 3242/4396/385 3276/4397/385 3301/4398/385 3325/4399/385
f 3250/4400/386 3190/4394/386 3306/4395/386 3282/4401/386
f 3218/4402/387 3264/4183/387 3292/4186/387 3316/4403/387
f 3278/4404/388 3246/4405/388 3326/4406/388 3302/4407/388
f 3194/4408/389 3252/4409/389 3283/4410/389 3307/4411/389
f 3266/4412/390 3222/4400/390 3318/4401/390 3294/4413/390
f 3254/4414/391 3198/4415/391 3309/4416/391 3285/4417/391
f 3226/4418/392 3268/4199/392 3295/4200/392 3319/4419/392
f 3202/4420/393 3256/4421/393 3286/4403/393 3310/4422/393
f 3270/4423/394 3230/4424/394 3321/4425/394 3297/4426/394
f 3362/4499/378 3364/4500/378 3425/4501/378 3423/4502/378
f 3364/4500/378 3366/4503/378 3426/4504/378 3425/4501/378
f 3362/3444/379 3423/4505/379 3455/4422/379 3479/3445/379
f 3370/4506/378 3372/4507/378 3429/4508/378 3428/4509/378
f 3372/4507/378 3374/4510/378 3430/4511/378 3429/4508/378
f 3450/3036/380 3414/4512/380 3500/4513/380 3476/4514/380
f 3378/4515/378 3380/4516/378 3433/4517/378 3432/4518/378
f 3380/4516/378 3382/4519/378 3434/4520/378 3433/4517/378
f 3386/2938/381 3436/4521/381 3465/4522/381 3489/2939/381
f 3386/4523/378 3388/4524/378 3437/4525/378 3436/4526/378
f 3388/4524/378 3390/4527/378 3438/4528/378 3437/4525/378
f 3394/4529/378 3396/4530/378 3441/4531/378 3440/4532/378
f 3396/4530/378 3398/4533/378 3442/4534/378 3441/4531/378
f 3402/4535/378 3404/4536/378 3445/4537/378 3444/4538/378
f 3404/4536/378 3406/4539/378 3446/4540/378 3445/4537/378
f 3410/4541/382 3448/4542/382 3474/4543/382 3498/4544/382
f 3410/4545/378 3412/4546/378 3449/4547/378 3448/4548/378
f 3412/4546/378 3414/4549/378 3450/4550/378 3449/4547/378
f 3434/4551/383 3382/4552/383 3488/4553/383 3464/4554/383
f 3418/4555/378 3420/4556/378 3453/4557/378 3452/4558/378
f 3420/4556/378 3422/4559/378 3454/4560/378 3453/4557/378
f 3480/4561/378 3479/4562/378 3455/4563/378 3456/4564/378
f 3482/4565/378 3481/4566/378 3457/4567/378 3458/4568/378
f 3481/4566/378 3483/4569/378 3459/4570/378 3457/4567/378
f 3485/4571/378 3484/4572/378 3460/4573/378 3461/4574/378
f 3484/4572/378 3486/4575/378 3462/4576/378 3460/4573/378
f 3488/4577/378 3487/4578/378 3463/4579/378 3464/4580/378
f 3487/4578/378 3489/4581/378 3465/4582/378 3463/4579/378
f 3491/4583/378 3490/4584/378 3466/4585/378 3467/4586/378
f 3490/4584/378 3492/4587/378 3468/4588/378 3466/4585/378
f 3494/4589/378 3493/4590/378 3469/4591/378 3470/4592/378
f 3493/4590/378 3495/4593/378 3471/4594/378 3469/4591/378
f 3497/4595/378 3496/4596/378 3472/4597/378 3473/4598/378
f 3496/4596/378 3498/4599/378 3474/4600/378 3472/4597/378
f 3500/4601/378 3499/4602/378 3475/4603/378 3476/4604/378
f 3499/4602/378 3501/4605/378 3477/4606/378 3475/4603/378
f 3502/4607/378 3480/4561/378 3456/4564/378 3478/4608/378
f 3438/4609/384 3390/4610/384 3491/4405/384 3467/4404/384
f 3418/4611/385 3452/4612/385 3477/4613/385 3501/4614/385
f 3426/4615/386 3366/4616/386 3482/4617/386 3458/4618/386
f 3394/4619/387 3440/4620/387 3468/4621/387 3492/4622/387
f 3454/4623/388 3422/4624/388 3502/4616/388 3478/4615/388
f 3370/4625/389 3428/4626/389 3459/4627/389 3483/4628/389
f 3442/4629/390 3398/4630/390 3494/4631/390 3470/4632/390
f 3430/4633/391 3374/4634/391 3485/4635/391 3461/4636/391
f 3402/4637/392 3444/4418/392 3471/4419/392 3495/4638/392
f 3378/4639/393 3432/4640/393 3462/4641/393 3486/4642/393
f 3446/4643/394 3406/4644/394 3497/4645/394 3473/4646/394
f 3538/4716/378 3540/4717/378 3601/4718/378 3599/4719/378
f 3540/4717/378 3542/4720/378 3602/4721/378 3601/4718/378
f 3538/4722/379 3599/4723/379 3631/4724/379 3655/4725/379
f 3546/4726/378 3548/4727/378 3605/4728/378 3604/4729/378
f 3548/4727/378 3550/4730/378 3606/4731/378 3605/4728/378
f 3626/4732/380 3590/4733/380 3676/4734/380 3652/4735/380
f 3554/4736/378 3556/4737/378 3609/4738/378 3608/4739/378
f 3556/4737/378 3558/4740/378 3610/4741/378 3609/4738/378
f 3562/4742/381 3612/4743/381 3641/4744/381 3665/4745/381
f 3562/4746/378 3564/4747/378 3613/4748/378 3612/4749/378
f 3564/4747/378 3566/4750/378 3614/4751/378 3613/4748/378
f 3570/4752/378 3572/4753/378 3617/4754/378 3616/4755/378
f 3572/4753/378 3574/4756/378 3618/4757/378 3617/4754/378
f 3578/4758/378 3580/4759/378 3621/4760/378 3620/4761/378
f 3580/4759/378 3582/4762/378 3622/4763/378 3621/4760/378
f 3586/4764/382 3624/4765/382 3650/4766/382 3674/4767/382
f 3586/4768/378 3588/4769/378 3625/4770/378 3624/4771/378
f 3588/4769/378 3590/4772/378 3626/4773/378 3625/4770/378
f 3610/4774/383 3558/4775/383 3664/4776/383 3640/4777/383
f 3594/4778/378 3596/4779/378 3629/4780/378 3628/4781/378
f 3596/4779/378 3598/4782/378 3630/4783/378 3629/4780/378
f 3656/4784/378 3655/4785/378 3631/4786/378 3632/4787/378
f 3658/4788/378 3657/4789/378 3633/4790/378 3634/4791/378
f 3657/4789/378 3659/4792/378 3635/4793/378 3633/4790/378
f 3661/4794/378 3660/4795/378 3636/4796/378 3637/4797/378
f 3660/4795/378 3662/4798/378 3638/4799/378 3636/4796/378
f 3664/4800/378 3663/4801/378 3639/4802/378 3640/4803/378
f 3663/4801/378 3665/4804/378 3641/4805/378 3639/4802/378
f 3667/4806/378 3666/4807/378 3642/4808/378 3643/4809/378
f 3666/4807/378 3668/4810/378 3644/4811/378 3642/4808/378
f 3670/4812/378 3669/4813/378 3645/4814/378 3646/4815/378
f 3669/4813/378 3671/4816/378 3647/4817/378 3645/4814/378
f 3673/4818/378 3672/4819/378 3648/4820/378 3649/4821/378
f 3672/4819/378 3674/4822/378 3650/4823/378 3648/4820/378
f 3676/4824/378 3675/4825/378 3651/4826/378 3652/4827/378
f 3675/4825/378 3677/4828/378 3653/4829/378 3651/4826/378
f 3678/4830/378 3656/4784/378 3632/4787/378 3654/4831/378
f 3614/4832/384 3566/4833/384 3667/3282/384 3643/3281/384
f 3594/4834/385 3628/4835/385 3653/4836/385 3677/4837/385
f 3602/4838/386 3542/4839/386 3658/4833/386 3634/4832/386
f 3570/4840/387 3616/4841/387 3644/4842/387 3668/4843/387
f 3630/4844/388 3598/4845/388 3678/4846/388 3654/4847/388
f 3546/4848/389 3604/4849/389 3635/4850/389 3659/4851/389
f 3618/4852/390 3574/4853/390 3670/4839/390 3646/4838/390
f 3606/4854/391 3550/4855/391 3661/4856/391 3637/4857/391
f 3578/4858/392 3620/4859/392 3647/4860/392 3671/4861/392
f 3554/4862/393 3608/4863/393 3638/4864/393 3662/4865/393
f 3622/4866/394 3582/4867/394 3673/4868/394 3649/4869/394
f 3714/4942/378 3716/4943/378 3777/4944/378 3775/4945/378
f 3716/4943/378 3718/4946/378 3778/4947/378 3777/4944/378
f 3714/4948/379 3775/4949/379 3807/4950/379 3831/4951/379
f 3722/4952/378 3724/4953/378 3781/4954/378 3780/4955/378
f 3724/4953/378 3726/4956/378 3782/4957/378 3781/4954/378
f 3802/4958/380 3766/4959/380 3852/4960/380 3828/4961/380
f 3730/4962/378 3732/4963/378 3785/4964/378 3784/4965/378
f 3732/4963/378 3734/4966/378 3786/4967/378 3785/4964/378
f 3738/4968/381 3788/4969/381 3817/4970/381 3841/4971/381
f 3738/4972/378 3740/4973/378 3789/4974/378 3788/4975/378
f 3740/4973/378 3742/4976/378 3790/4977/378 3789/4974/378
f 3746/4978/378 3748/4979/378 3793/4980/378 3792/4981/378
f 3748/4979/378 3750/4982/378 3794/4983/378 3793/4980/378
f 3754/4984/378 3756/4985/378 3797/4986/378 3796/4987/378
f 3756/4985/378 3758/4988/378 3798/4989/378 3797/4986/378
f 3762/4990/382 3800/4991/382 3826/4992/382 3850/4993/382
f 3762/4994/378 3764/4995/378 3801/4996/378 3800/4997/378
f 3764/4995/378 3766/4998/378 3802/4999/378 3801/4996/378
f 3786/5000/383 3734/5001/383 3840/5002/383 3816/5003/383
f 3770/5004/378 3772/5005/378 3805/5006/378 3804/5007/378
f 3772/5005/378 3774/5008/378 3806/5009/378 3805/5006/378
f 3832/5010/378 3831/5011/378 3807/5012/378 3808/5013/378
f 3834/5014/378 3833/5015/378 3809/5016/378 3810/5017/378
f 3833/5015/378 3835/5018/378 3811/5019/378 3809/5016/378
f 3837/5020/378 3836/5021/378 3812/5022/378 3813/5023/378
f 3836/5021/378 3838/5024/378 3814/5025/378 3812/5022/378
f 3840/5026/378 3839/5027/378 3815/5028/378 3816/5029/378
f 3839/5027/378 3841/3227/378 3817/5030/378 3815/5028/378
f 3843/5031/378 3842/5032/378 3818/5033/378 3819/5034/378
f 3842/5032/378 3844/5035/378 3820/5036/378 3818/5033/378
f 3846/5037/378 3845/5038/378 3821/5039/378 3822/5040/378
f 3845/5038/378 3847/5041/378 3823/5042/378 3821/5039/378
f 3849/5043/378 3848/5044/378 3824/5045/378 3825/5046/378
f 3848/5044/378 3850/5047/378 3826/5048/378 3824/5045/378
f 3852/5049/378 3851/5050/378 3827/5051/378 3828/5052/378
f 3851/5050/378 3853/5053/378 3829/5054/378 3827/5051/378
f 3854/5055/378 3832/5010/378 3808/5013/378 3830/5056/378
f 3790/5057/384 3742/5058/384 3843/4845/384 3819/4844/384
f 3770/5059/385 3804/5060/385 3829/5061/385 3853/5062/385
f 3778/5063/386 3718/5064/386 3834/4853/386 3810/4852/386
f 3746/5065/387 3792/5066/387 3820/5067/387 3844/5068/387
f 3806/5069/388 3774/5070/388 3854/5071/388 3830/5072/388
f 3722/5073/389 3780/5074/389 3811/5075/389 3835/5076/389
f 3794/5077/390 3750/5078/390 3846/5079/390 3822/5080/390
f 3782/5081/391 3726/5082/391 3837/5083/391 3813/5084/391
f 3754/5085/392 3796/3313/392 3823/4969/392 3847/4968/392
f 3730/5086/393 3784/5087/393 3814/4843/393 3838/5088/393
f 3798/5089/394 3758/5090/394 3849/5091/394 3825/5092/394
f 3890/5162/378 3892/5163/378 3953/5164/378 3951/5165/378
f 3892/5163/378 3894/5166/378 3954/5167/378 3953/5164/378
f 3890/5168/379 3951/5169/379 3983/5066/379 4007/5065/379
f 3898/5170/378 3900/5171/378 3957/5172/378 3956/5173/378
f 3900/5171/378 3902/5174/378 3958/5175/378 3957/5172/378
f 3978/5176/380 3942/5177/380 4028/5178/380 4004/5179/380
f 3906/5180/378 3908/5181/378 3961/5182/378 3960/5183/378
f 3908/5181/378 3910/5184/378 3962/5185/378 3961/5182/378
f 3914/5186/381 3964/5187/381 3993/3762/381 4017/3761/381
f 3914/5188/378 3916/5189/378 3965/5190/378 3964/5191/378
f 3916/5189/378 3918/5192/378 3966/5193/378 3965/5190/378
f 3922/5194/378 3924/5195/378 3969/5196/378 3968/5197/378
f 3924/5195/378 3926/5198/378 3970/5199/378 3969/5196/378
f 3930/5200/378 3932/5201/378 3973/5202/378 3972/5203/378
f 3932/5201/378 3934/5204/378 3974/5205/378 3973/5202/378
f 3938/5206/382 3976/5207/382 4002/5208/382 4026/5209/382
f 3938/5210/378 3940/5211/378 3977/5212/378 3976/5213/378
f 3940/5211/378 3942/5214/378 3978/5215/378 3977/5212/378
f 3962/4855/383 3910/5216/383 4016/5217/383 3992/4856/383
f 3946/5218/378 3948/5219/378 3981/5220/378 3980/5221/378
f 3948/5219/378 3950/5222/378 3982/5223/378 3981/5220/378
f 4008/5224/378 4007/5225/378 3983/5226/378 3984/5227/378
f 4010/5228/378 4009/5229/378 3985/5230/378 3986/5231/378
f 4009/5229/378 4011/5232/378 3987/5233/378 3985/5230/378
f 4013/5234/378 4012/5235/378 3988/5236/378 3989/5237/378
f 4012/5235/378 4014/5238/378 3990/5239/378 3988/5236/378
f 4016/5240/378 4015/5241/378 3991/5242/378 3992/5243/378
f 4015/5241/378 4017/5244/378 3993/5245/378 3991/5242/378
f 4019/5246/378 4018/5247/378 3994/5248/378 3995/5249/378
f 4018/5247/378 4020/5250/378 3996/5251/378 3994/5248/378
f 4022/5252/378 4021/5253/378 3997/5254/378 3998/5255/378
f 4021/5253/378 4023/5256/378 3999/5257/378 3997/5254/378
f 4025/5258/378 4024/5259/378 4000/5260/378 4001/5261/378
f 4024/5259/378 4026/5262/378 4002/5263/378 4000/5260/378
f 4028/5264/378 4027/5265/378 4003/5266/378 4004/5267/378
f 4027/5265/378 4029/5268/378 4005/5269/378 4003/5266/378
f 4030/5270/378 4008/5224/378 3984/5227/378 4006/5271/378
f 3966/5272/384 3918/5273/384 4019/5064/384 3995/5063/384
f 3946/5274/385 3980/5275/385 4005/5276/385 4029/5277/385
f 3954/5278/386 3894/5279/386 4010/5273/386 3986/5272/386
f 3922/5280/387 3968/5281/387 3996/5282/387 4020/5283/387
f 3982/5284/388 3950/5285/388 4030/5286/388 4006/5287/388
f 3898/5288/389 3956/5289/389 3987/5290/389 4011/5291/389
f 3970/5292/390 3926/5293/390 4022/5294/390 3998/5295/390
f 3958/5296/391 3902/5297/391 4013/5298/391 3989/5299/391
f 3930/5300/392 3972/5301/392 3999/5187/392 4023/5186/392
f 3906/5302/393 3960/5303/393 3990/5304/393 4014/5305/393
f 3974/5306/394 3934/5307/394 4025/5308/394 4001/5309/394
f 4066/5376/378 4068/5377/378 4129/5378/378 4127/5379/378
f 4068/5377/378 4070/5380/378 4130/5381/378 4129/5378/378
f 4066/5382/379 4127/5383/379 4159/5281/379 4183/5280/379
f 4074/5384/378 4076/5385/378 4133/5386/378 4132/5387/378
f 4076/5385/378 4078/5388/378 4134/5389/378 4133/5386/378
f 4154/5390/380 4118/3283/380 4204/5391/380 4180/5392/380
f 4082/5393/378 4084/5394/378 4137/5395/378 4136/5396/378
f 4084/5394/378 4086/5397/378 4138/5398/378 4137/5395/378
f 4090/5399/381 4140/5400/381 4169/5401/381 4193/5402/381
f 4090/5403/378 4092/5404/378 4141/5405/378 4140/5406/378
f 4092/5404/378 4094/5407/378 4142/5408/378 4141/5405/378
f 4098/5409/378 4100/5410/378 4145/5411/378 4144/5412/378
f 4100/5410/378 4102/5413/378 4146/5414/378 4145/5411/378
f 4106/5415/378 4108/5416/378 4149/5417/378 4148/5418/378
f 4108/5416/378 4110/5419/378 4150/5420/378 4149/5417/378
f 4114/3628/382 4152/5421/382 4178/5422/382 4202/5423/382
f 4114/5424/378 4116/5425/378 4153/5426/378 4152/5427/378
f 4116/5425/378 4118/5428/378 4154/5429/378 4153/5426/378
f 4138/5430/383 4086/5431/383 4192/5432/383 4168/5433/383
f 4122/5434/378 4124/5435/378 4157/5436/378 4156/5437/378
f 4124/5435/378 4126/5438/378 4158/5439/378 4157/5436/378
f 4184/5440/378 4183/5441/378 4159/5442/378 4160/5443/378
f 4186/5444/378 4185/5445/378 4161/5446/378 4162/5447/378
f 4185/5445/378 4187/5448/378 4163/5449/378 4161/5446/378
f 4189/5428/378 4188/5450/378 4164/5451/378 4165/5442/378
f 4188/5450/378 4190/5452/378 4166/5453/378 4164/5451/378
f 4192/5454/378 4191/5455/378 4167/5456/378 4168/5457/378
f 4191/5455/378 4193/5458/378 4169/5459/378 4167/5456/378
f 4195/5460/378 4194/5461/378 4170/5462/378 4171/5463/378
f 4194/5461/378 4196/5464/378 4172/5465/378 4170/5462/378
f 4198/5466/378 4197/5467/378 4173/5468/378 4174/5469/378
f 4197/5467/378 4199/5470/378 4175/5471/378 4173/5468/378
f 4201/5472/378 4200/5473/378 4176/5474/378 4177/5475/378
f 4200/5473/378 4202/5476/378 4178/5477/378 4176/5474/378
f 4204/5478/378 4203/5479/378 4179/5480/378 4180/5481/378
f 4203/5479/378 4205/5482/378 4181/5483/378 4179/5480/378
f 4206/5484/378 4184/5440/378 4160/5443/378 4182/5485/378
f 4142/5486/384 4094/5487/384 4195/5078/384 4171/5077/384
f 4122/5488/385 4156/5489/385 4181/5490/385 4205/5491/385
f 4130/5492/386 4070/3305/386 4186/5487/386 4162/5486/386
f 4098/5493/387 4144/5494/387 4172/5495/387 4196/5496/387
f 4158/5497/388 4126/3735/388 4206/5279/388 4182/5278/388
f 4074/5498/389 4132/5499/389 4163/5500/389 4187/5501/389
f 4146/5502/390 4102/5503/390 4198/5504/390 4174/5505/390
f 4134/5506/391 4078/5507/391 4189/5508/391 4165/5509/391
f 4106/5510/392 4148/5401/392 4175/5301/392 4199/5300/392
f 4082/5511/393 4136/5512/393 4166/5513/393 4190/5514/393
f 4150/5515/394 4110/5516/394 4201/5517/394 4177/5518/394
